_nwb_path,subject_id,ecephys_session_id,recording_day,audit_scope,reward_block,block_order,n_trials,n_trials_with_valid_lick_vectors,n_trials_with_invalid_lick_vectors,n_trials_with_valid_response_event,n_trials_without_valid_response_event,n_trials_with_duplicate_lick_timestamps,n_trials_with_duplicate_response_window_licks,n_raw_lick_timestamps,n_unique_lick_timestamps,n_duplicate_lick_timestamps,n_raw_response_window_licks,n_unique_response_window_licks,n_duplicate_response_window_licks,n_response_window_licks,canonical_response_count_is_deduplicated,total_duplicate_count_consistent,response_window_duplicate_count_consistent,fraction_trials_with_duplicate_lick_timestamps,lick_timestamp_audit_status
https://dandiarchive.s3.amazonaws.com/blobs/585/411/5854110b-2b31-4bbf-881e-3280f7b87b95,604914,1173189336,EPHYS_2,session,all,0,798,798,0,262,536,255,255,2607,2351,256,624,368,256,368,true,true,true,0.31954887218045114,duplicates_reported
https://dandiarchive.s3.amazonaws.com/blobs/585/411/5854110b-2b31-4bbf-881e-3280f7b87b95,604914,1173189336,EPHYS_2,session_block,engaged_1,1,293,293,0,22,271,21,21,779,758,21,63,42,21,42,true,true,true,0.07167235494880546,duplicates_reported
https://dandiarchive.s3.amazonaws.com/blobs/585/411/5854110b-2b31-4bbf-881e-3280f7b87b95,604914,1173189336,EPHYS_2,session_block,no_reward,2,157,157,0,156,1,154,154,571,416,155,347,192,155,192,true,true,true,0.9808917197452229,duplicates_reported
https://dandiarchive.s3.amazonaws.com/blobs/585/411/5854110b-2b31-4bbf-881e-3280f7b87b95,604914,1173189336,EPHYS_2,session_block,engaged_2,3,348,348,0,84,264,80,80,1257,1177,80,214,134,80,134,true,true,true,0.22988505747126436,duplicates_reported
https://dandiarchive.s3.amazonaws.com/blobs/e5f/59c/e5f59ceb-77c6-417f-a55e-4574c0d390ba,604914,1173741216,EPHYS_4,session,all,0,487,487,0,387,100,0,0,535,535,0,55,55,0,55,true,true,true,0.0,pass
https://dandiarchive.s3.amazonaws.com/blobs/e5f/59c/e5f59ceb-77c6-417f-a55e-4574c0d390ba,604914,1173741216,EPHYS_4,session_block,engaged_1,1,160,160,0,67,93,0,0,440,440,0,43,43,0,43,true,true,true,0.0,pass
https://dandiarchive.s3.amazonaws.com/blobs/e5f/59c/e5f59ceb-77c6-417f-a55e-4574c0d390ba,604914,1173741216,EPHYS_4,session_block,no_reward,2,161,161,0,161,0,0,0,74,74,0,11,11,0,11,true,true,true,0.0,pass
https://dandiarchive.s3.amazonaws.com/blobs/e5f/59c/e5f59ceb-77c6-417f-a55e-4574c0d390ba,604914,1173741216,EPHYS_4,session_block,engaged_2,3,166,166,0,159,7,0,0,21,21,0,1,1,0,1,true,true,true,0.0,pass
https://dandiarchive.s3.amazonaws.com/blobs/324/6c5/3246c508-0142-4e96-b1f4-13ab63ee636e,607660,1182628226,EPHYS_2,session,all,0,643,643,0,322,321,0,0,1171,1171,0,73,73,0,73,true,true,true,0.0,pass
https://dandiarchive.s3.amazonaws.com/blobs/324/6c5/3246c508-0142-4e96-b1f4-13ab63ee636e,607660,1182628226,EPHYS_2,session_block,engaged_1,1,205,205,0,50,155,0,0,393,393,0,41,41,0,41,true,true,true,0.0,pass
https://dandiarchive.s3.amazonaws.com/blobs/324/6c5/3246c508-0142-4e96-b1f4-13ab63ee636e,607660,1182628226,EPHYS_2,session_block,no_reward,2,157,157,0,157,0,0,0,172,172,0,8,8,0,8,true,true,true,0.0,pass
https://dandiarchive.s3.amazonaws.com/blobs/324/6c5/3246c508-0142-4e96-b1f4-13ab63ee636e,607660,1182628226,EPHYS_2,session_block,engaged_2,3,281,281,0,115,166,0,0,606,606,0,24,24,0,24,true,true,true,0.0,pass
https://dandiarchive.s3.amazonaws.com/blobs/c1b/70d/c1b70d41-1214-4afd-9fcc-b1a3b128c5d6,607660,1182427414,EPHYS_1,session,all,0,612,612,0,336,276,0,0,989,989,0,60,60,0,60,true,true,true,0.0,pass
https://dandiarchive.s3.amazonaws.com/blobs/c1b/70d/c1b70d41-1214-4afd-9fcc-b1a3b128c5d6,607660,1182427414,EPHYS_1,session_block,engaged_1,1,172,172,0,64,108,0,0,399,399,0,25,25,0,25,true,true,true,0.0,pass
https://dandiarchive.s3.amazonaws.com/blobs/c1b/70d/c1b70d41-1214-4afd-9fcc-b1a3b128c5d6,607660,1182427414,EPHYS_1,session_block,no_reward,2,159,159,0,159,0,0,0,332,332,0,29,29,0,29,true,true,true,0.0,pass
https://dandiarchive.s3.amazonaws.com/blobs/c1b/70d/c1b70d41-1214-4afd-9fcc-b1a3b128c5d6,607660,1182427414,EPHYS_1,session_block,engaged_2,3,281,281,0,113,168,0,0,258,258,0,6,6,0,6,true,true,true,0.0,pass
https://dandiarchive.s3.amazonaws.com/blobs/d01/275/d012752e-19c8-4ea9-bba6-59bf0983cff5,607660,1183071525,EPHYS_4,session,all,0,645,645,0,282,363,0,0,1261,1261,0,123,123,0,123,true,true,true,0.0,pass
https://dandiarchive.s3.amazonaws.com/blobs/d01/275/d012752e-19c8-4ea9-bba6-59bf0983cff5,607660,1183071525,EPHYS_4,session_block,engaged_1,1,205,205,0,37,168,0,0,496,496,0,40,40,0,40,true,true,true,0.0,pass
https://dandiarchive.s3.amazonaws.com/blobs/d01/275/d012752e-19c8-4ea9-bba6-59bf0983cff5,607660,1183071525,EPHYS_4,session_block,no_reward,2,156,156,0,156,0,0,0,212,212,0,42,42,0,42,true,true,true,0.0,pass
https://dandiarchive.s3.amazonaws.com/blobs/d01/275/d012752e-19c8-4ea9-bba6-59bf0983cff5,607660,1183071525,EPHYS_4,session_block,engaged_2,3,284,284,0,89,195,0,0,553,553,0,41,41,0,41,true,true,true,0.0,pass
https://dandiarchive.s3.amazonaws.com/blobs/f23/541/f2354121-247a-43f9-a28f-6b8b8c4570d4,607660,1182871514,EPHYS_3,session,all,0,645,645,0,300,345,0,0,1461,1461,0,162,162,0,162,true,true,true,0.0,pass
https://dandiarchive.s3.amazonaws.com/blobs/f23/541/f2354121-247a-43f9-a28f-6b8b8c4570d4,607660,1182871514,EPHYS_3,session_block,engaged_1,1,195,195,0,48,147,0,0,536,536,0,50,50,0,50,true,true,true,0.0,pass
https://dandiarchive.s3.amazonaws.com/blobs/f23/541/f2354121-247a-43f9-a28f-6b8b8c4570d4,607660,1182871514,EPHYS_3,session_block,no_reward,2,160,160,0,160,0,0,0,225,225,0,43,43,0,43,true,true,true,0.0,pass
https://dandiarchive.s3.amazonaws.com/blobs/f23/541/f2354121-247a-43f9-a28f-6b8b8c4570d4,607660,1182871514,EPHYS_3,session_block,engaged_2,3,290,290,0,92,198,0,0,700,700,0,69,69,0,69,true,true,true,0.0,pass
https://dandiarchive.s3.amazonaws.com/blobs/2b8/c4a/2b8c4a9d-2e57-4a8d-a9dd-3aa56cf82732,608671,1177900858,EPHYS_1,session,all,0,468,468,0,384,84,0,0,616,616,0,89,89,0,89,true,true,true,0.0,pass
https://dandiarchive.s3.amazonaws.com/blobs/2b8/c4a/2b8c4a9d-2e57-4a8d-a9dd-3aa56cf82732,608671,1177900858,EPHYS_1,session_block,engaged_1,1,144,144,0,67,77,0,0,492,492,0,72,72,0,72,true,true,true,0.0,pass
https://dandiarchive.s3.amazonaws.com/blobs/2b8/c4a/2b8c4a9d-2e57-4a8d-a9dd-3aa56cf82732,608671,1177900858,EPHYS_1,session_block,no_reward,2,157,157,0,157,0,0,0,93,93,0,16,16,0,16,true,true,true,0.0,pass
https://dandiarchive.s3.amazonaws.com/blobs/2b8/c4a/2b8c4a9d-2e57-4a8d-a9dd-3aa56cf82732,608671,1177900858,EPHYS_1,session_block,engaged_2,3,167,167,0,160,7,0,0,31,31,0,1,1,0,1,true,true,true,0.0,pass
https://dandiarchive.s3.amazonaws.com/blobs/e4f/a5f/e4fa5f32-279b-40b0-a324-b0d14d1c4cdc,608671,1178460518,EPHYS_3,session,all,0,553,553,0,327,226,0,0,1142,1142,0,163,163,0,163,true,true,true,0.0,pass
https://dandiarchive.s3.amazonaws.com/blobs/e4f/a5f/e4fa5f32-279b-40b0-a324-b0d14d1c4cdc,608671,1178460518,EPHYS_3,session_block,engaged_1,1,148,148,0,58,90,0,0,426,426,0,52,52,0,52,true,true,true,0.0,pass
https://dandiarchive.s3.amazonaws.com/blobs/e4f/a5f/e4fa5f32-279b-40b0-a324-b0d14d1c4cdc,608671,1178460518,EPHYS_3,session_block,no_reward,2,155,155,0,155,0,0,0,13,13,0,3,3,0,3,true,true,true,0.0,pass
https://dandiarchive.s3.amazonaws.com/blobs/e4f/a5f/e4fa5f32-279b-40b0-a324-b0d14d1c4cdc,608671,1178460518,EPHYS_3,session_block,engaged_2,3,250,250,0,114,136,0,0,703,703,0,108,108,0,108,true,true,true,0.0,pass
https://dandiarchive.s3.amazonaws.com/blobs/f8f/a8d/f8fa8d9d-b477-4570-875d-852aa7c507d4,608671,1178693650,EPHYS_4,session,all,0,639,639,0,315,324,0,0,1556,1556,0,99,99,0,99,true,true,true,0.0,pass
https://dandiarchive.s3.amazonaws.com/blobs/f8f/a8d/f8fa8d9d-b477-4570-875d-852aa7c507d4,608671,1178693650,EPHYS_4,session_block,engaged_1,1,207,207,0,46,161,0,0,580,580,0,37,37,0,37,true,true,true,0.0,pass
https://dandiarchive.s3.amazonaws.com/blobs/f8f/a8d/f8fa8d9d-b477-4570-875d-852aa7c507d4,608671,1178693650,EPHYS_4,session_block,no_reward,2,157,157,0,157,0,0,0,245,245,0,21,21,0,21,true,true,true,0.0,pass
https://dandiarchive.s3.amazonaws.com/blobs/f8f/a8d/f8fa8d9d-b477-4570-875d-852aa7c507d4,608671,1178693650,EPHYS_4,session_block,engaged_2,3,275,275,0,112,163,0,0,731,731,0,41,41,0,41,true,true,true,0.0,pass
https://dandiarchive.s3.amazonaws.com/blobs/fe8/82f/fe882f8d-cadd-49b7-a088-3f7605d8b083,608671,1178173272,EPHYS_2,session,all,0,491,491,0,369,122,0,0,670,670,0,99,99,0,99,true,true,true,0.0,pass
https://dandiarchive.s3.amazonaws.com/blobs/fe8/82f/fe882f8d-cadd-49b7-a088-3f7605d8b083,608671,1178173272,EPHYS_2,session_block,engaged_1,1,146,146,0,70,76,0,0,434,434,0,69,69,0,69,true,true,true,0.0,pass
https://dandiarchive.s3.amazonaws.com/blobs/fe8/82f/fe882f8d-cadd-49b7-a088-3f7605d8b083,608671,1178173272,EPHYS_2,session_block,no_reward,2,155,155,0,155,0,0,0,3,3,0,1,1,0,1,true,true,true,0.0,pass
https://dandiarchive.s3.amazonaws.com/blobs/fe8/82f/fe882f8d-cadd-49b7-a088-3f7605d8b083,608671,1178173272,EPHYS_2,session_block,engaged_2,3,190,190,0,144,46,0,0,233,233,0,29,29,0,29,true,true,true,0.0,pass
https://dandiarchive.s3.amazonaws.com/blobs/0ab/b29/0abb2952-5419-4c3b-b848-d58b590e49b5,608672,1174790219,EPHYS_2,session,all,0,654,654,0,297,357,0,0,1794,1794,0,225,225,0,225,true,true,true,0.0,pass
https://dandiarchive.s3.amazonaws.com/blobs/0ab/b29/0abb2952-5419-4c3b-b848-d58b590e49b5,608672,1174790219,EPHYS_2,session_block,engaged_1,1,185,185,0,51,134,0,0,555,555,0,73,73,0,73,true,true,true,0.0,pass
https://dandiarchive.s3.amazonaws.com/blobs/0ab/b29/0abb2952-5419-4c3b-b848-d58b590e49b5,608672,1174790219,EPHYS_2,session_block,no_reward,2,151,151,0,151,0,0,0,141,141,0,41,41,0,41,true,true,true,0.0,pass
https://dandiarchive.s3.amazonaws.com/blobs/0ab/b29/0abb2952-5419-4c3b-b848-d58b590e49b5,608672,1174790219,EPHYS_2,session_block,engaged_2,3,318,318,0,95,223,0,0,1098,1098,0,111,111,0,111,true,true,true,0.0,pass
https://dandiarchive.s3.amazonaws.com/blobs/45e/b63/45eb632e-a7df-4d91-b0ea-ab8ff3512409,608672,1175253205,EPHYS_4,session,all,0,638,638,0,291,347,0,0,1733,1733,0,186,186,0,186,true,true,true,0.0,pass
https://dandiarchive.s3.amazonaws.com/blobs/45e/b63/45eb632e-a7df-4d91-b0ea-ab8ff3512409,608672,1175253205,EPHYS_4,session_block,engaged_1,1,203,203,0,37,166,0,0,588,588,0,48,48,0,48,true,true,true,0.0,pass
https://dandiarchive.s3.amazonaws.com/blobs/45e/b63/45eb632e-a7df-4d91-b0ea-ab8ff3512409,608672,1175253205,EPHYS_4,session_block,no_reward,2,157,157,0,157,0,0,0,247,247,0,43,43,0,43,true,true,true,0.0,pass
https://dandiarchive.s3.amazonaws.com/blobs/45e/b63/45eb632e-a7df-4d91-b0ea-ab8ff3512409,608672,1175253205,EPHYS_4,session_block,engaged_2,3,278,278,0,97,181,0,0,898,898,0,95,95,0,95,true,true,true,0.0,pass
https://dandiarchive.s3.amazonaws.com/blobs/bee/4c8/bee4c859-5d34-4bb8-aff9-c839f7465d57,608672,1174553025,EPHYS_1,session,all,0,571,571,0,361,210,0,0,1140,1140,0,145,145,0,145,true,true,true,0.0,pass
https://dandiarchive.s3.amazonaws.com/blobs/bee/4c8/bee4c859-5d34-4bb8-aff9-c839f7465d57,608672,1174553025,EPHYS_1,session_block,engaged_1,1,162,162,0,63,99,0,0,616,616,0,90,90,0,90,true,true,true,0.0,pass
https://dandiarchive.s3.amazonaws.com/blobs/bee/4c8/bee4c859-5d34-4bb8-aff9-c839f7465d57,608672,1174553025,EPHYS_1,session_block,no_reward,2,160,160,0,160,0,0,0,223,223,0,50,50,0,50,true,true,true,0.0,pass
https://dandiarchive.s3.amazonaws.com/blobs/bee/4c8/bee4c859-5d34-4bb8-aff9-c839f7465d57,608672,1174553025,EPHYS_1,session_block,engaged_2,3,249,249,0,138,111,0,0,301,301,0,5,5,0,5,true,true,true,0.0,pass
https://dandiarchive.s3.amazonaws.com/blobs/ecf/4b0/ecf4b0b7-074f-487d-974c-a5188c39f67e,608672,1175067685,EPHYS_3,session,all,0,565,565,0,334,231,0,0,1047,1047,0,123,123,0,123,true,true,true,0.0,pass
https://dandiarchive.s3.amazonaws.com/blobs/ecf/4b0/ecf4b0b7-074f-487d-974c-a5188c39f67e,608672,1175067685,EPHYS_3,session_block,engaged_1,1,206,206,0,45,161,0,0,631,631,0,77,77,0,77,true,true,true,0.0,pass
https://dandiarchive.s3.amazonaws.com/blobs/ecf/4b0/ecf4b0b7-074f-487d-974c-a5188c39f67e,608672,1175067685,EPHYS_3,session_block,no_reward,2,156,156,0,156,0,0,0,198,198,0,31,31,0,31,true,true,true,0.0,pass
https://dandiarchive.s3.amazonaws.com/blobs/ecf/4b0/ecf4b0b7-074f-487d-974c-a5188c39f67e,608672,1175067685,EPHYS_3,session_block,engaged_2,3,203,203,0,133,70,0,0,218,218,0,15,15,0,15,true,true,true,0.0,pass
https://dandiarchive.s3.amazonaws.com/blobs/0e3/8be/0e38be1e-c081-4521-86c7-d316a3aa6a09,611160,1176580734,EPHYS_2,session,all,0,600,600,0,317,283,0,0,1260,1260,0,175,175,0,175,true,true,true,0.0,pass
https://dandiarchive.s3.amazonaws.com/blobs/0e3/8be/0e38be1e-c081-4521-86c7-d316a3aa6a09,611160,1176580734,EPHYS_2,session_block,engaged_1,1,174,174,0,47,127,0,0,535,535,0,70,70,0,70,true,true,true,0.0,pass
https://dandiarchive.s3.amazonaws.com/blobs/0e3/8be/0e38be1e-c081-4521-86c7-d316a3aa6a09,611160,1176580734,EPHYS_2,session_block,no_reward,2,162,162,0,162,0,0,0,68,68,0,21,21,0,21,true,true,true,0.0,pass
https://dandiarchive.s3.amazonaws.com/blobs/0e3/8be/0e38be1e-c081-4521-86c7-d316a3aa6a09,611160,1176580734,EPHYS_2,session_block,engaged_2,3,264,264,0,108,156,0,0,657,657,0,84,84,0,84,true,true,true,0.0,pass
https://dandiarchive.s3.amazonaws.com/blobs/31a/05e/31a05e05-48b4-4889-a8b3-8dffcdc8ef89,611160,1176989662,EPHYS_4,session,all,0,560,560,0,338,222,0,0,1169,1169,0,184,184,0,184,true,true,true,0.0,pass
https://dandiarchive.s3.amazonaws.com/blobs/31a/05e/31a05e05-48b4-4889-a8b3-8dffcdc8ef89,611160,1176989662,EPHYS_4,session_block,engaged_1,1,186,186,0,47,139,0,0,524,524,0,71,71,0,71,true,true,true,0.0,pass
https://dandiarchive.s3.amazonaws.com/blobs/31a/05e/31a05e05-48b4-4889-a8b3-8dffcdc8ef89,611160,1176989662,EPHYS_4,session_block,no_reward,2,159,159,0,159,0,0,0,167,167,0,34,34,0,34,true,true,true,0.0,pass
https://dandiarchive.s3.amazonaws.com/blobs/31a/05e/31a05e05-48b4-4889-a8b3-8dffcdc8ef89,611160,1176989662,EPHYS_4,session_block,engaged_2,3,215,215,0,132,83,0,0,478,478,0,79,79,0,79,true,true,true,0.0,pass
https://dandiarchive.s3.amazonaws.com/blobs/8a2/759/8a27595e-a223-4dec-9fcd-0f886050fa7d,611160,1176791184,EPHYS_3,session,all,0,581,581,0,322,259,0,0,1335,1335,0,221,221,0,221,true,true,true,0.0,pass
https://dandiarchive.s3.amazonaws.com/blobs/8a2/759/8a27595e-a223-4dec-9fcd-0f886050fa7d,611160,1176791184,EPHYS_3,session_block,engaged_1,1,195,195,0,42,153,0,0,590,590,0,58,58,0,58,true,true,true,0.0,pass
https://dandiarchive.s3.amazonaws.com/blobs/8a2/759/8a27595e-a223-4dec-9fcd-0f886050fa7d,611160,1176791184,EPHYS_3,session_block,no_reward,2,158,158,0,158,0,0,0,216,216,0,55,55,0,55,true,true,true,0.0,pass
https://dandiarchive.s3.amazonaws.com/blobs/8a2/759/8a27595e-a223-4dec-9fcd-0f886050fa7d,611160,1176791184,EPHYS_3,session_block,engaged_2,3,228,228,0,122,106,0,0,529,529,0,108,108,0,108,true,true,true,0.0,pass
https://dandiarchive.s3.amazonaws.com/blobs/6a7/f05/6a7f05a7-12dd-44cc-8d40-59fa08937b0e,611166,1189820015,EPHYS_2,session,all,0,629,629,0,293,336,0,0,1194,1194,0,69,69,0,69,true,true,true,0.0,pass
https://dandiarchive.s3.amazonaws.com/blobs/6a7/f05/6a7f05a7-12dd-44cc-8d40-59fa08937b0e,611166,1189820015,EPHYS_2,session_block,engaged_1,1,203,203,0,37,166,0,0,499,499,0,23,23,0,23,true,true,true,0.0,pass
https://dandiarchive.s3.amazonaws.com/blobs/6a7/f05/6a7f05a7-12dd-44cc-8d40-59fa08937b0e,611166,1189820015,EPHYS_2,session_block,no_reward,2,155,155,0,155,0,0,0,247,247,0,21,21,0,21,true,true,true,0.0,pass
https://dandiarchive.s3.amazonaws.com/blobs/6a7/f05/6a7f05a7-12dd-44cc-8d40-59fa08937b0e,611166,1189820015,EPHYS_2,session_block,engaged_2,3,271,271,0,101,170,0,0,448,448,0,25,25,0,25,true,true,true,0.0,pass
https://dandiarchive.s3.amazonaws.com/blobs/718/75c/71875c87-1585-49ee-b80f-26210d975e15,611166,1190290940,EPHYS_4,session,all,0,563,563,0,318,245,0,0,1130,1130,0,137,137,0,137,true,true,true,0.0,pass
https://dandiarchive.s3.amazonaws.com/blobs/718/75c/71875c87-1585-49ee-b80f-26210d975e15,611166,1190290940,EPHYS_4,session_block,engaged_1,1,171,171,0,50,121,0,0,452,452,0,51,51,0,51,true,true,true,0.0,pass
https://dandiarchive.s3.amazonaws.com/blobs/718/75c/71875c87-1585-49ee-b80f-26210d975e15,611166,1190290940,EPHYS_4,session_block,no_reward,2,158,158,0,158,0,0,0,142,142,0,37,37,0,37,true,true,true,0.0,pass
https://dandiarchive.s3.amazonaws.com/blobs/718/75c/71875c87-1585-49ee-b80f-26210d975e15,611166,1190290940,EPHYS_4,session_block,engaged_2,3,234,234,0,110,124,0,0,536,536,0,49,49,0,49,true,true,true,0.0,pass
https://dandiarchive.s3.amazonaws.com/blobs/861/4d2/8614d263-cbc7-4fbd-bc00-69a8b1b927e5,611166,1189336645,EPHYS_1,session,all,0,540,540,0,354,186,0,0,778,778,0,48,48,0,48,true,true,true,0.0,pass
https://dandiarchive.s3.amazonaws.com/blobs/861/4d2/8614d263-cbc7-4fbd-bc00-69a8b1b927e5,611166,1189336645,EPHYS_1,session_block,engaged_1,1,187,187,0,52,135,0,0,445,445,0,26,26,0,26,true,true,true,0.0,pass
https://dandiarchive.s3.amazonaws.com/blobs/861/4d2/8614d263-cbc7-4fbd-bc00-69a8b1b927e5,611166,1189336645,EPHYS_1,session_block,no_reward,2,156,156,0,156,0,0,0,185,185,0,22,22,0,22,true,true,true,0.0,pass
https://dandiarchive.s3.amazonaws.com/blobs/861/4d2/8614d263-cbc7-4fbd-bc00-69a8b1b927e5,611166,1189336645,EPHYS_1,session_block,engaged_2,3,197,197,0,146,51,0,0,148,148,0,0,0,0,0,true,true,true,0.0,pass
https://dandiarchive.s3.amazonaws.com/blobs/b7c/991/b7c991b8-a603-458b-8e4b-8b721669fecd,611166,1190094328,EPHYS_3,session,all,0,629,629,0,292,337,0,0,1323,1323,0,100,100,0,100,true,true,true,0.0,pass
https://dandiarchive.s3.amazonaws.com/blobs/b7c/991/b7c991b8-a603-458b-8e4b-8b721669fecd,611166,1190094328,EPHYS_3,session_block,engaged_1,1,168,168,0,53,115,0,0,392,392,0,17,17,0,17,true,true,true,0.0,pass
https://dandiarchive.s3.amazonaws.com/blobs/b7c/991/b7c991b8-a603-458b-8e4b-8b721669fecd,611166,1190094328,EPHYS_3,session_block,no_reward,2,154,154,0,154,0,0,0,194,194,0,37,37,0,37,true,true,true,0.0,pass
https://dandiarchive.s3.amazonaws.com/blobs/b7c/991/b7c991b8-a603-458b-8e4b-8b721669fecd,611166,1190094328,EPHYS_3,session_block,engaged_2,3,307,307,0,85,222,0,0,737,737,0,46,46,0,46,true,true,true,0.0,pass
https://dandiarchive.s3.amazonaws.com/blobs/755/a0b/755a0bb5-97d8-4679-a2d6-1be3366d9cff,612090,1180107381,EPHYS_3,session,all,0,591,591,0,323,268,0,0,1704,1704,0,201,201,0,201,true,true,true,0.0,pass
https://dandiarchive.s3.amazonaws.com/blobs/755/a0b/755a0bb5-97d8-4679-a2d6-1be3366d9cff,612090,1180107381,EPHYS_3,session_block,engaged_1,1,157,157,0,61,96,0,0,469,469,0,56,56,0,56,true,true,true,0.0,pass
https://dandiarchive.s3.amazonaws.com/blobs/755/a0b/755a0bb5-97d8-4679-a2d6-1be3366d9cff,612090,1180107381,EPHYS_3,session_block,no_reward,2,154,154,0,154,0,0,0,350,350,0,58,58,0,58,true,true,true,0.0,pass
https://dandiarchive.s3.amazonaws.com/blobs/755/a0b/755a0bb5-97d8-4679-a2d6-1be3366d9cff,612090,1180107381,EPHYS_3,session_block,engaged_2,3,280,280,0,108,172,0,0,885,885,0,87,87,0,87,true,true,true,0.0,pass
https://dandiarchive.s3.amazonaws.com/blobs/805/c33/805c3334-a4f4-4386-90fd-c7b064a28be8,612090,1179670730,EPHYS_1,session,all,0,598,598,0,332,266,0,0,2283,2283,0,266,266,0,266,true,true,true,0.0,pass
https://dandiarchive.s3.amazonaws.com/blobs/805/c33/805c3334-a4f4-4386-90fd-c7b064a28be8,612090,1179670730,EPHYS_1,session_block,engaged_1,1,207,207,0,45,162,0,0,659,659,0,57,57,0,57,true,true,true,0.0,pass
https://dandiarchive.s3.amazonaws.com/blobs/805/c33/805c3334-a4f4-4386-90fd-c7b064a28be8,612090,1179670730,EPHYS_1,session_block,no_reward,2,156,156,0,156,0,0,0,587,587,0,59,59,0,59,true,true,true,0.0,pass
https://dandiarchive.s3.amazonaws.com/blobs/805/c33/805c3334-a4f4-4386-90fd-c7b064a28be8,612090,1179670730,EPHYS_1,session_block,engaged_2,3,235,235,0,131,104,0,0,1037,1037,0,150,150,0,150,true,true,true,0.0,pass
https://dandiarchive.s3.amazonaws.com/blobs/e4a/849/e4a84972-c995-4591-b870-4171b092406b,612090,1180266229,EPHYS_4,session,all,0,516,516,0,357,159,0,0,1381,1381,0,158,158,0,158,true,true,true,0.0,pass
https://dandiarchive.s3.amazonaws.com/blobs/e4a/849/e4a84972-c995-4591-b870-4171b092406b,612090,1180266229,EPHYS_4,session_block,engaged_1,1,125,125,0,76,49,0,0,405,405,0,46,46,0,46,true,true,true,0.0,pass
https://dandiarchive.s3.amazonaws.com/blobs/e4a/849/e4a84972-c995-4591-b870-4171b092406b,612090,1180266229,EPHYS_4,session_block,no_reward,2,158,158,0,158,0,0,0,135,135,0,27,27,0,27,true,true,true,0.0,pass
https://dandiarchive.s3.amazonaws.com/blobs/e4a/849/e4a84972-c995-4591-b870-4171b092406b,612090,1180266229,EPHYS_4,session_block,engaged_2,3,233,233,0,123,110,0,0,841,841,0,85,85,0,85,true,true,true,0.0,pass
https://dandiarchive.s3.amazonaws.com/blobs/ecf/ff1/ecfff12c-b251-430f-9c0d-05025ad77f11,612090,1179911454,EPHYS_2,session,all,0,501,501,0,369,132,0,0,1594,1594,0,161,161,0,161,true,true,true,0.0,pass
https://dandiarchive.s3.amazonaws.com/blobs/ecf/ff1/ecfff12c-b251-430f-9c0d-05025ad77f11,612090,1179911454,EPHYS_2,session_block,engaged_1,1,141,141,0,68,73,0,0,491,491,0,46,46,0,46,true,true,true,0.0,pass
https://dandiarchive.s3.amazonaws.com/blobs/ecf/ff1/ecfff12c-b251-430f-9c0d-05025ad77f11,612090,1179911454,EPHYS_2,session_block,no_reward,2,160,160,0,160,0,0,0,199,199,0,26,26,0,26,true,true,true,0.0,pass
https://dandiarchive.s3.amazonaws.com/blobs/ecf/ff1/ecfff12c-b251-430f-9c0d-05025ad77f11,612090,1179911454,EPHYS_2,session_block,engaged_2,3,200,200,0,141,59,0,0,904,904,0,89,89,0,89,true,true,true,0.0,pass
https://dandiarchive.s3.amazonaws.com/blobs/c78/ef5/c78ef53f-16de-4f5e-8235-afe87a226203,614547,1181731440,EPHYS_4,session,all,0,612,612,0,292,320,0,0,1460,1460,0,277,277,0,277,true,true,true,0.0,pass
https://dandiarchive.s3.amazonaws.com/blobs/c78/ef5/c78ef53f-16de-4f5e-8235-afe87a226203,614547,1181731440,EPHYS_4,session_block,engaged_1,1,153,153,0,54,99,0,0,412,412,0,82,82,0,82,true,true,true,0.0,pass
https://dandiarchive.s3.amazonaws.com/blobs/c78/ef5/c78ef53f-16de-4f5e-8235-afe87a226203,614547,1181731440,EPHYS_4,session_block,no_reward,2,159,159,0,159,0,0,0,214,214,0,76,76,0,76,true,true,true,0.0,pass
https://dandiarchive.s3.amazonaws.com/blobs/c78/ef5/c78ef53f-16de-4f5e-8235-afe87a226203,614547,1181731440,EPHYS_4,session_block,engaged_2,3,300,300,0,79,221,0,0,834,834,0,119,119,0,119,true,true,true,0.0,pass
https://dandiarchive.s3.amazonaws.com/blobs/e00/438/e0043830-9418-4875-88b6-c0b5aefca5ae,614547,1181096406,EPHYS_1,session,all,0,639,639,0,313,326,0,0,1817,1817,0,297,297,0,297,true,true,true,0.0,pass
https://dandiarchive.s3.amazonaws.com/blobs/e00/438/e0043830-9418-4875-88b6-c0b5aefca5ae,614547,1181096406,EPHYS_1,session_block,engaged_1,1,224,224,0,41,183,0,0,576,576,0,60,60,0,60,true,true,true,0.0,pass
https://dandiarchive.s3.amazonaws.com/blobs/e00/438/e0043830-9418-4875-88b6-c0b5aefca5ae,614547,1181096406,EPHYS_1,session_block,no_reward,2,156,156,0,156,0,0,0,417,417,0,72,72,0,72,true,true,true,0.0,pass
https://dandiarchive.s3.amazonaws.com/blobs/e00/438/e0043830-9418-4875-88b6-c0b5aefca5ae,614547,1181096406,EPHYS_1,session_block,engaged_2,3,259,259,0,116,143,0,0,824,824,0,165,165,0,165,true,true,true,0.0,pass
https://dandiarchive.s3.amazonaws.com/blobs/e52/a35/e52a35c1-68c0-4750-9822-c73be5911a37,614547,1181324124,EPHYS_2,session,all,0,682,682,0,305,377,0,0,2057,2057,0,291,291,0,291,true,true,true,0.0,pass
https://dandiarchive.s3.amazonaws.com/blobs/e52/a35/e52a35c1-68c0-4750-9822-c73be5911a37,614547,1181324124,EPHYS_2,session_block,engaged_1,1,183,183,0,43,140,0,0,461,461,0,59,59,0,59,true,true,true,0.0,pass
https://dandiarchive.s3.amazonaws.com/blobs/e52/a35/e52a35c1-68c0-4750-9822-c73be5911a37,614547,1181324124,EPHYS_2,session_block,no_reward,2,160,160,0,160,0,0,0,677,677,0,95,95,0,95,true,true,true,0.0,pass
https://dandiarchive.s3.amazonaws.com/blobs/e52/a35/e52a35c1-68c0-4750-9822-c73be5911a37,614547,1181324124,EPHYS_2,session_block,engaged_2,3,339,339,0,102,237,0,0,919,919,0,137,137,0,137,true,true,true,0.0,pass
https://dandiarchive.s3.amazonaws.com/blobs/0bd/fcc/0bdfccec-c7f5-413e-b52d-4ad1895672fa,614608,1187668018,EPHYS_2,session,all,0,516,516,0,356,160,0,0,1160,1160,0,159,159,0,159,true,true,true,0.0,pass
https://dandiarchive.s3.amazonaws.com/blobs/0bd/fcc/0bdfccec-c7f5-413e-b52d-4ad1895672fa,614608,1187668018,EPHYS_2,session_block,engaged_1,1,133,133,0,70,63,0,0,461,461,0,66,66,0,66,true,true,true,0.0,pass
https://dandiarchive.s3.amazonaws.com/blobs/0bd/fcc/0bdfccec-c7f5-413e-b52d-4ad1895672fa,614608,1187668018,EPHYS_2,session_block,no_reward,2,154,154,0,154,0,0,0,143,143,0,30,30,0,30,true,true,true,0.0,pass
https://dandiarchive.s3.amazonaws.com/blobs/0bd/fcc/0bdfccec-c7f5-413e-b52d-4ad1895672fa,614608,1187668018,EPHYS_2,session_block,engaged_2,3,229,229,0,132,97,0,0,556,556,0,63,63,0,63,true,true,true,0.0,pass
https://dandiarchive.s3.amazonaws.com/blobs/170/d5f/170d5fde-4cd2-400a-9e5e-40fbcb9b6985,614608,1188138256,EPHYS_4,session,all,0,515,515,0,361,154,0,0,836,836,0,170,170,0,170,true,true,true,0.0,pass
https://dandiarchive.s3.amazonaws.com/blobs/170/d5f/170d5fde-4cd2-400a-9e5e-40fbcb9b6985,614608,1188138256,EPHYS_4,session_block,engaged_1,1,153,153,0,64,89,0,0,412,412,0,53,53,0,53,true,true,true,0.0,pass
https://dandiarchive.s3.amazonaws.com/blobs/170/d5f/170d5fde-4cd2-400a-9e5e-40fbcb9b6985,614608,1188138256,EPHYS_4,session_block,no_reward,2,157,157,0,157,0,0,0,104,104,0,51,51,0,51,true,true,true,0.0,pass
https://dandiarchive.s3.amazonaws.com/blobs/170/d5f/170d5fde-4cd2-400a-9e5e-40fbcb9b6985,614608,1188138256,EPHYS_4,session_block,engaged_2,3,205,205,0,140,65,0,0,320,320,0,66,66,0,66,true,true,true,0.0,pass
https://dandiarchive.s3.amazonaws.com/blobs/68c/a06/68ca0674-2a8a-4931-8d5b-10a3edfb0cfa,614608,1187475832,EPHYS_1,session,all,0,542,542,0,330,212,0,0,1291,1291,0,177,177,0,177,true,true,true,0.0,pass
https://dandiarchive.s3.amazonaws.com/blobs/68c/a06/68ca0674-2a8a-4931-8d5b-10a3edfb0cfa,614608,1187475832,EPHYS_1,session_block,engaged_1,1,167,167,0,56,111,0,0,410,410,0,46,46,0,46,true,true,true,0.0,pass
https://dandiarchive.s3.amazonaws.com/blobs/68c/a06/68ca0674-2a8a-4931-8d5b-10a3edfb0cfa,614608,1187475832,EPHYS_1,session_block,no_reward,2,156,156,0,156,0,0,0,186,186,0,62,62,0,62,true,true,true,0.0,pass
https://dandiarchive.s3.amazonaws.com/blobs/68c/a06/68ca0674-2a8a-4931-8d5b-10a3edfb0cfa,614608,1187475832,EPHYS_1,session_block,engaged_2,3,219,219,0,118,101,0,0,695,695,0,69,69,0,69,true,true,true,0.0,pass
https://dandiarchive.s3.amazonaws.com/blobs/fd4/c49/fd4c4964-f02b-456e-af4d-b9407877d0de,614608,1187940755,EPHYS_3,session,all,0,550,550,0,335,215,0,0,1195,1195,0,169,169,0,169,true,true,true,0.0,pass
https://dandiarchive.s3.amazonaws.com/blobs/fd4/c49/fd4c4964-f02b-456e-af4d-b9407877d0de,614608,1187940755,EPHYS_3,session_block,engaged_1,1,137,137,0,69,68,0,0,410,410,0,48,48,0,48,true,true,true,0.0,pass
https://dandiarchive.s3.amazonaws.com/blobs/fd4/c49/fd4c4964-f02b-456e-af4d-b9407877d0de,614608,1187940755,EPHYS_3,session_block,no_reward,2,157,157,0,157,0,0,0,85,85,0,37,37,0,37,true,true,true,0.0,pass
https://dandiarchive.s3.amazonaws.com/blobs/fd4/c49/fd4c4964-f02b-456e-af4d-b9407877d0de,614608,1187940755,EPHYS_3,session_block,engaged_2,3,256,256,0,109,147,0,0,700,700,0,84,84,0,84,true,true,true,0.0,pass
https://dandiarchive.s3.amazonaws.com/blobs/333/44c/33344c82-0b1b-48ac-b5b1-ba6eac47f6e2,615047,1191375883,EPHYS_3,session,all,0,804,804,0,287,517,0,0,3561,3561,0,171,171,0,171,true,true,true,0.0,pass
https://dandiarchive.s3.amazonaws.com/blobs/333/44c/33344c82-0b1b-48ac-b5b1-ba6eac47f6e2,615047,1191375883,EPHYS_3,session_block,engaged_1,1,199,199,0,48,151,0,0,533,533,0,42,42,0,42,true,true,true,0.0,pass
https://dandiarchive.s3.amazonaws.com/blobs/333/44c/33344c82-0b1b-48ac-b5b1-ba6eac47f6e2,615047,1191375883,EPHYS_3,session_block,no_reward,2,154,154,0,153,1,0,0,1945,1945,0,121,121,0,121,true,true,true,0.0,pass
https://dandiarchive.s3.amazonaws.com/blobs/333/44c/33344c82-0b1b-48ac-b5b1-ba6eac47f6e2,615047,1191375883,EPHYS_3,session_block,engaged_2,3,451,451,0,86,365,0,0,1083,1083,0,8,8,0,8,true,true,true,0.0,pass
https://dandiarchive.s3.amazonaws.com/blobs/4d8/ee0/4d8ee03a-8ed6-46af-baef-48bcdc3bda86,615047,1190892228,EPHYS_1,session,all,0,513,513,0,342,171,0,0,1237,1237,0,147,147,0,147,true,true,true,0.0,pass
https://dandiarchive.s3.amazonaws.com/blobs/4d8/ee0/4d8ee03a-8ed6-46af-baef-48bcdc3bda86,615047,1190892228,EPHYS_1,session_block,engaged_1,1,132,132,0,65,67,0,0,402,402,0,40,40,0,40,true,true,true,0.0,pass
https://dandiarchive.s3.amazonaws.com/blobs/4d8/ee0/4d8ee03a-8ed6-46af-baef-48bcdc3bda86,615047,1190892228,EPHYS_1,session_block,no_reward,2,154,154,0,154,0,0,0,114,114,0,22,22,0,22,true,true,true,0.0,pass
https://dandiarchive.s3.amazonaws.com/blobs/4d8/ee0/4d8ee03a-8ed6-46af-baef-48bcdc3bda86,615047,1190892228,EPHYS_1,session_block,engaged_2,3,227,227,0,123,104,0,0,721,721,0,85,85,0,85,true,true,true,0.0,pass
https://dandiarchive.s3.amazonaws.com/blobs/9b5/21d/9b521df8-c80b-4305-b5f5-6830e47015dc,615047,1191631184,EPHYS_4,session,all,0,858,858,0,286,572,0,0,2247,2247,0,61,61,0,61,true,true,true,0.0,pass
https://dandiarchive.s3.amazonaws.com/blobs/9b5/21d/9b521df8-c80b-4305-b5f5-6830e47015dc,615047,1191631184,EPHYS_4,session_block,engaged_1,1,138,138,0,74,64,0,0,230,230,0,10,10,0,10,true,true,true,0.0,pass
https://dandiarchive.s3.amazonaws.com/blobs/9b5/21d/9b521df8-c80b-4305-b5f5-6830e47015dc,615047,1191631184,EPHYS_4,session_block,no_reward,2,151,151,0,151,0,0,0,206,206,0,34,34,0,34,true,true,true,0.0,pass
https://dandiarchive.s3.amazonaws.com/blobs/9b5/21d/9b521df8-c80b-4305-b5f5-6830e47015dc,615047,1191631184,EPHYS_4,session_block,engaged_2,3,569,569,0,61,508,0,0,1811,1811,0,17,17,0,17,true,true,true,0.0,pass
https://dandiarchive.s3.amazonaws.com/blobs/a25/64a/a2564a07-a0cb-4376-b229-bb8586440a65,615047,1191131853,EPHYS_2,session,all,0,508,508,0,361,147,0,0,970,970,0,119,119,0,119,true,true,true,0.0,pass
https://dandiarchive.s3.amazonaws.com/blobs/a25/64a/a2564a07-a0cb-4376-b229-bb8586440a65,615047,1191131853,EPHYS_2,session_block,engaged_1,1,133,133,0,71,62,0,0,261,261,0,21,21,0,21,true,true,true,0.0,pass
https://dandiarchive.s3.amazonaws.com/blobs/a25/64a/a2564a07-a0cb-4376-b229-bb8586440a65,615047,1191131853,EPHYS_2,session_block,no_reward,2,158,158,0,158,0,0,0,163,163,0,38,38,0,38,true,true,true,0.0,pass
https://dandiarchive.s3.amazonaws.com/blobs/a25/64a/a2564a07-a0cb-4376-b229-bb8586440a65,615047,1191131853,EPHYS_2,session_block,engaged_2,3,217,217,0,132,85,0,0,546,546,0,60,60,0,60,true,true,true,0.0,pass
https://dandiarchive.s3.amazonaws.com/blobs/75d/9d0/75d9d091-e7db-47d1-aac4-d41133e29393,615048,1197725774,EPHYS_2,session,all,0,675,675,0,338,337,0,0,1503,1503,0,119,119,0,119,true,true,true,0.0,pass
https://dandiarchive.s3.amazonaws.com/blobs/75d/9d0/75d9d091-e7db-47d1-aac4-d41133e29393,615048,1197725774,EPHYS_2,session_block,engaged_1,1,202,202,0,58,144,0,0,538,538,0,34,34,0,34,true,true,true,0.0,pass
https://dandiarchive.s3.amazonaws.com/blobs/75d/9d0/75d9d091-e7db-47d1-aac4-d41133e29393,615048,1197725774,EPHYS_2,session_block,no_reward,2,209,209,0,155,54,0,0,174,174,0,28,28,0,28,true,true,true,0.0,pass
https://dandiarchive.s3.amazonaws.com/blobs/75d/9d0/75d9d091-e7db-47d1-aac4-d41133e29393,615048,1197725774,EPHYS_2,session_block,engaged_2,3,264,264,0,125,139,0,0,791,791,0,57,57,0,57,true,true,true,0.0,pass
https://dandiarchive.s3.amazonaws.com/blobs/79f/491/79f49133-ebbc-4302-9892-e200c2fad8e2,615048,1198130743,EPHYS_4,session,all,0,600,600,0,364,236,0,0,1406,1406,0,93,93,0,93,true,true,true,0.0,pass
https://dandiarchive.s3.amazonaws.com/blobs/79f/491/79f49133-ebbc-4302-9892-e200c2fad8e2,615048,1198130743,EPHYS_4,session_block,engaged_1,1,146,146,0,79,67,0,0,525,525,0,38,38,0,38,true,true,true,0.0,pass
https://dandiarchive.s3.amazonaws.com/blobs/79f/491/79f49133-ebbc-4302-9892-e200c2fad8e2,615048,1198130743,EPHYS_4,session_block,no_reward,2,205,205,0,153,52,0,0,155,155,0,7,7,0,7,true,true,true,0.0,pass
https://dandiarchive.s3.amazonaws.com/blobs/79f/491/79f49133-ebbc-4302-9892-e200c2fad8e2,615048,1198130743,EPHYS_4,session_block,engaged_2,3,249,249,0,132,117,0,0,726,726,0,48,48,0,48,true,true,true,0.0,pass
https://dandiarchive.s3.amazonaws.com/blobs/cef/352/cef35297-7f3a-41ce-949d-59dd2a4c4bc1,615048,1197967151,EPHYS_3,session,all,0,599,599,0,361,238,0,0,1053,1053,0,66,66,0,66,true,true,true,0.0,pass
https://dandiarchive.s3.amazonaws.com/blobs/cef/352/cef35297-7f3a-41ce-949d-59dd2a4c4bc1,615048,1197967151,EPHYS_3,session_block,engaged_1,1,145,145,0,75,70,0,0,529,529,0,42,42,0,42,true,true,true,0.0,pass
https://dandiarchive.s3.amazonaws.com/blobs/cef/352/cef35297-7f3a-41ce-949d-59dd2a4c4bc1,615048,1197967151,EPHYS_3,session_block,no_reward,2,258,258,0,140,118,0,0,340,340,0,17,17,0,17,true,true,true,0.0,pass
https://dandiarchive.s3.amazonaws.com/blobs/cef/352/cef35297-7f3a-41ce-949d-59dd2a4c4bc1,615048,1197967151,EPHYS_3,session_block,engaged_2,3,196,196,0,146,50,0,0,184,184,0,7,7,0,7,true,true,true,0.0,pass
https://dandiarchive.s3.amazonaws.com/blobs/fe0/9ba/fe09ba54-89e9-4b73-bf95-5127c2ee2ad9,615048,1197514969,EPHYS_1,session,all,0,676,676,0,325,351,0,0,1713,1713,0,112,112,0,112,true,true,true,0.0,pass
https://dandiarchive.s3.amazonaws.com/blobs/fe0/9ba/fe09ba54-89e9-4b73-bf95-5127c2ee2ad9,615048,1197514969,EPHYS_1,session_block,engaged_1,1,170,170,0,62,108,0,0,479,479,0,22,22,0,22,true,true,true,0.0,pass
https://dandiarchive.s3.amazonaws.com/blobs/fe0/9ba/fe09ba54-89e9-4b73-bf95-5127c2ee2ad9,615048,1197514969,EPHYS_1,session_block,no_reward,2,244,244,0,139,105,0,0,308,308,0,24,24,0,24,true,true,true,0.0,pass
https://dandiarchive.s3.amazonaws.com/blobs/fe0/9ba/fe09ba54-89e9-4b73-bf95-5127c2ee2ad9,615048,1197514969,EPHYS_1,session_block,engaged_2,3,262,262,0,124,138,0,0,926,926,0,66,66,0,66,true,true,true,0.0,pass
https://dandiarchive.s3.amazonaws.com/blobs/ce1/184/ce11847a-19b5-4a16-a4f9-b904cc8aece6,615563,1194411467,EPHYS_1,session,all,0,677,677,0,325,352,0,0,2059,2059,0,210,210,0,210,true,true,true,0.0,pass
https://dandiarchive.s3.amazonaws.com/blobs/ce1/184/ce11847a-19b5-4a16-a4f9-b904cc8aece6,615563,1194411467,EPHYS_1,session_block,engaged_1,1,148,148,0,75,73,0,0,637,637,0,72,72,0,72,true,true,true,0.0,pass
https://dandiarchive.s3.amazonaws.com/blobs/ce1/184/ce11847a-19b5-4a16-a4f9-b904cc8aece6,615563,1194411467,EPHYS_1,session_block,no_reward,2,224,224,0,155,69,0,0,252,252,0,29,29,0,29,true,true,true,0.0,pass
https://dandiarchive.s3.amazonaws.com/blobs/ce1/184/ce11847a-19b5-4a16-a4f9-b904cc8aece6,615563,1194411467,EPHYS_1,session_block,engaged_2,3,305,305,0,95,210,0,0,1170,1170,0,109,109,0,109,true,true,true,0.0,pass
https://dandiarchive.s3.amazonaws.com/blobs/ce2/279/ce2279e0-4653-4528-b6a3-5dcf3b13bc5f,615563,1195036753,EPHYS_4,session,all,0,691,691,0,344,347,0,0,2082,2082,0,271,271,0,271,true,true,true,0.0,pass
https://dandiarchive.s3.amazonaws.com/blobs/ce2/279/ce2279e0-4653-4528-b6a3-5dcf3b13bc5f,615563,1195036753,EPHYS_4,session_block,engaged_1,1,150,150,0,85,65,0,0,593,593,0,83,83,0,83,true,true,true,0.0,pass
https://dandiarchive.s3.amazonaws.com/blobs/ce2/279/ce2279e0-4653-4528-b6a3-5dcf3b13bc5f,615563,1195036753,EPHYS_4,session_block,no_reward,2,251,251,0,143,108,0,0,364,364,0,50,50,0,50,true,true,true,0.0,pass
https://dandiarchive.s3.amazonaws.com/blobs/ce2/279/ce2279e0-4653-4528-b6a3-5dcf3b13bc5f,615563,1195036753,EPHYS_4,session_block,engaged_2,3,290,290,0,116,174,0,0,1125,1125,0,138,138,0,138,true,true,true,0.0,pass
https://dandiarchive.s3.amazonaws.com/blobs/d53/5f5/d535f597-e428-4fbb-aa14-16ef4a07f81b,615563,1194850630,EPHYS_3,session,all,0,611,611,0,361,250,0,0,1612,1612,0,213,213,0,213,true,true,true,0.0,pass
https://dandiarchive.s3.amazonaws.com/blobs/d53/5f5/d535f597-e428-4fbb-aa14-16ef4a07f81b,615563,1194850630,EPHYS_3,session_block,engaged_1,1,167,167,0,68,99,0,0,614,614,0,72,72,0,72,true,true,true,0.0,pass
https://dandiarchive.s3.amazonaws.com/blobs/d53/5f5/d535f597-e428-4fbb-aa14-16ef4a07f81b,615563,1194850630,EPHYS_3,session_block,no_reward,2,195,195,0,159,36,0,0,136,136,0,24,24,0,24,true,true,true,0.0,pass
https://dandiarchive.s3.amazonaws.com/blobs/d53/5f5/d535f597-e428-4fbb-aa14-16ef4a07f81b,615563,1194850630,EPHYS_3,session_block,engaged_2,3,249,249,0,134,115,0,0,862,862,0,117,117,0,117,true,true,true,0.0,pass
https://dandiarchive.s3.amazonaws.com/blobs/050/7be/0507bec5-48af-4de6-8094-ccb38f901537,615564,1199249150,EPHYS_3,session,all,0,705,705,0,352,353,0,0,1805,1805,0,131,131,0,131,true,true,true,0.0,pass
https://dandiarchive.s3.amazonaws.com/blobs/050/7be/0507bec5-48af-4de6-8094-ccb38f901537,615564,1199249150,EPHYS_3,session_block,engaged_1,1,182,182,0,65,117,0,0,581,581,0,46,46,0,46,true,true,true,0.0,pass
https://dandiarchive.s3.amazonaws.com/blobs/050/7be/0507bec5-48af-4de6-8094-ccb38f901537,615564,1199249150,EPHYS_3,session_block,no_reward,2,221,221,0,153,68,0,0,223,223,0,16,16,0,16,true,true,true,0.0,pass
https://dandiarchive.s3.amazonaws.com/blobs/050/7be/0507bec5-48af-4de6-8094-ccb38f901537,615564,1199249150,EPHYS_3,session_block,engaged_2,3,302,302,0,134,168,0,0,1001,1001,0,69,69,0,69,true,true,true,0.0,pass
https://dandiarchive.s3.amazonaws.com/blobs/3ae/b2f/3aeb2f0d-c1c1-4b50-964b-61caffa07ee9,615564,1198796984,EPHYS_1,session,all,0,921,921,0,245,676,0,0,3228,3228,0,196,196,0,196,true,true,true,0.0,pass
https://dandiarchive.s3.amazonaws.com/blobs/3ae/b2f/3aeb2f0d-c1c1-4b50-964b-61caffa07ee9,615564,1198796984,EPHYS_1,session_block,engaged_1,1,171,171,0,58,113,0,0,803,803,0,71,71,0,71,true,true,true,0.0,pass
https://dandiarchive.s3.amazonaws.com/blobs/3ae/b2f/3aeb2f0d-c1c1-4b50-964b-61caffa07ee9,615564,1198796984,EPHYS_1,session_block,no_reward,2,423,423,0,104,319,0,0,1254,1254,0,34,34,0,34,true,true,true,0.0,pass
https://dandiarchive.s3.amazonaws.com/blobs/3ae/b2f/3aeb2f0d-c1c1-4b50-964b-61caffa07ee9,615564,1198796984,EPHYS_1,session_block,engaged_2,3,327,327,0,83,244,0,0,1171,1171,0,91,91,0,91,true,true,true,0.0,pass
https://dandiarchive.s3.amazonaws.com/blobs/635/68b/63568b8b-5957-4045-b90d-d75108909249,615564,1198995158,EPHYS_2,session,all,0,747,747,0,302,445,0,0,1783,1783,0,155,155,0,155,true,true,true,0.0,pass
https://dandiarchive.s3.amazonaws.com/blobs/635/68b/63568b8b-5957-4045-b90d-d75108909249,615564,1198995158,EPHYS_2,session_block,engaged_1,1,173,173,0,64,109,0,0,580,580,0,74,74,0,74,true,true,true,0.0,pass
https://dandiarchive.s3.amazonaws.com/blobs/635/68b/63568b8b-5957-4045-b90d-d75108909249,615564,1198995158,EPHYS_2,session_block,no_reward,2,319,319,0,115,204,0,0,595,595,0,23,23,0,23,true,true,true,0.0,pass
https://dandiarchive.s3.amazonaws.com/blobs/635/68b/63568b8b-5957-4045-b90d-d75108909249,615564,1198995158,EPHYS_2,session_block,engaged_2,3,255,255,0,123,132,0,0,608,608,0,58,58,0,58,true,true,true,0.0,pass
https://dandiarchive.s3.amazonaws.com/blobs/932/2b8/9322b892-db03-4e77-a1cd-e428cff1307b,615564,1199448636,EPHYS_4,session,all,0,903,903,0,284,619,0,0,2964,2964,0,162,162,0,162,true,true,true,0.0,pass
https://dandiarchive.s3.amazonaws.com/blobs/932/2b8/9322b892-db03-4e77-a1cd-e428cff1307b,615564,1199448636,EPHYS_4,session_block,engaged_1,1,166,166,0,82,84,0,0,599,599,0,54,54,0,54,true,true,true,0.0,pass
https://dandiarchive.s3.amazonaws.com/blobs/932/2b8/9322b892-db03-4e77-a1cd-e428cff1307b,615564,1199448636,EPHYS_4,session_block,no_reward,2,392,392,0,106,286,0,0,1210,1210,0,46,46,0,46,true,true,true,0.0,pass
https://dandiarchive.s3.amazonaws.com/blobs/932/2b8/9322b892-db03-4e77-a1cd-e428cff1307b,615564,1199448636,EPHYS_4,session_block,engaged_2,3,345,345,0,96,249,0,0,1155,1155,0,62,62,0,62,true,true,true,0.0,pass
https://dandiarchive.s3.amazonaws.com/blobs/404/f88/404f882a-02c3-400f-b4d6-61772802d386,623319,1208664393,EPHYS_3,session,all,0,755,755,0,281,474,0,0,1694,1694,0,226,226,0,226,true,true,true,0.0,pass
https://dandiarchive.s3.amazonaws.com/blobs/404/f88/404f882a-02c3-400f-b4d6-61772802d386,623319,1208664393,EPHYS_3,session_block,engaged_1,1,214,214,0,39,175,0,0,605,605,0,69,69,0,69,true,true,true,0.0,pass
https://dandiarchive.s3.amazonaws.com/blobs/404/f88/404f882a-02c3-400f-b4d6-61772802d386,623319,1208664393,EPHYS_3,session_block,no_reward,2,219,219,0,152,67,0,0,190,190,0,35,35,0,35,true,true,true,0.0,pass
https://dandiarchive.s3.amazonaws.com/blobs/404/f88/404f882a-02c3-400f-b4d6-61772802d386,623319,1208664393,EPHYS_3,session_block,engaged_2,3,322,322,0,90,232,0,0,899,899,0,122,122,0,122,true,true,true,0.0,pass
https://dandiarchive.s3.amazonaws.com/blobs/957/44e/95744e7f-8578-44a4-99fe-df9cdaf362fe,623319,1208053773,EPHYS_2,session,all,0,752,752,0,287,465,0,0,1782,1782,0,251,251,0,251,true,true,true,0.0,pass
https://dandiarchive.s3.amazonaws.com/blobs/957/44e/95744e7f-8578-44a4-99fe-df9cdaf362fe,623319,1208053773,EPHYS_2,session_block,engaged_1,1,201,201,0,49,152,0,0,659,659,0,79,79,0,79,true,true,true,0.0,pass
https://dandiarchive.s3.amazonaws.com/blobs/957/44e/95744e7f-8578-44a4-99fe-df9cdaf362fe,623319,1208053773,EPHYS_2,session_block,no_reward,2,218,218,0,150,68,0,0,180,180,0,19,19,0,19,true,true,true,0.0,pass
https://dandiarchive.s3.amazonaws.com/blobs/957/44e/95744e7f-8578-44a4-99fe-df9cdaf362fe,623319,1208053773,EPHYS_2,session_block,engaged_2,3,333,333,0,88,245,0,0,943,943,0,153,153,0,153,true,true,true,0.0,pass
https://dandiarchive.s3.amazonaws.com/blobs/9ae/cb7/9aecb778-a5a0-4554-8b06-3af01005fea5,623319,1209073822,EPHYS_4,session,all,0,679,679,0,299,380,0,0,1699,1699,0,222,222,0,222,true,true,true,0.0,pass
https://dandiarchive.s3.amazonaws.com/blobs/9ae/cb7/9aecb778-a5a0-4554-8b06-3af01005fea5,623319,1209073822,EPHYS_4,session_block,engaged_1,1,204,204,0,47,157,0,0,688,688,0,70,70,0,70,true,true,true,0.0,pass
https://dandiarchive.s3.amazonaws.com/blobs/9ae/cb7/9aecb778-a5a0-4554-8b06-3af01005fea5,623319,1209073822,EPHYS_4,session_block,no_reward,2,175,175,0,154,21,0,0,53,53,0,21,21,0,21,true,true,true,0.0,pass
https://dandiarchive.s3.amazonaws.com/blobs/9ae/cb7/9aecb778-a5a0-4554-8b06-3af01005fea5,623319,1209073822,EPHYS_4,session_block,engaged_2,3,300,300,0,98,202,0,0,958,958,0,131,131,0,131,true,true,true,0.0,pass
https://dandiarchive.s3.amazonaws.com/blobs/3d6/dc4/3d6dc44c-8001-467b-be23-96ba4b22da97,623322,1200659846,EPHYS_3,session,all,0,652,652,0,364,288,0,0,1934,1934,0,127,127,0,127,true,true,true,0.0,pass
https://dandiarchive.s3.amazonaws.com/blobs/3d6/dc4/3d6dc44c-8001-467b-be23-96ba4b22da97,623322,1200659846,EPHYS_3,session_block,engaged_1,1,171,171,0,75,96,0,0,744,744,0,50,50,0,50,true,true,true,0.0,pass
https://dandiarchive.s3.amazonaws.com/blobs/3d6/dc4/3d6dc44c-8001-467b-be23-96ba4b22da97,623322,1200659846,EPHYS_3,session_block,no_reward,2,268,268,0,136,132,0,0,466,466,0,18,18,0,18,true,true,true,0.0,pass
https://dandiarchive.s3.amazonaws.com/blobs/3d6/dc4/3d6dc44c-8001-467b-be23-96ba4b22da97,623322,1200659846,EPHYS_3,session_block,engaged_2,3,213,213,0,153,60,0,0,724,724,0,59,59,0,59,true,true,true,0.0,pass
https://dandiarchive.s3.amazonaws.com/blobs/5d9/4f7/5d94f7f7-daa2-4d2d-93a5-1bd2bc02e141,623322,1200471383,EPHYS_2,session,all,0,806,806,0,315,491,0,0,3204,3204,0,193,193,0,193,true,true,true,0.0,pass
https://dandiarchive.s3.amazonaws.com/blobs/5d9/4f7/5d94f7f7-daa2-4d2d-93a5-1bd2bc02e141,623322,1200471383,EPHYS_2,session_block,engaged_1,1,156,156,0,73,83,0,0,903,903,0,74,74,0,74,true,true,true,0.0,pass
https://dandiarchive.s3.amazonaws.com/blobs/5d9/4f7/5d94f7f7-daa2-4d2d-93a5-1bd2bc02e141,623322,1200471383,EPHYS_2,session_block,no_reward,2,371,371,0,114,257,0,0,1172,1172,0,39,39,0,39,true,true,true,0.0,pass
https://dandiarchive.s3.amazonaws.com/blobs/5d9/4f7/5d94f7f7-daa2-4d2d-93a5-1bd2bc02e141,623322,1200471383,EPHYS_2,session_block,engaged_2,3,279,279,0,128,151,0,0,1129,1129,0,80,80,0,80,true,true,true,0.0,pass
https://dandiarchive.s3.amazonaws.com/blobs/8b5/9fb/8b59fb00-5a25-456c-a6b8-abbb37b67e36,623322,1200260055,EPHYS_1,session,all,0,722,722,0,354,368,0,0,2707,2707,0,158,158,0,158,true,true,true,0.0,pass
https://dandiarchive.s3.amazonaws.com/blobs/8b5/9fb/8b59fb00-5a25-456c-a6b8-abbb37b67e36,623322,1200260055,EPHYS_1,session_block,engaged_1,1,139,139,0,82,57,0,0,582,582,0,37,37,0,37,true,true,true,0.0,pass
https://dandiarchive.s3.amazonaws.com/blobs/8b5/9fb/8b59fb00-5a25-456c-a6b8-abbb37b67e36,623322,1200260055,EPHYS_1,session_block,no_reward,2,337,337,0,131,206,0,0,857,857,0,40,40,0,40,true,true,true,0.0,pass
https://dandiarchive.s3.amazonaws.com/blobs/8b5/9fb/8b59fb00-5a25-456c-a6b8-abbb37b67e36,623322,1200260055,EPHYS_1,session_block,engaged_2,3,246,246,0,141,105,0,0,1268,1268,0,81,81,0,81,true,true,true,0.0,pass
https://dandiarchive.s3.amazonaws.com/blobs/d0e/7e5/d0e7e549-f015-47fe-baa5-db8170c52771,623322,1200878248,EPHYS_4,session,all,0,727,727,0,346,381,0,0,2670,2670,0,221,221,0,221,true,true,true,0.0,pass
https://dandiarchive.s3.amazonaws.com/blobs/d0e/7e5/d0e7e549-f015-47fe-baa5-db8170c52771,623322,1200878248,EPHYS_4,session_block,engaged_1,1,160,160,0,74,86,0,0,951,951,0,100,100,0,100,true,true,true,0.0,pass
https://dandiarchive.s3.amazonaws.com/blobs/d0e/7e5/d0e7e549-f015-47fe-baa5-db8170c52771,623322,1200878248,EPHYS_4,session_block,no_reward,2,295,295,0,144,151,0,0,544,544,0,16,16,0,16,true,true,true,0.0,pass
https://dandiarchive.s3.amazonaws.com/blobs/d0e/7e5/d0e7e549-f015-47fe-baa5-db8170c52771,623322,1200878248,EPHYS_4,session_block,engaged_2,3,272,272,0,128,144,0,0,1175,1175,0,105,105,0,105,true,true,true,0.0,pass
https://dandiarchive.s3.amazonaws.com/blobs/1bd/46d/1bd46d10-cc18-492e-86d4-27213cbfba1c,623784,1202644967,EPHYS_2,session,all,0,949,949,0,253,696,0,0,2439,2439,0,251,251,0,251,true,true,true,0.0,pass
https://dandiarchive.s3.amazonaws.com/blobs/1bd/46d/1bd46d10-cc18-492e-86d4-27213cbfba1c,623784,1202644967,EPHYS_2,session_block,engaged_1,1,243,243,0,51,192,0,0,728,728,0,89,89,0,89,true,true,true,0.0,pass
https://dandiarchive.s3.amazonaws.com/blobs/1bd/46d/1bd46d10-cc18-492e-86d4-27213cbfba1c,623784,1202644967,EPHYS_2,session_block,no_reward,2,362,362,0,110,252,0,0,663,663,0,47,47,0,47,true,true,true,0.0,pass
https://dandiarchive.s3.amazonaws.com/blobs/1bd/46d/1bd46d10-cc18-492e-86d4-27213cbfba1c,623784,1202644967,EPHYS_2,session_block,engaged_2,3,344,344,0,92,252,0,0,1048,1048,0,115,115,0,115,true,true,true,0.0,pass
https://dandiarchive.s3.amazonaws.com/blobs/912/b96/912b96b6-4caa-42bf-9a1c-9cdb604bda77,623784,1203574877,EPHYS_3,session,all,0,845,845,0,262,583,0,0,2445,2445,0,310,310,0,310,true,true,true,0.0,pass
https://dandiarchive.s3.amazonaws.com/blobs/912/b96/912b96b6-4caa-42bf-9a1c-9cdb604bda77,623784,1203574877,EPHYS_3,session_block,engaged_1,1,206,206,0,55,151,0,0,762,762,0,113,113,0,113,true,true,true,0.0,pass
https://dandiarchive.s3.amazonaws.com/blobs/912/b96/912b96b6-4caa-42bf-9a1c-9cdb604bda77,623784,1203574877,EPHYS_3,session_block,no_reward,2,297,297,0,120,177,0,0,572,572,0,76,76,0,76,true,true,true,0.0,pass
https://dandiarchive.s3.amazonaws.com/blobs/912/b96/912b96b6-4caa-42bf-9a1c-9cdb604bda77,623784,1203574877,EPHYS_3,session_block,engaged_2,3,342,342,0,87,255,0,0,1111,1111,0,121,121,0,121,true,true,true,0.0,pass
https://dandiarchive.s3.amazonaws.com/blobs/9a4/25c/9a425c2d-dc68-407e-8c40-52922bc1fea9,623784,1204636084,EPHYS_4,session,all,0,1028,1028,0,252,776,0,0,2736,2736,0,199,199,0,199,true,true,true,0.0,pass
https://dandiarchive.s3.amazonaws.com/blobs/9a4/25c/9a425c2d-dc68-407e-8c40-52922bc1fea9,623784,1204636084,EPHYS_4,session_block,engaged_1,1,217,217,0,57,160,0,0,594,594,0,66,66,0,66,true,true,true,0.0,pass
https://dandiarchive.s3.amazonaws.com/blobs/9a4/25c/9a425c2d-dc68-407e-8c40-52922bc1fea9,623784,1204636084,EPHYS_4,session_block,no_reward,2,427,427,0,96,331,0,0,1118,1118,0,57,57,0,57,true,true,true,0.0,pass
https://dandiarchive.s3.amazonaws.com/blobs/9a4/25c/9a425c2d-dc68-407e-8c40-52922bc1fea9,623784,1204636084,EPHYS_4,session_block,engaged_2,3,384,384,0,99,285,0,0,1024,1024,0,76,76,0,76,true,true,true,0.0,pass
https://dandiarchive.s3.amazonaws.com/blobs/abc/f33/abcf33cb-a783-47f9-be38-2ffdc58b957c,623784,1202438738,EPHYS_1,session,all,0,1001,1001,0,224,777,0,0,3114,3114,0,344,344,0,344,true,true,true,0.0,pass
https://dandiarchive.s3.amazonaws.com/blobs/abc/f33/abcf33cb-a783-47f9-be38-2ffdc58b957c,623784,1202438738,EPHYS_1,session_block,engaged_1,1,193,193,0,55,138,0,0,727,727,0,105,105,0,105,true,true,true,0.0,pass
https://dandiarchive.s3.amazonaws.com/blobs/abc/f33/abcf33cb-a783-47f9-be38-2ffdc58b957c,623784,1202438738,EPHYS_1,session_block,no_reward,2,483,483,0,70,413,0,0,1157,1157,0,90,90,0,90,true,true,true,0.0,pass
https://dandiarchive.s3.amazonaws.com/blobs/abc/f33/abcf33cb-a783-47f9-be38-2ffdc58b957c,623784,1202438738,EPHYS_1,session_block,engaged_2,3,325,325,0,99,226,0,0,1230,1230,0,149,149,0,149,true,true,true,0.0,pass
https://dandiarchive.s3.amazonaws.com/blobs/1ac/392/1ac392f0-b27d-4d64-bd96-976288848e9a,623786,1210343162,EPHYS_1,session,all,0,1182,1182,0,241,941,0,0,5450,5450,0,262,262,0,262,true,true,true,0.0,pass
https://dandiarchive.s3.amazonaws.com/blobs/1ac/392/1ac392f0-b27d-4d64-bd96-976288848e9a,623786,1210343162,EPHYS_1,session_block,engaged_1,1,183,183,0,68,115,0,0,759,759,0,74,74,0,74,true,true,true,0.0,pass
https://dandiarchive.s3.amazonaws.com/blobs/1ac/392/1ac392f0-b27d-4d64-bd96-976288848e9a,623786,1210343162,EPHYS_1,session_block,no_reward,2,691,691,0,45,646,0,0,3434,3434,0,36,36,0,36,true,true,true,0.0,pass
https://dandiarchive.s3.amazonaws.com/blobs/1ac/392/1ac392f0-b27d-4d64-bd96-976288848e9a,623786,1210343162,EPHYS_1,session_block,engaged_2,3,308,308,0,128,180,0,0,1257,1257,0,152,152,0,152,true,true,true,0.0,pass
https://dandiarchive.s3.amazonaws.com/blobs/4d3/55e/4d355e88-34ef-43e9-ba82-b9496b312da3,623786,1211232400,EPHYS_4,session,all,0,670,670,0,337,333,0,0,1425,1425,0,145,145,0,145,true,true,true,0.0,pass
https://dandiarchive.s3.amazonaws.com/blobs/4d3/55e/4d355e88-34ef-43e9-ba82-b9496b312da3,623786,1211232400,EPHYS_4,session_block,engaged_1,1,172,172,0,70,102,0,0,447,447,0,29,29,0,29,true,true,true,0.0,pass
https://dandiarchive.s3.amazonaws.com/blobs/4d3/55e/4d355e88-34ef-43e9-ba82-b9496b312da3,623786,1211232400,EPHYS_4,session_block,no_reward,2,217,217,0,152,65,0,0,189,189,0,32,32,0,32,true,true,true,0.0,pass
https://dandiarchive.s3.amazonaws.com/blobs/4d3/55e/4d355e88-34ef-43e9-ba82-b9496b312da3,623786,1211232400,EPHYS_4,session_block,engaged_2,3,281,281,0,115,166,0,0,789,789,0,84,84,0,84,true,true,true,0.0,pass
https://dandiarchive.s3.amazonaws.com/blobs/a3f/49c/a3f49c1c-0ca2-4e5b-8867-f27db4227228,623786,1210608527,EPHYS_2,session,all,0,732,732,0,301,431,0,0,1926,1926,0,194,194,0,194,true,true,true,0.0,pass
https://dandiarchive.s3.amazonaws.com/blobs/a3f/49c/a3f49c1c-0ca2-4e5b-8867-f27db4227228,623786,1210608527,EPHYS_2,session_block,engaged_1,1,174,174,0,62,112,0,0,501,501,0,62,62,0,62,true,true,true,0.0,pass
https://dandiarchive.s3.amazonaws.com/blobs/a3f/49c/a3f49c1c-0ca2-4e5b-8867-f27db4227228,623786,1210608527,EPHYS_2,session_block,no_reward,2,301,301,0,126,175,0,0,520,520,0,34,34,0,34,true,true,true,0.0,pass
https://dandiarchive.s3.amazonaws.com/blobs/a3f/49c/a3f49c1c-0ca2-4e5b-8867-f27db4227228,623786,1210608527,EPHYS_2,session_block,engaged_2,3,257,257,0,113,144,0,0,905,905,0,98,98,0,98,true,true,true,0.0,pass
https://dandiarchive.s3.amazonaws.com/blobs/cd5/f63/cd5f6323-15e9-4c59-b36c-477c6daead5a,623786,1210863396,EPHYS_3,session,all,0,701,701,0,297,404,0,0,1870,1870,0,202,202,0,202,true,true,true,0.0,pass
https://dandiarchive.s3.amazonaws.com/blobs/cd5/f63/cd5f6323-15e9-4c59-b36c-477c6daead5a,623786,1210863396,EPHYS_3,session_block,engaged_1,1,187,187,0,54,133,0,0,530,530,0,47,47,0,47,true,true,true,0.0,pass
https://dandiarchive.s3.amazonaws.com/blobs/cd5/f63/cd5f6323-15e9-4c59-b36c-477c6daead5a,623786,1210863396,EPHYS_3,session_block,no_reward,2,255,255,0,132,123,0,0,351,351,0,35,35,0,35,true,true,true,0.0,pass
https://dandiarchive.s3.amazonaws.com/blobs/cd5/f63/cd5f6323-15e9-4c59-b36c-477c6daead5a,623786,1210863396,EPHYS_3,session_block,engaged_2,3,259,259,0,111,148,0,0,989,989,0,120,120,0,120,true,true,true,0.0,pass
https://dandiarchive.s3.amazonaws.com/blobs/4bd/cd2/4bdcd217-633c-4841-a9b1-208c117f5ea3,626279,1214217748,EPHYS_1,session,all,0,751,751,0,325,426,0,0,1752,1752,0,132,132,0,132,true,true,true,0.0,pass
https://dandiarchive.s3.amazonaws.com/blobs/4bd/cd2/4bdcd217-633c-4841-a9b1-208c117f5ea3,626279,1214217748,EPHYS_1,session_block,engaged_1,1,169,169,0,70,99,0,0,538,538,0,47,47,0,47,true,true,true,0.0,pass
https://dandiarchive.s3.amazonaws.com/blobs/4bd/cd2/4bdcd217-633c-4841-a9b1-208c117f5ea3,626279,1214217748,EPHYS_1,session_block,no_reward,2,266,266,0,148,118,0,0,418,418,0,28,28,0,28,true,true,true,0.0,pass
https://dandiarchive.s3.amazonaws.com/blobs/4bd/cd2/4bdcd217-633c-4841-a9b1-208c117f5ea3,626279,1214217748,EPHYS_1,session_block,engaged_2,3,316,316,0,107,209,0,0,796,796,0,57,57,0,57,true,true,true,0.0,pass
https://dandiarchive.s3.amazonaws.com/blobs/588/a20/588a202a-4fc5-4cc5-96cd-84a5cabd3756,626279,1214409109,EPHYS_2,session,all,0,573,573,0,408,165,0,0,772,772,0,21,21,0,21,true,true,true,0.0,pass
https://dandiarchive.s3.amazonaws.com/blobs/588/a20/588a202a-4fc5-4cc5-96cd-84a5cabd3756,626279,1214409109,EPHYS_2,session_block,engaged_1,1,147,147,0,90,57,0,0,204,204,0,3,3,0,3,true,true,true,0.0,pass
https://dandiarchive.s3.amazonaws.com/blobs/588/a20/588a202a-4fc5-4cc5-96cd-84a5cabd3756,626279,1214409109,EPHYS_2,session_block,no_reward,2,186,186,0,161,25,0,0,147,147,0,5,5,0,5,true,true,true,0.0,pass
https://dandiarchive.s3.amazonaws.com/blobs/588/a20/588a202a-4fc5-4cc5-96cd-84a5cabd3756,626279,1214409109,EPHYS_2,session_block,engaged_2,3,240,240,0,157,83,0,0,421,421,0,13,13,0,13,true,true,true,0.0,pass
https://dandiarchive.s3.amazonaws.com/blobs/922/bef/922bef73-695d-4dd9-9d17-15fd387f5ee5,626279,1214740195,EPHYS_4,session,all,0,714,714,0,324,390,0,0,1106,1106,0,72,72,0,72,true,true,true,0.0,pass
https://dandiarchive.s3.amazonaws.com/blobs/922/bef/922bef73-695d-4dd9-9d17-15fd387f5ee5,626279,1214740195,EPHYS_4,session_block,engaged_1,1,214,214,0,58,156,0,0,397,397,0,22,22,0,22,true,true,true,0.0,pass
https://dandiarchive.s3.amazonaws.com/blobs/922/bef/922bef73-695d-4dd9-9d17-15fd387f5ee5,626279,1214740195,EPHYS_4,session_block,no_reward,2,200,200,0,155,45,0,0,142,142,0,23,23,0,23,true,true,true,0.0,pass
https://dandiarchive.s3.amazonaws.com/blobs/922/bef/922bef73-695d-4dd9-9d17-15fd387f5ee5,626279,1214740195,EPHYS_4,session_block,engaged_2,3,300,300,0,111,189,0,0,567,567,0,27,27,0,27,true,true,true,0.0,pass
https://dandiarchive.s3.amazonaws.com/blobs/97c/539/97c5397d-8abf-4938-ab34-681220e26999,626279,1214566710,EPHYS_3,session,all,0,632,632,0,368,264,0,0,964,964,0,65,65,0,65,true,true,true,0.0,pass
https://dandiarchive.s3.amazonaws.com/blobs/97c/539/97c5397d-8abf-4938-ab34-681220e26999,626279,1214566710,EPHYS_3,session_block,engaged_1,1,176,176,0,70,106,0,0,421,421,0,32,32,0,32,true,true,true,0.0,pass
https://dandiarchive.s3.amazonaws.com/blobs/97c/539/97c5397d-8abf-4938-ab34-681220e26999,626279,1214566710,EPHYS_3,session_block,no_reward,2,208,208,0,153,55,0,0,200,200,0,8,8,0,8,true,true,true,0.0,pass
https://dandiarchive.s3.amazonaws.com/blobs/97c/539/97c5397d-8abf-4938-ab34-681220e26999,626279,1214566710,EPHYS_3,session_block,engaged_2,3,248,248,0,145,103,0,0,343,343,0,25,25,0,25,true,true,true,0.0,pass
https://dandiarchive.s3.amazonaws.com/blobs/17d/ce1/17dce1a6-9218-4477-a99a-980a2903ed1b,632295,1218577463,EPHYS_1,session,all,0,793,793,0,250,543,0,0,3391,3391,0,261,261,0,261,true,true,true,0.0,pass
https://dandiarchive.s3.amazonaws.com/blobs/17d/ce1/17dce1a6-9218-4477-a99a-980a2903ed1b,632295,1218577463,EPHYS_1,session_block,engaged_1,1,221,221,0,44,177,0,0,1353,1353,0,45,45,0,45,true,true,true,0.0,pass
https://dandiarchive.s3.amazonaws.com/blobs/17d/ce1/17dce1a6-9218-4477-a99a-980a2903ed1b,632295,1218577463,EPHYS_1,session_block,no_reward,2,287,287,0,107,180,0,0,413,413,0,63,63,0,63,true,true,true,0.0,pass
https://dandiarchive.s3.amazonaws.com/blobs/17d/ce1/17dce1a6-9218-4477-a99a-980a2903ed1b,632295,1218577463,EPHYS_1,session_block,engaged_2,3,285,285,0,99,186,0,0,1625,1625,0,153,153,0,153,true,true,true,0.0,pass
https://dandiarchive.s3.amazonaws.com/blobs/708/8bf/7088bfa9-4f4c-467d-acb3-e1ca622632db,632295,1219401111,EPHYS_4,session,all,0,707,707,0,301,406,0,0,2705,2705,0,321,321,0,321,true,true,true,0.0,pass
https://dandiarchive.s3.amazonaws.com/blobs/708/8bf/7088bfa9-4f4c-467d-acb3-e1ca622632db,632295,1219401111,EPHYS_4,session_block,engaged_1,1,182,182,0,51,131,0,0,940,940,0,98,98,0,98,true,true,true,0.0,pass
https://dandiarchive.s3.amazonaws.com/blobs/708/8bf/7088bfa9-4f4c-467d-acb3-e1ca622632db,632295,1219401111,EPHYS_4,session_block,no_reward,2,262,262,0,141,121,0,0,453,453,0,41,41,0,41,true,true,true,0.0,pass
https://dandiarchive.s3.amazonaws.com/blobs/708/8bf/7088bfa9-4f4c-467d-acb3-e1ca622632db,632295,1219401111,EPHYS_4,session_block,engaged_2,3,263,263,0,109,154,0,0,1312,1312,0,182,182,0,182,true,true,true,0.0,pass
https://dandiarchive.s3.amazonaws.com/blobs/8bb/124/8bb12481-57e1-4f9d-95f0-c2ec49f2e338,632295,1218795542,EPHYS_2,session,all,0,792,792,0,299,493,0,0,2630,2630,0,246,246,0,246,true,true,true,0.0,pass
https://dandiarchive.s3.amazonaws.com/blobs/8bb/124/8bb12481-57e1-4f9d-95f0-c2ec49f2e338,632295,1218795542,EPHYS_2,session_block,engaged_1,1,236,236,0,48,188,0,0,1002,1002,0,65,65,0,65,true,true,true,0.0,pass
https://dandiarchive.s3.amazonaws.com/blobs/8bb/124/8bb12481-57e1-4f9d-95f0-c2ec49f2e338,632295,1218795542,EPHYS_2,session_block,no_reward,2,281,281,0,137,144,0,0,424,424,0,32,32,0,32,true,true,true,0.0,pass
https://dandiarchive.s3.amazonaws.com/blobs/8bb/124/8bb12481-57e1-4f9d-95f0-c2ec49f2e338,632295,1218795542,EPHYS_2,session_block,engaged_2,3,275,275,0,114,161,0,0,1204,1204,0,149,149,0,149,true,true,true,0.0,pass
https://dandiarchive.s3.amazonaws.com/blobs/db1/7c5/db17c503-6c6e-44c4-921f-4b0ddfa6dbdb,632295,1219127153,EPHYS_3,session,all,0,721,721,0,304,417,0,0,2663,2663,0,320,320,0,320,true,true,true,0.0,pass
https://dandiarchive.s3.amazonaws.com/blobs/db1/7c5/db17c503-6c6e-44c4-921f-4b0ddfa6dbdb,632295,1219127153,EPHYS_3,session_block,engaged_1,1,215,215,0,48,167,0,0,1114,1114,0,96,96,0,96,true,true,true,0.0,pass
https://dandiarchive.s3.amazonaws.com/blobs/db1/7c5/db17c503-6c6e-44c4-921f-4b0ddfa6dbdb,632295,1219127153,EPHYS_3,session_block,no_reward,2,218,218,0,150,68,0,0,246,246,0,51,51,0,51,true,true,true,0.0,pass
https://dandiarchive.s3.amazonaws.com/blobs/db1/7c5/db17c503-6c6e-44c4-921f-4b0ddfa6dbdb,632295,1219127153,EPHYS_3,session_block,engaged_2,3,288,288,0,106,182,0,0,1303,1303,0,173,173,0,173,true,true,true,0.0,pass
https://dandiarchive.s3.amazonaws.com/blobs/208/c19/208c19d2-d4b2-41a9-8568-e9ec9d6291a3,633232,1225178442,EPHYS_4,session,all,0,821,821,0,250,571,0,0,1797,1797,0,116,116,0,116,true,true,true,0.0,pass
https://dandiarchive.s3.amazonaws.com/blobs/208/c19/208c19d2-d4b2-41a9-8568-e9ec9d6291a3,633232,1225178442,EPHYS_4,session_block,engaged_1,1,228,228,0,40,188,0,0,577,577,0,22,22,0,22,true,true,true,0.0,pass
https://dandiarchive.s3.amazonaws.com/blobs/208/c19/208c19d2-d4b2-41a9-8568-e9ec9d6291a3,633232,1225178442,EPHYS_4,session_block,no_reward,2,238,238,0,133,105,0,0,239,239,0,44,44,0,44,true,true,true,0.0,pass
https://dandiarchive.s3.amazonaws.com/blobs/208/c19/208c19d2-d4b2-41a9-8568-e9ec9d6291a3,633232,1225178442,EPHYS_4,session_block,engaged_2,3,355,355,0,77,278,0,0,981,981,0,50,50,0,50,true,true,true,0.0,pass
https://dandiarchive.s3.amazonaws.com/blobs/4cb/2ca/4cb2cabe-f8a3-4e7e-9065-718d65e5ea3f,633232,1224635971,EPHYS_2,session,all,0,590,590,0,395,195,0,0,729,729,0,44,44,0,44,true,true,true,0.0,pass
https://dandiarchive.s3.amazonaws.com/blobs/4cb/2ca/4cb2cabe-f8a3-4e7e-9065-718d65e5ea3f,633232,1224635971,EPHYS_2,session_block,engaged_1,1,198,198,0,68,130,0,0,386,386,0,19,19,0,19,true,true,true,0.0,pass
https://dandiarchive.s3.amazonaws.com/blobs/4cb/2ca/4cb2cabe-f8a3-4e7e-9065-718d65e5ea3f,633232,1224635971,EPHYS_2,session_block,no_reward,2,200,200,0,161,39,0,0,217,217,0,18,18,0,18,true,true,true,0.0,pass
https://dandiarchive.s3.amazonaws.com/blobs/4cb/2ca/4cb2cabe-f8a3-4e7e-9065-718d65e5ea3f,633232,1224635971,EPHYS_2,session_block,engaged_2,3,192,192,0,166,26,0,0,126,126,0,7,7,0,7,true,true,true,0.0,pass
https://dandiarchive.s3.amazonaws.com/blobs/758/757/7587577c-c208-438d-9246-8e12c720a91b,633232,1224385827,EPHYS_1,session,all,0,963,963,0,219,744,0,0,2014,2014,0,137,137,0,137,true,true,true,0.0,pass
https://dandiarchive.s3.amazonaws.com/blobs/758/757/7587577c-c208-438d-9246-8e12c720a91b,633232,1224385827,EPHYS_1,session_block,engaged_1,1,343,343,0,22,321,0,0,705,705,0,17,17,0,17,true,true,true,0.0,pass
https://dandiarchive.s3.amazonaws.com/blobs/758/757/7587577c-c208-438d-9246-8e12c720a91b,633232,1224385827,EPHYS_1,session_block,no_reward,2,300,300,0,107,193,0,0,443,443,0,74,74,0,74,true,true,true,0.0,pass
https://dandiarchive.s3.amazonaws.com/blobs/758/757/7587577c-c208-438d-9246-8e12c720a91b,633232,1224385827,EPHYS_1,session_block,engaged_2,3,320,320,0,90,230,0,0,866,866,0,46,46,0,46,true,true,true,0.0,pass
https://dandiarchive.s3.amazonaws.com/blobs/e64/266/e642660d-05ba-4a34-a104-de354fd9c83a,633232,1224928532,EPHYS_3,session,all,0,728,728,0,278,450,0,0,1300,1300,0,85,85,0,85,true,true,true,0.0,pass
https://dandiarchive.s3.amazonaws.com/blobs/e64/266/e642660d-05ba-4a34-a104-de354fd9c83a,633232,1224928532,EPHYS_3,session_block,engaged_1,1,193,193,0,53,140,0,0,342,342,0,17,17,0,17,true,true,true,0.0,pass
https://dandiarchive.s3.amazonaws.com/blobs/e64/266/e642660d-05ba-4a34-a104-de354fd9c83a,633232,1224928532,EPHYS_3,session_block,no_reward,2,264,264,0,115,149,0,0,372,372,0,30,30,0,30,true,true,true,0.0,pass
https://dandiarchive.s3.amazonaws.com/blobs/e64/266/e642660d-05ba-4a34-a104-de354fd9c83a,633232,1224928532,EPHYS_3,session_block,engaged_2,3,271,271,0,110,161,0,0,586,586,0,38,38,0,38,true,true,true,0.0,pass
https://dandiarchive.s3.amazonaws.com/blobs/2d2/988/2d298808-6dde-4ebb-bedd-fa2de1e683d2,636740,1226780656,EPHYS_4,session,all,0,620,620,0,348,272,0,0,1594,1594,0,205,205,0,205,true,true,true,0.0,pass
https://dandiarchive.s3.amazonaws.com/blobs/2d2/988/2d298808-6dde-4ebb-bedd-fa2de1e683d2,636740,1226780656,EPHYS_4,session_block,engaged_1,1,141,141,0,78,63,0,0,449,449,0,53,53,0,53,true,true,true,0.0,pass
https://dandiarchive.s3.amazonaws.com/blobs/2d2/988/2d298808-6dde-4ebb-bedd-fa2de1e683d2,636740,1226780656,EPHYS_4,session_block,no_reward,2,225,225,0,150,75,0,0,252,252,0,67,67,0,67,true,true,true,0.0,pass
https://dandiarchive.s3.amazonaws.com/blobs/2d2/988/2d298808-6dde-4ebb-bedd-fa2de1e683d2,636740,1226780656,EPHYS_4,session_block,engaged_2,3,254,254,0,120,134,0,0,893,893,0,85,85,0,85,true,true,true,0.0,pass
https://dandiarchive.s3.amazonaws.com/blobs/548/e95/548e9593-494c-49ca-9ff0-8285e38c3acd,636740,1226528572,EPHYS_3,session,all,0,569,569,0,370,199,0,0,1504,1504,0,209,209,0,209,true,true,true,0.0,pass
https://dandiarchive.s3.amazonaws.com/blobs/548/e95/548e9593-494c-49ca-9ff0-8285e38c3acd,636740,1226528572,EPHYS_3,session_block,engaged_1,1,153,153,0,80,73,0,0,548,548,0,67,67,0,67,true,true,true,0.0,pass
https://dandiarchive.s3.amazonaws.com/blobs/548/e95/548e9593-494c-49ca-9ff0-8285e38c3acd,636740,1226528572,EPHYS_3,session_block,no_reward,2,195,195,0,149,46,0,0,227,227,0,59,59,0,59,true,true,true,0.0,pass
https://dandiarchive.s3.amazonaws.com/blobs/548/e95/548e9593-494c-49ca-9ff0-8285e38c3acd,636740,1226528572,EPHYS_3,session_block,engaged_2,3,221,221,0,141,80,0,0,729,729,0,83,83,0,83,true,true,true,0.0,pass
https://dandiarchive.s3.amazonaws.com/blobs/f0c/39c/f0c39cce-3f08-4bbe-8fac-b1942b204ff6,636740,1226010097,EPHYS_1,session,all,0,472,472,0,424,48,0,0,184,184,0,9,9,0,9,true,true,true,0.0,pass
https://dandiarchive.s3.amazonaws.com/blobs/f0c/39c/f0c39cce-3f08-4bbe-8fac-b1942b204ff6,636740,1226010097,EPHYS_1,session_block,engaged_1,1,110,110,0,94,16,0,0,49,49,0,1,1,0,1,true,true,true,0.0,pass
https://dandiarchive.s3.amazonaws.com/blobs/f0c/39c/f0c39cce-3f08-4bbe-8fac-b1942b204ff6,636740,1226010097,EPHYS_1,session_block,no_reward,2,174,174,0,166,8,0,0,20,20,0,4,4,0,4,true,true,true,0.0,pass
https://dandiarchive.s3.amazonaws.com/blobs/f0c/39c/f0c39cce-3f08-4bbe-8fac-b1942b204ff6,636740,1226010097,EPHYS_1,session_block,engaged_2,3,188,188,0,164,24,0,0,115,115,0,4,4,0,4,true,true,true,0.0,pass
https://dandiarchive.s3.amazonaws.com/blobs/f5f/cc2/f5fcc2ca-f86f-4533-8e69-479f32781517,636740,1226251663,EPHYS_2,session,all,0,555,555,0,368,187,0,0,1081,1081,0,102,102,0,102,true,true,true,0.0,pass
https://dandiarchive.s3.amazonaws.com/blobs/f5f/cc2/f5fcc2ca-f86f-4533-8e69-479f32781517,636740,1226251663,EPHYS_2,session_block,engaged_1,1,162,162,0,71,91,0,0,431,431,0,28,28,0,28,true,true,true,0.0,pass
https://dandiarchive.s3.amazonaws.com/blobs/f5f/cc2/f5fcc2ca-f86f-4533-8e69-479f32781517,636740,1226251663,EPHYS_2,session_block,no_reward,2,189,189,0,159,30,0,0,95,95,0,32,32,0,32,true,true,true,0.0,pass
https://dandiarchive.s3.amazonaws.com/blobs/f5f/cc2/f5fcc2ca-f86f-4533-8e69-479f32781517,636740,1226251663,EPHYS_2,session_block,engaged_2,3,204,204,0,138,66,0,0,555,555,0,42,42,0,42,true,true,true,0.0,pass
https://dandiarchive.s3.amazonaws.com/blobs/994/5a0/9945a088-2bea-49d3-8375-64eea7550062,637483,1227855488,EPHYS_2,session,all,0,697,697,0,335,362,0,0,2177,2177,0,327,327,0,327,true,true,true,0.0,pass
https://dandiarchive.s3.amazonaws.com/blobs/994/5a0/9945a088-2bea-49d3-8375-64eea7550062,637483,1227855488,EPHYS_2,session_block,engaged_1,1,148,148,0,84,64,0,0,582,582,0,105,105,0,105,true,true,true,0.0,pass
https://dandiarchive.s3.amazonaws.com/blobs/994/5a0/9945a088-2bea-49d3-8375-64eea7550062,637483,1227855488,EPHYS_2,session_block,no_reward,2,284,284,0,134,150,0,0,488,488,0,42,42,0,42,true,true,true,0.0,pass
https://dandiarchive.s3.amazonaws.com/blobs/994/5a0/9945a088-2bea-49d3-8375-64eea7550062,637483,1227855488,EPHYS_2,session_block,engaged_2,3,265,265,0,117,148,0,0,1107,1107,0,180,180,0,180,true,true,true,0.0,pass
https://dandiarchive.s3.amazonaws.com/blobs/9d2/6e8/9d26e823-d653-42f0-a3ff-fcb202d7a66a,637483,1228018071,EPHYS_3,session,all,0,727,727,0,307,420,0,0,2181,2181,0,405,405,0,405,true,true,true,0.0,pass
https://dandiarchive.s3.amazonaws.com/blobs/9d2/6e8/9d26e823-d653-42f0-a3ff-fcb202d7a66a,637483,1228018071,EPHYS_3,session_block,engaged_1,1,162,162,0,70,92,0,0,694,694,0,145,145,0,145,true,true,true,0.0,pass
https://dandiarchive.s3.amazonaws.com/blobs/9d2/6e8/9d26e823-d653-42f0-a3ff-fcb202d7a66a,637483,1228018071,EPHYS_3,session_block,no_reward,2,279,279,0,125,154,0,0,450,450,0,80,80,0,80,true,true,true,0.0,pass
https://dandiarchive.s3.amazonaws.com/blobs/9d2/6e8/9d26e823-d653-42f0-a3ff-fcb202d7a66a,637483,1228018071,EPHYS_3,session_block,engaged_2,3,286,286,0,112,174,0,0,1037,1037,0,180,180,0,180,true,true,true,0.0,pass
https://dandiarchive.s3.amazonaws.com/blobs/abe/045/abe045a7-cd57-4618-a695-02068dbb75c1,637483,1227622013,EPHYS_1,session,all,0,790,790,0,327,463,0,0,3061,3061,0,511,511,0,511,true,true,true,0.0,pass
https://dandiarchive.s3.amazonaws.com/blobs/abe/045/abe045a7-cd57-4618-a695-02068dbb75c1,637483,1227622013,EPHYS_1,session_block,engaged_1,1,138,138,0,77,61,0,0,707,707,0,150,150,0,150,true,true,true,0.0,pass
https://dandiarchive.s3.amazonaws.com/blobs/abe/045/abe045a7-cd57-4618-a695-02068dbb75c1,637483,1227622013,EPHYS_1,session_block,no_reward,2,438,438,0,105,333,0,0,1013,1013,0,47,47,0,47,true,true,true,0.0,pass
https://dandiarchive.s3.amazonaws.com/blobs/abe/045/abe045a7-cd57-4618-a695-02068dbb75c1,637483,1227622013,EPHYS_1,session_block,engaged_2,3,214,214,0,145,69,0,0,1341,1341,0,314,314,0,314,true,true,true,0.0,pass
https://dandiarchive.s3.amazonaws.com/blobs/207/67e/20767ee0-0250-4a1d-9283-45f07c724d92,637488,1230732154,EPHYS_1,session,all,0,439,439,0,436,3,0,0,15,15,0,0,0,0,0,true,true,true,0.0,pass
https://dandiarchive.s3.amazonaws.com/blobs/207/67e/20767ee0-0250-4a1d-9283-45f07c724d92,637488,1230732154,EPHYS_1,session_block,engaged_1,1,100,100,0,100,0,0,0,0,0,0,0,0,0,0,true,true,true,0.0,pass
https://dandiarchive.s3.amazonaws.com/blobs/207/67e/20767ee0-0250-4a1d-9283-45f07c724d92,637488,1230732154,EPHYS_1,session_block,no_reward,2,170,170,0,167,3,0,0,15,15,0,0,0,0,0,true,true,true,0.0,pass
https://dandiarchive.s3.amazonaws.com/blobs/207/67e/20767ee0-0250-4a1d-9283-45f07c724d92,637488,1230732154,EPHYS_1,session_block,engaged_2,3,169,169,0,169,0,0,0,0,0,0,0,0,0,0,true,true,true,0.0,pass
https://dandiarchive.s3.amazonaws.com/blobs/548/45e/54845e01-187e-4d6b-858a-071e0675a0de,637488,1231476077,EPHYS_4,session,all,0,495,495,0,408,87,0,0,1031,1031,0,101,101,0,101,true,true,true,0.0,pass
https://dandiarchive.s3.amazonaws.com/blobs/548/45e/54845e01-187e-4d6b-858a-071e0675a0de,637488,1231476077,EPHYS_4,session_block,engaged_1,1,123,123,0,86,37,0,0,406,406,0,26,26,0,26,true,true,true,0.0,pass
https://dandiarchive.s3.amazonaws.com/blobs/548/45e/54845e01-187e-4d6b-858a-071e0675a0de,637488,1231476077,EPHYS_4,session_block,no_reward,2,184,184,0,164,20,0,0,158,158,0,44,44,0,44,true,true,true,0.0,pass
https://dandiarchive.s3.amazonaws.com/blobs/548/45e/54845e01-187e-4d6b-858a-071e0675a0de,637488,1231476077,EPHYS_4,session_block,engaged_2,3,188,188,0,158,30,0,0,467,467,0,31,31,0,31,true,true,true,0.0,pass
https://dandiarchive.s3.amazonaws.com/blobs/b2e/656/b2e6563b-6164-4f85-ab61-a16d682acc5a,637488,1230962048,EPHYS_2,session,all,0,452,452,0,430,22,0,0,257,257,0,9,9,0,9,true,true,true,0.0,pass
https://dandiarchive.s3.amazonaws.com/blobs/b2e/656/b2e6563b-6164-4f85-ab61-a16d682acc5a,637488,1230962048,EPHYS_2,session_block,engaged_1,1,106,106,0,93,13,0,0,167,167,0,7,7,0,7,true,true,true,0.0,pass
https://dandiarchive.s3.amazonaws.com/blobs/b2e/656/b2e6563b-6164-4f85-ab61-a16d682acc5a,637488,1230962048,EPHYS_2,session_block,no_reward,2,167,167,0,166,1,0,0,4,4,0,0,0,0,0,true,true,true,0.0,pass
https://dandiarchive.s3.amazonaws.com/blobs/b2e/656/b2e6563b-6164-4f85-ab61-a16d682acc5a,637488,1230962048,EPHYS_2,session_block,engaged_2,3,179,179,0,171,8,0,0,86,86,0,2,2,0,2,true,true,true,0.0,pass
https://dandiarchive.s3.amazonaws.com/blobs/d66/dd6/d66dd6e8-811f-4763-9d8f-69071ba64b62,637488,1231219674,EPHYS_3,session,all,0,526,526,0,396,130,0,0,1413,1413,0,117,117,0,117,true,true,true,0.0,pass
https://dandiarchive.s3.amazonaws.com/blobs/d66/dd6/d66dd6e8-811f-4763-9d8f-69071ba64b62,637488,1231219674,EPHYS_3,session_block,engaged_1,1,140,140,0,80,60,0,0,636,636,0,44,44,0,44,true,true,true,0.0,pass
https://dandiarchive.s3.amazonaws.com/blobs/d66/dd6/d66dd6e8-811f-4763-9d8f-69071ba64b62,637488,1231219674,EPHYS_3,session_block,no_reward,2,175,175,0,164,11,0,0,64,64,0,16,16,0,16,true,true,true,0.0,pass
https://dandiarchive.s3.amazonaws.com/blobs/d66/dd6/d66dd6e8-811f-4763-9d8f-69071ba64b62,637488,1231219674,EPHYS_3,session_block,engaged_2,3,211,211,0,152,59,0,0,713,713,0,57,57,0,57,true,true,true,0.0,pass
https://dandiarchive.s3.amazonaws.com/blobs/670/d01/670d01b8-e344-45cf-b21d-c26022721b85,638387,1229887685,EPHYS_3,session,all,0,834,834,0,302,532,0,0,2136,2136,0,119,119,0,119,true,true,true,0.0,pass
https://dandiarchive.s3.amazonaws.com/blobs/670/d01/670d01b8-e344-45cf-b21d-c26022721b85,638387,1229887685,EPHYS_3,session_block,engaged_1,1,160,160,0,76,84,0,0,408,408,0,34,34,0,34,true,true,true,0.0,pass
https://dandiarchive.s3.amazonaws.com/blobs/670/d01/670d01b8-e344-45cf-b21d-c26022721b85,638387,1229887685,EPHYS_3,session_block,no_reward,2,359,359,0,116,243,0,0,885,885,0,41,41,0,41,true,true,true,0.0,pass
https://dandiarchive.s3.amazonaws.com/blobs/670/d01/670d01b8-e344-45cf-b21d-c26022721b85,638387,1229887685,EPHYS_3,session_block,engaged_2,3,315,315,0,110,205,0,0,843,843,0,44,44,0,44,true,true,true,0.0,pass
https://dandiarchive.s3.amazonaws.com/blobs/902/f95/902f95dc-adc9-4fdb-97ba-0de52800a5e4,638387,1230064747,EPHYS_4,session,all,0,954,954,0,282,672,0,0,2595,2595,0,179,179,0,179,true,true,true,0.0,pass
https://dandiarchive.s3.amazonaws.com/blobs/902/f95/902f95dc-adc9-4fdb-97ba-0de52800a5e4,638387,1230064747,EPHYS_4,session_block,engaged_1,1,183,183,0,71,112,0,0,543,543,0,43,43,0,43,true,true,true,0.0,pass
https://dandiarchive.s3.amazonaws.com/blobs/902/f95/902f95dc-adc9-4fdb-97ba-0de52800a5e4,638387,1230064747,EPHYS_4,session_block,no_reward,2,411,411,0,109,302,0,0,982,982,0,79,79,0,79,true,true,true,0.0,pass
https://dandiarchive.s3.amazonaws.com/blobs/902/f95/902f95dc-adc9-4fdb-97ba-0de52800a5e4,638387,1230064747,EPHYS_4,session_block,engaged_2,3,360,360,0,102,258,0,0,1070,1070,0,57,57,0,57,true,true,true,0.0,pass
https://dandiarchive.s3.amazonaws.com/blobs/9c5/a03/9c5a0313-cb5b-45b6-9e66-5bb6aac04f2c,638387,1229429400,EPHYS_1,session,all,0,628,628,0,362,266,0,0,1242,1242,0,105,105,0,105,true,true,true,0.0,pass
https://dandiarchive.s3.amazonaws.com/blobs/9c5/a03/9c5a0313-cb5b-45b6-9e66-5bb6aac04f2c,638387,1229429400,EPHYS_1,session_block,engaged_1,1,153,153,0,77,76,0,0,383,383,0,28,28,0,28,true,true,true,0.0,pass
https://dandiarchive.s3.amazonaws.com/blobs/9c5/a03/9c5a0313-cb5b-45b6-9e66-5bb6aac04f2c,638387,1229429400,EPHYS_1,session_block,no_reward,2,217,217,0,150,67,0,0,207,207,0,33,33,0,33,true,true,true,0.0,pass
https://dandiarchive.s3.amazonaws.com/blobs/9c5/a03/9c5a0313-cb5b-45b6-9e66-5bb6aac04f2c,638387,1229429400,EPHYS_1,session_block,engaged_2,3,258,258,0,135,123,0,0,652,652,0,44,44,0,44,true,true,true,0.0,pass
https://dandiarchive.s3.amazonaws.com/blobs/d8b/8a9/d8b8a9fb-eda0-459f-a722-60a69961c992,638387,1229654875,EPHYS_2,session,all,0,1101,1101,0,255,846,0,0,3402,3402,0,105,105,0,105,true,true,true,0.0,pass
https://dandiarchive.s3.amazonaws.com/blobs/d8b/8a9/d8b8a9fb-eda0-459f-a722-60a69961c992,638387,1229654875,EPHYS_2,session_block,engaged_1,1,156,156,0,77,79,0,0,509,509,0,43,43,0,43,true,true,true,0.0,pass
https://dandiarchive.s3.amazonaws.com/blobs/d8b/8a9/d8b8a9fb-eda0-459f-a722-60a69961c992,638387,1229654875,EPHYS_2,session_block,no_reward,2,521,521,0,93,428,0,0,1514,1514,0,17,17,0,17,true,true,true,0.0,pass
https://dandiarchive.s3.amazonaws.com/blobs/d8b/8a9/d8b8a9fb-eda0-459f-a722-60a69961c992,638387,1229654875,EPHYS_2,session_block,engaged_2,3,424,424,0,85,339,0,0,1379,1379,0,45,45,0,45,true,true,true,0.0,pass
https://dandiarchive.s3.amazonaws.com/blobs/362/b4b/362b4b76-85f6-4074-b456-db33393f45c0,640887,1234028213,EPHYS_1,session,all,0,596,596,0,364,232,0,0,1779,1779,0,229,229,0,229,true,true,true,0.0,pass
https://dandiarchive.s3.amazonaws.com/blobs/362/b4b/362b4b76-85f6-4074-b456-db33393f45c0,640887,1234028213,EPHYS_1,session_block,engaged_1,1,148,148,0,74,74,0,0,504,504,0,45,45,0,45,true,true,true,0.0,pass
https://dandiarchive.s3.amazonaws.com/blobs/362/b4b/362b4b76-85f6-4074-b456-db33393f45c0,640887,1234028213,EPHYS_1,session_block,no_reward,2,221,221,0,154,67,0,0,286,286,0,47,47,0,47,true,true,true,0.0,pass
https://dandiarchive.s3.amazonaws.com/blobs/362/b4b/362b4b76-85f6-4074-b456-db33393f45c0,640887,1234028213,EPHYS_1,session_block,engaged_2,3,227,227,0,136,91,0,0,989,989,0,137,137,0,137,true,true,true,0.0,pass
https://dandiarchive.s3.amazonaws.com/blobs/584/1b8/5841b844-3102-4b4f-8f2c-e4cd23ec8f45,640887,1234203203,EPHYS_2,session,all,0,557,557,0,376,181,0,0,1684,1684,0,217,217,0,217,true,true,true,0.0,pass
https://dandiarchive.s3.amazonaws.com/blobs/584/1b8/5841b844-3102-4b4f-8f2c-e4cd23ec8f45,640887,1234203203,EPHYS_2,session_block,engaged_1,1,138,138,0,78,60,0,0,579,579,0,79,79,0,79,true,true,true,0.0,pass
https://dandiarchive.s3.amazonaws.com/blobs/584/1b8/5841b844-3102-4b4f-8f2c-e4cd23ec8f45,640887,1234203203,EPHYS_2,session_block,no_reward,2,197,197,0,158,39,0,0,138,138,0,15,15,0,15,true,true,true,0.0,pass
https://dandiarchive.s3.amazonaws.com/blobs/584/1b8/5841b844-3102-4b4f-8f2c-e4cd23ec8f45,640887,1234203203,EPHYS_2,session_block,engaged_2,3,222,222,0,140,82,0,0,967,967,0,123,123,0,123,true,true,true,0.0,pass
https://dandiarchive.s3.amazonaws.com/blobs/cfc/bf1/cfcbf155-cb15-455d-8450-0ef256540990,640887,1234410451,EPHYS_3,session,all,0,544,544,0,390,154,0,0,2088,2088,0,272,272,0,272,true,true,true,0.0,pass
https://dandiarchive.s3.amazonaws.com/blobs/cfc/bf1/cfcbf155-cb15-455d-8450-0ef256540990,640887,1234410451,EPHYS_3,session_block,engaged_1,1,128,128,0,90,38,0,0,625,625,0,89,89,0,89,true,true,true,0.0,pass
https://dandiarchive.s3.amazonaws.com/blobs/cfc/bf1/cfcbf155-cb15-455d-8450-0ef256540990,640887,1234410451,EPHYS_3,session_block,no_reward,2,203,203,0,159,44,0,0,258,258,0,29,29,0,29,true,true,true,0.0,pass
https://dandiarchive.s3.amazonaws.com/blobs/cfc/bf1/cfcbf155-cb15-455d-8450-0ef256540990,640887,1234410451,EPHYS_3,session_block,engaged_2,3,213,213,0,141,72,0,0,1205,1205,0,154,154,0,154,true,true,true,0.0,pass
https://dandiarchive.s3.amazonaws.com/blobs/13d/b29/13db29ff-1454-412d-8680-ecd7a38c6f95,640890,1232430325,EPHYS_1,session,all,0,570,570,0,382,188,0,0,2207,2207,0,507,507,0,507,true,true,true,0.0,pass
https://dandiarchive.s3.amazonaws.com/blobs/13d/b29/13db29ff-1454-412d-8680-ecd7a38c6f95,640890,1232430325,EPHYS_1,session_block,engaged_1,1,126,126,0,89,37,0,0,849,849,0,184,184,0,184,true,true,true,0.0,pass
https://dandiarchive.s3.amazonaws.com/blobs/13d/b29/13db29ff-1454-412d-8680-ecd7a38c6f95,640890,1232430325,EPHYS_1,session_block,no_reward,2,207,207,0,155,52,0,0,200,200,0,52,52,0,52,true,true,true,0.0,pass
https://dandiarchive.s3.amazonaws.com/blobs/13d/b29/13db29ff-1454-412d-8680-ecd7a38c6f95,640890,1232430325,EPHYS_1,session_block,engaged_2,3,237,237,0,138,99,0,0,1158,1158,0,271,271,0,271,true,true,true,0.0,pass
https://dandiarchive.s3.amazonaws.com/blobs/19d/56b/19d56bf0-7ecb-4c4f-b08d-3f05701ae315,640890,1232954220,EPHYS_3,session,all,0,627,627,0,356,271,0,0,2388,2388,0,527,527,0,527,true,true,true,0.0,pass
https://dandiarchive.s3.amazonaws.com/blobs/19d/56b/19d56bf0-7ecb-4c4f-b08d-3f05701ae315,640890,1232954220,EPHYS_3,session_block,engaged_1,1,152,152,0,74,78,0,0,752,752,0,171,171,0,171,true,true,true,0.0,pass
https://dandiarchive.s3.amazonaws.com/blobs/19d/56b/19d56bf0-7ecb-4c4f-b08d-3f05701ae315,640890,1232954220,EPHYS_3,session_block,no_reward,2,227,227,0,151,76,0,0,288,288,0,73,73,0,73,true,true,true,0.0,pass
https://dandiarchive.s3.amazonaws.com/blobs/19d/56b/19d56bf0-7ecb-4c4f-b08d-3f05701ae315,640890,1232954220,EPHYS_3,session_block,engaged_2,3,248,248,0,131,117,0,0,1348,1348,0,283,283,0,283,true,true,true,0.0,pass
https://dandiarchive.s3.amazonaws.com/blobs/2b3/c82/2b3c82b7-a1e0-42ac-a96d-cfc0fac219b7,640890,1233182785,EPHYS_4,session,all,0,615,615,0,343,272,0,0,1853,1853,0,370,370,0,370,true,true,true,0.0,pass
https://dandiarchive.s3.amazonaws.com/blobs/2b3/c82/2b3c82b7-a1e0-42ac-a96d-cfc0fac219b7,640890,1233182785,EPHYS_4,session_block,engaged_1,1,177,177,0,60,117,0,0,829,829,0,129,129,0,129,true,true,true,0.0,pass
https://dandiarchive.s3.amazonaws.com/blobs/2b3/c82/2b3c82b7-a1e0-42ac-a96d-cfc0fac219b7,640890,1233182785,EPHYS_4,session_block,no_reward,2,222,222,0,147,75,0,0,267,267,0,76,76,0,76,true,true,true,0.0,pass
https://dandiarchive.s3.amazonaws.com/blobs/2b3/c82/2b3c82b7-a1e0-42ac-a96d-cfc0fac219b7,640890,1233182785,EPHYS_4,session_block,engaged_2,3,216,216,0,136,80,0,0,757,757,0,165,165,0,165,true,true,true,0.0,pass
https://dandiarchive.s3.amazonaws.com/blobs/e3b/977/e3b97777-89fa-4730-8d0e-fae22e471f07,640890,1232725697,EPHYS_2,session,all,0,567,567,0,373,194,0,0,1800,1800,0,378,378,0,378,true,true,true,0.0,pass
https://dandiarchive.s3.amazonaws.com/blobs/e3b/977/e3b97777-89fa-4730-8d0e-fae22e471f07,640890,1232725697,EPHYS_2,session_block,engaged_1,1,165,165,0,71,94,0,0,777,777,0,154,154,0,154,true,true,true,0.0,pass
https://dandiarchive.s3.amazonaws.com/blobs/e3b/977/e3b97777-89fa-4730-8d0e-fae22e471f07,640890,1232725697,EPHYS_2,session_block,no_reward,2,187,187,0,155,32,0,0,144,144,0,19,19,0,19,true,true,true,0.0,pass
https://dandiarchive.s3.amazonaws.com/blobs/e3b/977/e3b97777-89fa-4730-8d0e-fae22e471f07,640890,1232725697,EPHYS_2,session_block,engaged_2,3,215,215,0,147,68,0,0,879,879,0,205,205,0,205,true,true,true,0.0,pass
https://dandiarchive.s3.amazonaws.com/blobs/4c0/643/4c064370-d6ec-45fb-8be0-edf4ac91097f,642504,1243799530,EPHYS_2,session,all,0,772,772,0,337,435,0,0,3130,3130,0,399,399,0,399,true,true,true,0.0,pass
https://dandiarchive.s3.amazonaws.com/blobs/4c0/643/4c064370-d6ec-45fb-8be0-edf4ac91097f,642504,1243799530,EPHYS_2,session_block,engaged_1,1,190,190,0,72,118,0,0,830,830,0,145,145,0,145,true,true,true,0.0,pass
https://dandiarchive.s3.amazonaws.com/blobs/4c0/643/4c064370-d6ec-45fb-8be0-edf4ac91097f,642504,1243799530,EPHYS_2,session_block,no_reward,2,319,319,0,137,182,0,0,1191,1191,0,20,20,0,20,true,true,true,0.0,pass
https://dandiarchive.s3.amazonaws.com/blobs/4c0/643/4c064370-d6ec-45fb-8be0-edf4ac91097f,642504,1243799530,EPHYS_2,session_block,engaged_2,3,263,263,0,128,135,0,0,1109,1109,0,234,234,0,234,true,true,true,0.0,pass
https://dandiarchive.s3.amazonaws.com/blobs/559/41e/55941ebd-ef47-4d38-80af-0fabd499db6d,642504,1244070169,EPHYS_3,session,all,0,620,620,0,371,249,0,0,2054,2054,0,362,362,0,362,true,true,true,0.0,pass
https://dandiarchive.s3.amazonaws.com/blobs/559/41e/55941ebd-ef47-4d38-80af-0fabd499db6d,642504,1244070169,EPHYS_3,session_block,engaged_1,1,153,153,0,80,73,0,0,649,649,0,126,126,0,126,true,true,true,0.0,pass
https://dandiarchive.s3.amazonaws.com/blobs/559/41e/55941ebd-ef47-4d38-80af-0fabd499db6d,642504,1244070169,EPHYS_3,session_block,no_reward,2,235,235,0,147,88,0,0,330,330,0,23,23,0,23,true,true,true,0.0,pass
https://dandiarchive.s3.amazonaws.com/blobs/559/41e/55941ebd-ef47-4d38-80af-0fabd499db6d,642504,1244070169,EPHYS_3,session_block,engaged_2,3,232,232,0,144,88,0,0,1075,1075,0,213,213,0,213,true,true,true,0.0,pass
https://dandiarchive.s3.amazonaws.com/blobs/88d/b29/88db2938-a9e0-491c-8056-f83cc894edf3,642504,1243523806,EPHYS_1,session,all,0,556,556,0,389,167,0,0,2683,2683,0,457,457,0,457,true,true,true,0.0,pass
https://dandiarchive.s3.amazonaws.com/blobs/88d/b29/88db2938-a9e0-491c-8056-f83cc894edf3,642504,1243523806,EPHYS_1,session_block,engaged_1,1,155,155,0,79,76,0,0,1047,1047,0,143,143,0,143,true,true,true,0.0,pass
https://dandiarchive.s3.amazonaws.com/blobs/88d/b29/88db2938-a9e0-491c-8056-f83cc894edf3,642504,1243523806,EPHYS_1,session_block,no_reward,2,195,195,0,161,34,0,0,184,184,0,49,49,0,49,true,true,true,0.0,pass
https://dandiarchive.s3.amazonaws.com/blobs/88d/b29/88db2938-a9e0-491c-8056-f83cc894edf3,642504,1243523806,EPHYS_1,session_block,engaged_2,3,206,206,0,149,57,0,0,1452,1452,0,265,265,0,265,true,true,true,0.0,pass
