subject_id,source_region,target_region,reward_block,n_sessions,source_added_r2,shift_source_added_r2,real_minus_shift_source_added_r2,n_trials
614547,HPF,Isocortex,engaged_1,1,-0.020605971107420018,-0.024783967899959514,0.004177996792539496,15
614547,HPF,Isocortex,engaged_2,1,-0.015649886439911498,-0.01818055334646118,0.0025306669065496834,15
614547,HPF,Isocortex,no_reward,1,-0.002287174622622623,-0.0008145136144234177,-0.0014726610081992053,15
614608,HPF,Isocortex,engaged_1,2,-0.014517009902659028,-0.007559354850161404,-0.006957655052497624,41
614608,HPF,Isocortex,engaged_2,2,-0.0028371751670498435,-0.008613582479911452,0.005776407312861609,41
614608,HPF,Isocortex,no_reward,2,-0.017262599583789173,-0.0034715111957284717,-0.013791088388060702,41
615048,HPF,Isocortex,engaged_1,2,-0.005691891825337747,-0.007504463389513771,0.0018125715641760243,35
615048,HPF,Isocortex,engaged_2,2,0.0008555896292182785,-0.009286051055551692,0.01014164068476997,35
615048,HPF,Isocortex,no_reward,2,-0.015655828719524867,-0.018434436516642894,0.0027786077971180267,35
615564,HPF,Isocortex,engaged_1,2,-0.010141254076665107,-0.0028229794200589353,-0.007318274656606172,33
615564,HPF,Isocortex,engaged_2,2,0.002811571185179218,-0.0063514038351157875,0.009162975020295006,33
615564,HPF,Isocortex,no_reward,2,-0.034268689336635794,0.0006878055435075581,-0.03495649488014335,33
623319,HPF,Isocortex,engaged_1,1,-0.012643061679271206,-0.003924717386778354,-0.008718344292492852,12
623319,HPF,Isocortex,engaged_2,1,-0.05583453026490115,0.002930022716920444,-0.058764552981821594,12
623319,HPF,Isocortex,no_reward,1,-0.037131771738083685,-0.13153752917289685,0.09440575743481316,12
623322,HPF,Isocortex,engaged_1,3,-0.004524189676791468,-0.01141082021273391,0.0068866305359424436,67
623322,HPF,Isocortex,engaged_2,3,-0.0026536804654607358,-0.002903283176363088,0.0002496027109023524,67
623322,HPF,Isocortex,no_reward,3,-0.00730997602548622,0.010591026088647667,-0.017901002114133886,67
626279,HPF,Isocortex,engaged_1,1,-0.0075974602034506455,0.0016607033313925657,-0.009258163534843211,21
626279,HPF,Isocortex,engaged_2,1,-0.00689149917060583,-0.030074555746078424,0.023183056575472594,21
626279,HPF,Isocortex,no_reward,1,0.011637567365082924,0.015124956341955986,-0.0034873889768730626,21
632295,HPF,Isocortex,engaged_1,2,-0.006367246307152852,-0.0013689430102687417,-0.00499830329688411,26
632295,HPF,Isocortex,engaged_2,2,-0.02318721896042525,-0.04954597587644821,0.026358756916022963,26
632295,HPF,Isocortex,no_reward,2,0.039594580461590034,0.043485026615944555,-0.003890446154354521,26
638387,HPF,Isocortex,engaged_1,1,-0.013284093184171342,-0.010582138986409584,-0.002701954197761758,21
638387,HPF,Isocortex,engaged_2,1,0.0051834840685053285,-0.009897754426846817,0.015081238495352145,21
638387,HPF,Isocortex,no_reward,1,-0.005189803739843235,-0.017218140222542533,0.012028336482699298,21
640887,HPF,Isocortex,engaged_1,2,-0.0096700253774758,-0.002613508847905621,-0.007056516529570178,48
640887,HPF,Isocortex,engaged_2,2,-0.004375615249048892,-0.004431747322515223,0.000056132073466330645,48
640887,HPF,Isocortex,no_reward,2,-0.008985763128175395,-0.006978113009263653,-0.0020076501189117413,48
640890,HPF,Isocortex,engaged_1,2,-0.006319476416051295,-0.013658383932904139,0.007338907516852844,49
640890,HPF,Isocortex,engaged_2,2,-0.007266815428318474,-0.008400016624005469,0.0011332011956869947,49
640890,HPF,Isocortex,no_reward,2,-0.006153432443263329,-0.0073707370763628766,0.0012173046330995474,49
642504,HPF,Isocortex,engaged_1,2,-0.00014769946836457049,-0.02748698624030066,0.02733928677193609,34
642504,HPF,Isocortex,engaged_2,2,-0.00425952952116293,-0.0030153470669778137,-0.0012441824541851165,34
642504,HPF,Isocortex,no_reward,2,-0.00627699791231745,-0.012052671842715912,0.005775673930398462,34
614608,HPF,MB,engaged_1,2,-0.010636085452502941,-0.007672385126098191,-0.00296370032640475,41
614608,HPF,MB,engaged_2,2,-0.01046577539374538,-0.02709163813197185,0.01662586273822647,41
614608,HPF,MB,no_reward,2,-0.010205981614432591,-0.004927745702346664,-0.005278235912085927,41
615048,HPF,MB,engaged_1,2,-0.008139862644947538,-0.0057275138873292275,-0.00241234875761831,35
615048,HPF,MB,engaged_2,2,-0.007590665258017548,-0.00617348456099176,-0.0014171806970257883,35
615048,HPF,MB,no_reward,2,-0.02442218590848866,-0.028034494501873952,0.003612308593385294,35
615564,HPF,MB,engaged_1,1,-0.003367053292274158,0.0057560329163552915,-0.00912308620862945,17
615564,HPF,MB,engaged_2,1,-0.03424808756587561,-0.010908485477435725,-0.02333960208843988,17
615564,HPF,MB,no_reward,1,-0.0063099147511594955,-0.055184031884913276,0.04887411713375378,17
623319,HPF,MB,engaged_1,1,-0.01196042175765788,-0.006456783464327431,-0.005503638293330448,12
623319,HPF,MB,engaged_2,1,0.003093070038429513,-0.01987450347327857,0.022967573511708084,12
623319,HPF,MB,no_reward,1,-0.02668114265731436,0.012670051926576664,-0.039351194583891025,12
623322,HPF,MB,engaged_1,1,-0.01767305214455006,0.00029734165118167066,-0.01797039379573173,22
623322,HPF,MB,engaged_2,1,-0.022375889309793395,-0.005166968677590367,-0.01720892063220303,22
623322,HPF,MB,no_reward,1,-0.02492824516244707,-0.009873817143313035,-0.015054428019134036,22
626279,HPF,MB,engaged_1,1,-0.017163854740138706,-0.009371854708553506,-0.0077920000315852,21
626279,HPF,MB,engaged_2,1,-0.03190523386342936,0.016023652313390424,-0.047928886176819785,21
626279,HPF,MB,no_reward,1,0.023659933359801877,0.009988053317854018,0.01367188004194786,21
632295,HPF,MB,engaged_1,1,0.030592178687632532,-0.02590579286623107,0.0564979715538636,14
632295,HPF,MB,engaged_2,1,0.005621690740897911,-0.018174943070926708,0.02379663381182462,14
632295,HPF,MB,no_reward,1,-0.00028675726700155835,0.00008961512667604588,-0.0003763723936776042,14
640887,HPF,MB,engaged_1,1,-0.017979470975135747,-0.005466222031093926,-0.012513248944041822,23
640887,HPF,MB,engaged_2,1,-0.006930145425340095,-0.007691515993684339,0.000761370568344244,23
640887,HPF,MB,no_reward,1,-0.17811469946273806,-0.18293507020991795,0.004820370747179892,23
640890,HPF,MB,engaged_1,1,-0.023959465617144793,-0.003519891928847052,-0.02043957368829774,27
640890,HPF,MB,engaged_2,1,-0.014341735243947662,-0.017088899477516573,0.0027471642335689106,27
640890,HPF,MB,no_reward,1,-0.008605225001297123,-0.007114292330835381,-0.001490932670461742,27
642504,HPF,MB,engaged_1,2,-0.00014461330650133997,-0.011685236084639117,0.011540622778137777,34
642504,HPF,MB,engaged_2,2,-0.011549799352618906,-0.01700142709141106,0.005451627738792153,34
642504,HPF,MB,no_reward,2,-0.012105348480298594,0.010801206188721324,-0.02290655466901992,34
614547,HPF,STR,engaged_1,1,-0.0029804136618682975,-0.007039680745865806,0.004059267083997509,15
614547,HPF,STR,engaged_2,1,0.007876947438574478,-0.007573076498833209,0.015450023937407686,15
614547,HPF,STR,no_reward,1,-0.006458117143319231,-0.0028684554082304414,-0.0035896617350887894,15
614608,HPF,STR,engaged_1,2,-0.010502493357904763,-0.003655589626299749,-0.006846903731605014,41
614608,HPF,STR,engaged_2,2,-0.01223082444937812,-0.03625778366344734,0.02402695921406922,41
614608,HPF,STR,no_reward,2,0.004070229904258593,-0.012085652298947314,0.016155882203205907,41
615048,HPF,STR,engaged_1,2,-0.0008852813652881486,0.004350034840450212,-0.005235316205738361,35
615048,HPF,STR,engaged_2,2,-0.002094410269600666,0.005986949072224301,-0.008081359341824967,35
615048,HPF,STR,no_reward,2,-0.0041572777945665385,-0.016775407631406336,0.012618129836839798,35
615564,HPF,STR,engaged_1,2,-0.004875972407333173,-0.05217577485137015,0.047299802444036976,33
615564,HPF,STR,engaged_2,2,0.008632833757422187,0.006799120170558837,0.0018337135868633503,33
615564,HPF,STR,no_reward,2,-0.009965454861649514,-0.004208704127946439,-0.0057567507337030754,33
623319,HPF,STR,engaged_1,1,-0.0021719065416387906,-0.014335710440110283,0.012163803898471492,12
623319,HPF,STR,engaged_2,1,-0.016333529281762127,-0.0037776984002575453,-0.012555830881504582,12
623319,HPF,STR,no_reward,1,-0.10323739981151314,-0.02691072328421862,-0.07632667652729452,12
623322,HPF,STR,engaged_1,1,0.00015950494851568742,-0.00966294117806521,0.009822446126580897,22
623322,HPF,STR,engaged_2,1,0.00643866948640659,-0.004913679376319147,0.011352348862725736,22
623322,HPF,STR,no_reward,1,-0.000565052276548017,-0.008359687937777749,0.007794635661229732,22
632295,HPF,STR,engaged_1,2,0.005053572070014389,-0.005732949312999502,0.010786521383013892,26
632295,HPF,STR,engaged_2,2,-0.018454204220416326,-0.003412947178504988,-0.015041257041911338,26
632295,HPF,STR,no_reward,2,-0.020254284905704523,-0.04154130086911595,0.021287015963411426,26
638387,HPF,STR,engaged_1,1,-0.021210876481317253,0.008210158068007845,-0.029421034549325098,21
638387,HPF,STR,engaged_2,1,-0.02626086346939771,-0.010301848176110906,-0.015959015293286805,21
638387,HPF,STR,no_reward,1,0.0037545965520400237,-0.0013023980156459114,0.005056994567685935,21
640887,HPF,STR,engaged_1,2,-0.004904112378551373,-0.0059079162383053885,0.0010038038597540155,48
640887,HPF,STR,engaged_2,2,-0.006393816006973141,-0.0033139227287512507,-0.00307989327822189,48
640887,HPF,STR,no_reward,2,-0.02606225000666612,-0.03555783097774107,0.009495580971074946,48
640890,HPF,STR,engaged_1,2,-0.004690767304337817,0.007322441163212623,-0.01201320846755044,49
640890,HPF,STR,engaged_2,2,-0.03741197494690984,-0.0296334525111121,-0.007778522435797741,49
640890,HPF,STR,no_reward,2,-0.014747930940889942,-0.00812454428276349,-0.006623386658126451,49
642504,HPF,STR,engaged_1,2,-0.014132748812610896,-0.011556721212046817,-0.002576027600564079,34
642504,HPF,STR,engaged_2,2,-0.015864231177242005,-0.008213571218500804,-0.007650659958741202,34
642504,HPF,STR,no_reward,2,0.0004333453236390894,-0.006232608959258312,0.006665954282897402,34
614547,HPF,TH,engaged_1,1,-0.019602022204888048,-0.014623513007922528,-0.004978509196965519,15
614547,HPF,TH,engaged_2,1,-0.012377708589414782,-0.02696143423190689,0.014583725642492107,15
614547,HPF,TH,no_reward,1,-0.008695618898235558,-0.002379263117887276,-0.006316355780348282,15
614608,HPF,TH,engaged_1,2,-0.0016404841921053848,-0.007809837007512366,0.006169352815406981,41
614608,HPF,TH,engaged_2,2,-0.01616748376391358,-0.00965485542334088,-0.0065126283405727015,41
614608,HPF,TH,no_reward,2,-0.01214274194857079,-0.0008470403213300948,-0.011295701627240695,41
615048,HPF,TH,engaged_1,2,-0.01681788044557686,-0.005414645746081415,-0.011403234699495446,35
615048,HPF,TH,engaged_2,2,-0.004846395845566898,-0.0025290407410871185,-0.002317355104479779,35
615048,HPF,TH,no_reward,2,0.001953870996433682,-0.0032921967602891344,0.0052460677567228164,35
615564,HPF,TH,engaged_1,2,-0.005235287720857962,-0.0008333812797072793,-0.0044019064411506825,33
615564,HPF,TH,engaged_2,2,-0.011045531602494496,-0.007084618859555081,-0.003960912742939415,33
615564,HPF,TH,no_reward,2,-0.03640848103592753,-0.008035073361267908,-0.028373407674659623,33
623319,HPF,TH,engaged_1,1,-0.009891718021070584,-0.001598924926176748,-0.008292793094893836,12
623319,HPF,TH,engaged_2,1,-0.010769906628496195,0.005701966337528397,-0.016471872966024592,12
623319,HPF,TH,no_reward,1,-0.04513109946563931,-0.009165383583097042,-0.03596571588254227,12
623322,HPF,TH,engaged_1,3,-0.019673894355563215,-0.004411085874417704,-0.01526280848114551,67
623322,HPF,TH,engaged_2,3,-0.006899723849789911,-0.0031530408425085956,-0.003746683007281315,67
623322,HPF,TH,no_reward,3,-0.01417754739864859,-0.0069679058964785545,-0.007209641502170035,67
626279,HPF,TH,engaged_1,1,0.0049629912490524175,-0.007940976357105112,0.01290396760615753,21
626279,HPF,TH,engaged_2,1,0.00044164695314319324,-0.014165219532173534,0.014606866485316727,21
626279,HPF,TH,no_reward,1,0.001053389786811243,0.02294752329504046,-0.02189413350822922,21
632295,HPF,TH,engaged_1,2,-0.007401525173112822,-0.00369756396767984,-0.003703961205432982,26
632295,HPF,TH,engaged_2,2,-0.00848784810730413,-0.02411347815664522,0.015625630049341088,26
632295,HPF,TH,no_reward,2,-0.00045108324876896866,-0.016089577034166302,0.015638493785397334,26
638387,HPF,TH,engaged_1,1,-0.013646288930286854,-0.02062629261952842,0.006980003689241565,21
638387,HPF,TH,engaged_2,1,-0.009371821650295487,-0.008009156210302626,-0.0013626654399928606,21
638387,HPF,TH,no_reward,1,0.0009789102842278075,-0.008014393045348789,0.008993303329576596,21
640887,HPF,TH,engaged_1,2,-0.005800461952870262,-0.006524609837485651,0.0007241478846153893,48
640887,HPF,TH,engaged_2,2,0.002665460730232272,0.008944300989296772,-0.0062788402590645,48
640887,HPF,TH,no_reward,2,-0.010910058011468604,-0.013839362834394131,0.002929304822925527,48
640890,HPF,TH,engaged_1,2,-0.010979288651840446,0.001133802408924689,-0.012113091060765135,49
640890,HPF,TH,engaged_2,2,0.002251866191799512,-0.012132869390901302,0.014384735582700814,49
640890,HPF,TH,no_reward,2,-0.017770523688286133,-0.011920266015727377,-0.005850257672558756,49
642504,HPF,TH,engaged_1,2,-0.005189273568078745,-0.0069396401282303954,0.0017503665601516505,34
642504,HPF,TH,engaged_2,2,-0.00327103296694059,0.012681058336771744,-0.015952091303712335,34
642504,HPF,TH,no_reward,2,-0.025330992923798146,-0.0044551345008235765,-0.02087585842297457,34
614547,Isocortex,HPF,engaged_1,1,-0.028152596713864164,-0.08700175889967265,0.05884916218580849,15
614547,Isocortex,HPF,engaged_2,1,-0.007961738309978816,-0.00046035993303883416,-0.007501378376939982,15
614547,Isocortex,HPF,no_reward,1,0.00048704638896013286,-0.003909199788559414,0.004396246177519547,15
614608,Isocortex,HPF,engaged_1,2,-0.006693453387258408,-0.00248265972880235,-0.004210793658456058,41
614608,Isocortex,HPF,engaged_2,2,-0.0018202496122063372,0.0005102717838529891,-0.0023305213960593263,41
614608,Isocortex,HPF,no_reward,2,-0.014493069918320334,-0.005723162754310562,-0.008769907164009771,41
615048,Isocortex,HPF,engaged_1,2,-0.013662534458394493,0.0012771010541132166,-0.01493963551250771,35
615048,Isocortex,HPF,engaged_2,2,-0.011753757519332386,-0.022033759399479658,0.010280001880147271,35
615048,Isocortex,HPF,no_reward,2,-0.010670563533055566,-0.018496011176489358,0.007825447643433792,35
615564,Isocortex,HPF,engaged_1,2,-0.02703985003333259,-0.010977028918191023,-0.016062821115141568,33
615564,Isocortex,HPF,engaged_2,2,-0.013731758297315544,-0.007521202504259861,-0.006210555793055683,33
615564,Isocortex,HPF,no_reward,2,-0.08255651012216975,-0.1585425211644566,0.07598601104228686,33
623319,Isocortex,HPF,engaged_1,1,-0.012263313133958564,-0.016826876112616684,0.00456356297865812,12
623319,Isocortex,HPF,engaged_2,1,0.005275747173596468,-0.028003621494435693,0.03327936866803216,12
623319,Isocortex,HPF,no_reward,1,0.009809575751050348,-0.04526637574188097,0.05507595149293132,12
623322,Isocortex,HPF,engaged_1,3,-0.010301108431289285,-0.0006884070195631494,-0.009612701411726135,67
623322,Isocortex,HPF,engaged_2,3,-0.006267693623942046,-0.0038027024180823377,-0.0024649912058597088,67
623322,Isocortex,HPF,no_reward,3,-0.0012158412032711914,-0.01441770528640729,0.013201864083136098,67
626279,Isocortex,HPF,engaged_1,1,-0.008462384575990245,-0.009326845562069863,0.0008644609860796182,21
626279,Isocortex,HPF,engaged_2,1,-0.005754628669773498,-0.0093699278844952,0.003615299214721701,21
626279,Isocortex,HPF,no_reward,1,0.04195612608126331,0.0034375820257495082,0.038518544055513804,21
632295,Isocortex,HPF,engaged_1,2,-0.011331752713053977,-0.014129911750318191,0.002798159037264214,26
632295,Isocortex,HPF,engaged_2,2,-0.0026258439657441124,-0.008452444252811775,0.0058266002870676625,26
632295,Isocortex,HPF,no_reward,2,-0.01532828635032063,-0.01694336765666593,0.0016150813063453007,26
638387,Isocortex,HPF,engaged_1,1,-0.00496915772164519,0.004209624121628508,-0.009178781843273698,21
638387,Isocortex,HPF,engaged_2,1,-0.022876889001411826,-0.003681867384608517,-0.01919502161680331,21
638387,Isocortex,HPF,no_reward,1,-0.0048686880325468085,-0.011672832382955911,0.006804144350409103,21
640887,Isocortex,HPF,engaged_1,2,-0.0036042265902150317,-0.013734211033574528,0.010129984443359497,48
640887,Isocortex,HPF,engaged_2,2,-0.015652882164040427,0.006295303464776469,-0.021948185628816896,48
640887,Isocortex,HPF,no_reward,2,0.005170875447351508,-0.0039186409570173275,0.009089516404368836,48
640890,Isocortex,HPF,engaged_1,2,-0.00861184335669446,-0.006213731401474909,-0.0023981119552195507,49
640890,Isocortex,HPF,engaged_2,2,0.00004699757779241809,-0.003967293107011327,0.004014290684803745,49
640890,Isocortex,HPF,no_reward,2,-0.0037447608606555605,-0.006433019799101658,0.0026882589384460975,49
642504,Isocortex,HPF,engaged_1,2,-0.0032742500331272573,-0.000027926256627064383,-0.003246323776500193,34
642504,Isocortex,HPF,engaged_2,2,-0.00851549220298975,-0.012488539861756853,0.003973047658767104,34
642504,Isocortex,HPF,no_reward,2,-0.018585075912836535,-0.023661202572703932,0.005076126659867397,34
614608,Isocortex,MB,engaged_1,2,-0.009819547894926284,-0.022076468498752166,0.012256920603825883,41
614608,Isocortex,MB,engaged_2,2,-0.006612782855504096,-0.01306129894555913,0.006448516090055034,41
614608,Isocortex,MB,no_reward,2,-0.011401629382841227,0.0054931989579420915,-0.01689482834078332,41
615048,Isocortex,MB,engaged_1,2,-0.0028606313395674876,0.005583268662003871,-0.008443900001571358,35
615048,Isocortex,MB,engaged_2,2,-0.012679953213630468,-0.01184541183313026,-0.0008345413805002089,35
615048,Isocortex,MB,no_reward,2,-0.011872404603509579,-0.003642620719978229,-0.00822978388353135,35
615564,Isocortex,MB,engaged_1,1,-0.004647628673036586,-0.006794898014068518,0.002147269341031932,17
615564,Isocortex,MB,engaged_2,1,-0.05307215359362971,-0.11803155683521804,0.06495940324158833,17
615564,Isocortex,MB,no_reward,1,-0.025359802731517833,-0.05777221041629388,0.032412407684776046,17
623319,Isocortex,MB,engaged_1,1,-0.08302884240276898,-0.06257524027469885,-0.020453602128070125,12
623319,Isocortex,MB,engaged_2,1,-0.006361796308170686,0.003504363633985874,-0.00986615994215656,12
623319,Isocortex,MB,no_reward,1,-0.012076059725892652,-0.01056929125153494,-0.0015067684743577114,12
623322,Isocortex,MB,engaged_1,1,-0.0007140099146718537,-0.02543709779678971,0.024723087882117856,22
623322,Isocortex,MB,engaged_2,1,-0.01068019599238701,-0.0038189482211663517,-0.006861247771220658,22
623322,Isocortex,MB,no_reward,1,-0.011915426715823796,-0.02097346823611801,0.009058041520294213,22
626279,Isocortex,MB,engaged_1,1,0.01819852057736837,-0.026019733827476355,0.044218254404844726,21
626279,Isocortex,MB,engaged_2,1,-0.014641105019772338,-0.0011416962264727548,-0.013499408793299583,21
626279,Isocortex,MB,no_reward,1,-0.005201386886451553,0.0009298773805758165,-0.00613126426702737,21
632295,Isocortex,MB,engaged_1,1,-0.008389245200477013,-0.02707464487110889,0.018685399670631875,14
632295,Isocortex,MB,engaged_2,1,-0.03789312662198974,-0.04584828156395093,0.007955154941961196,14
632295,Isocortex,MB,no_reward,1,-0.012955093810167684,-0.001940084725161162,-0.011015009085006522,14
640887,Isocortex,MB,engaged_1,1,-0.0075228187225646614,-0.0028577465949347625,-0.004665072127629899,23
640887,Isocortex,MB,engaged_2,1,-0.004610996961815106,0.0011405215571704819,-0.005751518518985588,23
640887,Isocortex,MB,no_reward,1,-0.06885969848507689,-0.13915763086319166,0.07029793237811477,23
640890,Isocortex,MB,engaged_1,1,-0.0062461708040144615,-0.00337516288258799,-0.0028710079214264717,27
640890,Isocortex,MB,engaged_2,1,-0.009466209044333818,-0.011786354002934929,0.0023201449586011114,27
640890,Isocortex,MB,no_reward,1,-0.0132131546554346,-0.02998351165257429,0.01677035699713969,27
642504,Isocortex,MB,engaged_1,2,0.0022863729706326663,-0.012484983347663015,0.01477135631829568,34
642504,Isocortex,MB,engaged_2,2,-0.004886652305131967,0.0015994396573354996,-0.006486091962467466,34
642504,Isocortex,MB,no_reward,2,0.01733956082994703,-0.02904089182562264,0.04638045265556967,34
614547,Isocortex,STR,engaged_1,1,0.005017141288879756,0.015571472020323274,-0.010554330731443518,15
614547,Isocortex,STR,engaged_2,1,-0.009909252280315806,0.005422767878562551,-0.015332020158878357,15
614547,Isocortex,STR,no_reward,1,-0.001590252273788506,-0.005833762366278417,0.0042435100924899105,15
614608,Isocortex,STR,engaged_1,2,-0.028357455996674552,-0.012085691165059975,-0.016271764831614577,41
614608,Isocortex,STR,engaged_2,2,-0.011928899716676267,-0.004903351973130132,-0.007025547743546134,41
614608,Isocortex,STR,no_reward,2,-0.0076371795649616825,-0.024758702647590447,0.017121523082628765,41
615048,Isocortex,STR,engaged_1,2,-0.00958708085000659,-0.009469585047666484,-0.00011749580234010626,35
615048,Isocortex,STR,engaged_2,2,0.005600722501950872,-0.0038106053948289142,0.009411327896779786,35
615048,Isocortex,STR,no_reward,2,-0.014144381088253444,-0.013371231407857287,-0.0007731496803961568,35
615564,Isocortex,STR,engaged_1,2,-0.019046223073052537,-0.0057893880490137994,-0.013256835024038738,33
615564,Isocortex,STR,engaged_2,2,0.002847332954540538,-0.0011271586879620932,0.003974491642502631,33
615564,Isocortex,STR,no_reward,2,-0.003265094530168877,-0.022139528972568046,0.01887443444239917,33
623319,Isocortex,STR,engaged_1,1,-0.006141781085328701,-0.009511890807372358,0.003370109722043657,12
623319,Isocortex,STR,engaged_2,1,-0.003651167709638803,0.0003887906516683026,-0.0040399583613071055,12
623319,Isocortex,STR,no_reward,1,-0.020465699893763678,-0.032868718456245394,0.012403018562481716,12
623322,Isocortex,STR,engaged_1,1,-0.007559034138474252,-0.005007500402614551,-0.0025515337358597012,22
623322,Isocortex,STR,engaged_2,1,-0.0038423086039013343,-0.002900994808869073,-0.0009413137950322614,22
623322,Isocortex,STR,no_reward,1,-0.0026763685861764808,-0.0022942881179476293,-0.00038208046822885144,22
632295,Isocortex,STR,engaged_1,2,-0.017960557308813963,0.004109890310479147,-0.02207044761929311,26
632295,Isocortex,STR,engaged_2,2,-0.01698038797254392,-0.007707341946617818,-0.009273046025926102,26
632295,Isocortex,STR,no_reward,2,-0.04251984339613979,-0.010040221385204884,-0.032479622010934905,26
638387,Isocortex,STR,engaged_1,1,0.0017146978091165943,-0.004348731655255622,0.006063429464372216,21
638387,Isocortex,STR,engaged_2,1,-0.004887214997740474,-0.00636151063171142,0.0014742956339709457,21
638387,Isocortex,STR,no_reward,1,0.0033962077547400327,0.002203947169518772,0.0011922605852212609,21
640887,Isocortex,STR,engaged_1,2,0.0038594190751516932,-0.010233394674623364,0.014092813749775057,48
640887,Isocortex,STR,engaged_2,2,-0.014290088474113782,-0.05084030378385196,0.03655021530973818,48
640887,Isocortex,STR,no_reward,2,-0.00024728616604186016,0.011474527012019398,-0.011721813178061258,48
640890,Isocortex,STR,engaged_1,2,-0.011330048724913278,-0.020172414139740358,0.00884236541482708,49
640890,Isocortex,STR,engaged_2,2,-0.011703170106263039,-0.017871858851822853,0.006168688745559814,49
640890,Isocortex,STR,no_reward,2,-0.0008535535485038048,-0.005574895663739365,0.004721342115235561,49
642504,Isocortex,STR,engaged_1,2,0.010511180400674502,-0.03658911737951992,0.04710029778019442,34
642504,Isocortex,STR,engaged_2,2,-0.0027536311058130036,-0.009372178217287919,0.006618547111474915,34
642504,Isocortex,STR,no_reward,2,-0.005025498278653562,0.0010772543310459959,-0.006102752609699558,34
614547,Isocortex,TH,engaged_1,1,-0.02063196364057407,-0.0025929935482224,-0.01803897009235167,15
614547,Isocortex,TH,engaged_2,1,-0.015374418569832793,-0.01324023242714456,-0.0021341861426882325,15
614547,Isocortex,TH,no_reward,1,-0.009133306310631917,-0.0264236331716573,0.017290326861025385,15
614608,Isocortex,TH,engaged_1,2,-0.006601466796718636,-0.002589467678331292,-0.004011999118387344,41
614608,Isocortex,TH,engaged_2,2,-0.007392403116288249,-0.00017459773742478646,-0.007217805378863462,41
614608,Isocortex,TH,no_reward,2,0.007071682878403263,-0.029817074454709158,0.03688875733311242,41
615048,Isocortex,TH,engaged_1,2,-0.008960042989544281,-0.0178100565163396,0.00885001352679532,35
615048,Isocortex,TH,engaged_2,2,-0.004102203016337236,-0.007796653553001132,0.0036944505366638958,35
615048,Isocortex,TH,no_reward,2,-0.008431096719014597,-0.010989865527911147,0.00255876880889655,35
615564,Isocortex,TH,engaged_1,2,-0.008323613793611906,-0.0108214277870331,0.002497813993421194,33
615564,Isocortex,TH,engaged_2,2,-0.0030814962888240927,-0.0024842064024439003,-0.0005972898863801923,33
615564,Isocortex,TH,no_reward,2,-0.014792725494962855,-0.05232706290143718,0.03753433740647433,33
623319,Isocortex,TH,engaged_1,1,-0.004780871888612093,-0.0003457223985438018,-0.004435149490068291,12
623319,Isocortex,TH,engaged_2,1,-0.004021294823307153,0.003567280662567174,-0.007588575485874327,12
623319,Isocortex,TH,no_reward,1,-0.030458225198720434,-0.024149426989565237,-0.0063087982091551975,12
623322,Isocortex,TH,engaged_1,3,-0.010776438656474782,-0.008620542408010579,-0.002155896248464203,67
623322,Isocortex,TH,engaged_2,3,-0.012354472189672746,-0.006313194063730247,-0.006041278125942499,67
623322,Isocortex,TH,no_reward,3,-0.0034647306411279186,-0.021485390571424918,0.018020659930297,67
626279,Isocortex,TH,engaged_1,1,-0.003469963358043615,-0.008673474262981151,0.005203510904937536,21
626279,Isocortex,TH,engaged_2,1,-0.006023971642784676,0.005068047036809853,-0.011092018679594529,21
626279,Isocortex,TH,no_reward,1,-0.013406936443397965,0.005592539653832107,-0.018999476097230072,21
632295,Isocortex,TH,engaged_1,2,-0.015340963257598927,-0.008405332027682566,-0.006935631229916361,26
632295,Isocortex,TH,engaged_2,2,-0.03254438999285514,-0.01337936655932398,-0.01916502343353116,26
632295,Isocortex,TH,no_reward,2,0.007697637304575733,-0.03224005542766123,0.03993769273223696,26
638387,Isocortex,TH,engaged_1,1,-0.009147984173410562,-0.013241102642411295,0.004093118469000734,21
638387,Isocortex,TH,engaged_2,1,-0.0036250011164183915,-0.004112965729221929,0.00048796461280353753,21
638387,Isocortex,TH,no_reward,1,-0.013997005689826314,0.004205472691144352,-0.018202478380970666,21
640887,Isocortex,TH,engaged_1,2,-0.0034614650549072423,-0.007658005832961945,0.004196540778054703,48
640887,Isocortex,TH,engaged_2,2,-0.011545377402894463,0.0049256237252960355,-0.0164710011281905,48
640887,Isocortex,TH,no_reward,2,-0.022796703338410662,-0.0469747548741945,0.02417805153578384,48
640890,Isocortex,TH,engaged_1,2,-0.0014856108648847455,-0.007913636967016857,0.006428026102132112,49
640890,Isocortex,TH,engaged_2,2,0.003328369090005723,-0.0048711965276058145,0.008199565617611537,49
640890,Isocortex,TH,no_reward,2,-0.008034018695505019,-0.007643159206041972,-0.00039085948946304683,49
642504,Isocortex,TH,engaged_1,2,-0.013704140224583161,-0.0011967873361325987,-0.012507352888450562,34
642504,Isocortex,TH,engaged_2,2,-0.01847747921595999,-0.005905573921922813,-0.012571905294037178,34
642504,Isocortex,TH,no_reward,2,-0.0047478441171948105,-0.005642113514711999,0.0008942693975171889,34
614608,MB,HPF,engaged_1,2,0.006487349455422842,-0.021721028138145693,0.028208377593568534,41
614608,MB,HPF,engaged_2,2,-0.008135127310239465,-0.008149528447672971,0.00001440113743350624,41
614608,MB,HPF,no_reward,2,-0.005490173754269523,-0.016179957144831114,0.010689783390561591,41
615048,MB,HPF,engaged_1,2,-0.01879739807802061,-0.02464544622236775,0.00584804814434714,35
615048,MB,HPF,engaged_2,2,-0.010868793571223834,-0.012549098126616087,0.0016803045553922535,35
615048,MB,HPF,no_reward,2,-0.013874248406970546,-0.011581379527680458,-0.0022928688792900886,35
615564,MB,HPF,engaged_1,1,-0.006813390389553087,-0.009232757385376544,0.0024193669958234576,17
615564,MB,HPF,engaged_2,1,-0.006150262687867558,-0.01073480508703395,0.004584542399166391,17
615564,MB,HPF,no_reward,1,0.0014493426172373924,-0.0003647897924041743,0.0018141324096415667,17
623319,MB,HPF,engaged_1,1,0.005454069015224716,-0.0005208013861456307,0.005974870401370347,12
623319,MB,HPF,engaged_2,1,0.00021198961534074634,-0.0007218382991329708,0.0009338279144737172,12
623319,MB,HPF,no_reward,1,-0.007607549162595095,0.0007917970013600062,-0.008399346163955101,12
623322,MB,HPF,engaged_1,1,-0.01706842766505423,-0.01669311539994489,-0.0003753122651093399,22
623322,MB,HPF,engaged_2,1,-0.010420527760647613,-0.057513643178846885,0.04709311541819927,22
623322,MB,HPF,no_reward,1,-0.014369422991149516,-0.057113643794697855,0.04274422080354834,22
626279,MB,HPF,engaged_1,1,-0.010694844635505851,-0.0034223759971799828,-0.0072724686383258685,21
626279,MB,HPF,engaged_2,1,0.0005049812410329313,-0.010091322699776084,0.010596303940809015,21
626279,MB,HPF,no_reward,1,-0.010652486267780592,0.0015272301888924478,-0.01217971645667304,21
632295,MB,HPF,engaged_1,1,0.0028619607991037244,0.008979403465776747,-0.006117442666673023,14
632295,MB,HPF,engaged_2,1,0.002645542008669177,-0.02569384088335913,0.02833938289202831,14
632295,MB,HPF,no_reward,1,-0.0025133391992699927,-0.006409008801677496,0.0038956696024075033,14
640887,MB,HPF,engaged_1,1,-0.012553318676473024,-0.004967188027225622,-0.007586130649247402,23
640887,MB,HPF,engaged_2,1,-0.019637677969814082,-0.0008269193261425389,-0.018810758643671543,23
640887,MB,HPF,no_reward,1,-0.018532279524674733,-0.012258090333371219,-0.006274189191303514,23
640890,MB,HPF,engaged_1,1,-0.0405115339171247,-0.02640525152273443,-0.014106282394390268,27
640890,MB,HPF,engaged_2,1,-0.005434987505209099,-0.005806831904588972,0.00037184439937987257,27
640890,MB,HPF,no_reward,1,-0.00839461454826318,-0.005263832428308635,-0.003130782119954545,27
642504,MB,HPF,engaged_1,2,-0.012081139765653781,-0.01885279496616815,0.00677165520051437,34
642504,MB,HPF,engaged_2,2,-0.03412033156411565,-0.10051620745521966,0.06639587589110402,34
642504,MB,HPF,no_reward,2,-0.02358131714492251,-0.026640548656541363,0.003059231511618854,34
614608,MB,Isocortex,engaged_1,2,-0.036533154931460865,-0.0873155548325148,0.05078239990105393,41
614608,MB,Isocortex,engaged_2,2,-0.023667033940273585,-0.021264543027679883,-0.002402490912593702,41
614608,MB,Isocortex,no_reward,2,-0.019708778031286456,-0.012761661094263022,-0.006947116937023434,41
615048,MB,Isocortex,engaged_1,2,-0.007388570404293915,-0.003101390473717991,-0.004287179930575924,35
615048,MB,Isocortex,engaged_2,2,-0.0020485468127729445,-0.009242134312543338,0.007193587499770393,35
615048,MB,Isocortex,no_reward,2,0.0034395013561232535,0.0005854971122288832,0.0028540042438943702,35
615564,MB,Isocortex,engaged_1,1,-0.01644700778666297,-0.01329497370977073,-0.0031520340768922406,17
615564,MB,Isocortex,engaged_2,1,-0.009287428929526609,-0.022938244480960157,0.013650815551433548,17
615564,MB,Isocortex,no_reward,1,-0.06141861510511726,0.0069459464610741595,-0.06836456156619142,17
623319,MB,Isocortex,engaged_1,1,-0.012786948556431477,0.0001309905350002083,-0.012917939091431685,12
623319,MB,Isocortex,engaged_2,1,-0.0045451249172344665,0.0015042435737230297,-0.006049368490957496,12
623319,MB,Isocortex,no_reward,1,-0.008925403527375142,0.020625623047549335,-0.029551026574924477,12
623322,MB,Isocortex,engaged_1,1,0.0015654779686000708,-0.0037975641707415075,0.005363042139341578,22
623322,MB,Isocortex,engaged_2,1,-0.03117181560029736,-0.0008673484169787748,-0.030304467183318584,22
623322,MB,Isocortex,no_reward,1,-0.008986319640806761,0.006499700431391364,-0.015486020072198126,22
626279,MB,Isocortex,engaged_1,1,-0.011796424677721018,-0.00958445477872305,-0.0022119698989979675,21
626279,MB,Isocortex,engaged_2,1,-0.03447599757957642,0.01116771180829601,-0.04564370938787243,21
626279,MB,Isocortex,no_reward,1,-0.011903787595515913,0.005708802951300385,-0.017612590546816298,21
632295,MB,Isocortex,engaged_1,1,-0.013938287659444493,0.004383521801344381,-0.018321809460788874,14
632295,MB,Isocortex,engaged_2,1,-0.00048452050676262015,-0.007918587018818868,0.007434066512056248,14
632295,MB,Isocortex,no_reward,1,-0.0069137181061458275,-0.010516407817192652,0.0036026897110468248,14
640887,MB,Isocortex,engaged_1,1,-0.0010259975154203183,-0.010911441722439852,0.009885444207019534,23
640887,MB,Isocortex,engaged_2,1,-0.005327139011158666,-0.00977063500867592,0.004443495997517255,23
640887,MB,Isocortex,no_reward,1,-0.000051786674269194144,-0.0063058643640490075,0.006254077689779813,23
640890,MB,Isocortex,engaged_1,1,-0.0033160101332410097,-0.005736159807628205,0.0024201496743871953,27
640890,MB,Isocortex,engaged_2,1,0.0014859130376279062,0.0035473150207659954,-0.002061401983138089,27
640890,MB,Isocortex,no_reward,1,-0.003503914057717661,-0.008596781828332345,0.005092867770614684,27
642504,MB,Isocortex,engaged_1,2,-0.01794968918895229,-0.04193136908861822,0.02398167989966593,34
642504,MB,Isocortex,engaged_2,2,0.0327133440453416,-0.014439010314875766,0.04715235436021736,34
642504,MB,Isocortex,no_reward,2,0.006224238506717106,-0.034274140189700986,0.04049837869641809,34
614608,MB,STR,engaged_1,2,-0.03375992187669935,-0.07648860650733824,0.04272868463063889,41
614608,MB,STR,engaged_2,2,0.0036332706190518316,-0.009767691524250943,0.013400962143302775,41
614608,MB,STR,no_reward,2,-0.0065315281320884044,0.002819219276938456,-0.00935074740902686,41
615048,MB,STR,engaged_1,2,-0.0132011622381078,-0.008344183250936943,-0.004856978987170857,35
615048,MB,STR,engaged_2,2,-0.009118055298812044,-0.011108449558778433,0.001990394259966388,35
615048,MB,STR,no_reward,2,-0.01486823564189299,-0.013080153975911446,-0.0017880816659815446,35
615564,MB,STR,engaged_1,1,-0.021108956158562342,-0.0416809961189375,0.020572039960375155,17
615564,MB,STR,engaged_2,1,0.005822110652168089,0.004262374946405023,0.0015597357057630656,17
615564,MB,STR,no_reward,1,-0.003757046229105887,0.006409688819038473,-0.01016673504814436,17
623319,MB,STR,engaged_1,1,-0.0027612444240414646,-0.0005555557147302048,-0.00220568870931126,12
623319,MB,STR,engaged_2,1,0.008512397133068283,0.01122267333788507,-0.002710276204816786,12
623319,MB,STR,no_reward,1,-0.0072621453624945875,-0.006556718604789014,-0.000705426757705574,12
623322,MB,STR,engaged_1,1,-0.01356727787356471,0.009589814938507968,-0.023157092812072677,22
623322,MB,STR,engaged_2,1,-0.0055087327969642885,0.009464068193065556,-0.014972800990029844,22
623322,MB,STR,no_reward,1,-0.010041129840932084,-0.0165434302707802,0.006502300429848118,22
632295,MB,STR,engaged_1,1,-0.0069593225170232476,-0.008907540249216028,0.0019482177321927807,14
632295,MB,STR,engaged_2,1,-0.10273557398139788,-0.12491094975659733,0.022175375775199457,14
632295,MB,STR,no_reward,1,0.001449412828409713,0.014723486239396788,-0.013274073410987075,14
640887,MB,STR,engaged_1,1,0.006586032583886903,-0.011274681859776203,0.017860714443663106,23
640887,MB,STR,engaged_2,1,-0.026371165452206302,0.0014155268168045687,-0.02778669226901087,23
640887,MB,STR,no_reward,1,0.005995774223552797,-0.019509946241488718,0.025505720465041515,23
640890,MB,STR,engaged_1,1,-0.007106036593395482,-0.026817274443970085,0.019711237850574603,27
640890,MB,STR,engaged_2,1,-0.012524303724563368,-0.00693061901375136,-0.005593684710812008,27
640890,MB,STR,no_reward,1,-0.004931040006172727,0.000963817843927961,-0.005894857850100688,27
642504,MB,STR,engaged_1,2,-0.011889826427678662,-0.012538884023513996,0.000649057595835334,34
642504,MB,STR,engaged_2,2,-0.018914062377339558,-0.04831212458011669,0.02939806220277713,34
642504,MB,STR,no_reward,2,-0.005909526632075002,-0.0263748172806062,0.020465290648531198,34
614608,MB,TH,engaged_1,2,-0.008165559947753143,-0.018258298702249487,0.010092738754496344,41
614608,MB,TH,engaged_2,2,-0.00997598308024683,-0.010911782712426932,0.000935799632180101,41
614608,MB,TH,no_reward,2,-0.012637232848490498,-0.005843158303465934,-0.006794074545024564,41
615048,MB,TH,engaged_1,2,-0.007932511376501805,0.008698575862425229,-0.016631087238927034,35
615048,MB,TH,engaged_2,2,-0.007743951640244606,-0.0009438129802441519,-0.006800138660000454,35
615048,MB,TH,no_reward,2,-0.00825461205974315,0.00020385421370117118,-0.00845846627344432,35
615564,MB,TH,engaged_1,1,-0.005194108524729235,-0.011174450281870252,0.005980341757141017,17
615564,MB,TH,engaged_2,1,0.0003015773990525661,0.006097384168905484,-0.005795806769852918,17
615564,MB,TH,no_reward,1,-0.007191291626677643,-0.0021511096699515786,-0.005040181956726064,17
623319,MB,TH,engaged_1,1,-0.013629322547312195,-0.0032808915331530297,-0.010348431014159165,12
623319,MB,TH,engaged_2,1,-0.0432545346812363,-0.0032699621102519894,-0.03998457257098431,12
623319,MB,TH,no_reward,1,0.00478197045678197,0.00620014815080594,-0.0014181776940239699,12
623322,MB,TH,engaged_1,1,-0.009563249168562882,-0.0005396507597887901,-0.009023598408774092,22
623322,MB,TH,engaged_2,1,-0.10361836516516953,-0.07380410946509852,-0.029814255700071013,22
623322,MB,TH,no_reward,1,-0.015265138653144161,0.0004506990746069306,-0.015715837727751092,22
626279,MB,TH,engaged_1,1,-0.0019574786206306705,-0.0031556283661381412,0.0011981497455074708,21
626279,MB,TH,engaged_2,1,-0.009576885907595534,-0.004786492975681567,-0.004790392931913967,21
626279,MB,TH,no_reward,1,-0.0058226056839156826,-0.013492203532452729,0.007669597848537046,21
632295,MB,TH,engaged_1,1,-0.030654323687494434,-0.07600496262008616,0.045350638932591725,14
632295,MB,TH,engaged_2,1,-0.010676104600287895,-0.005079559185879656,-0.005596545414408238,14
632295,MB,TH,no_reward,1,-0.00017168017881707964,-0.012467203953842598,0.012295523775025519,14
640887,MB,TH,engaged_1,1,-0.012047746306821705,-0.002160446886553813,-0.009887299420267892,23
640887,MB,TH,engaged_2,1,-0.007330308656847695,-0.011207183735727377,0.0038768750788796824,23
640887,MB,TH,no_reward,1,-0.0014545821143657767,0.003982580466122099,-0.005437162580487875,23
640890,MB,TH,engaged_1,1,-0.024984005692691102,0.0014502051323002085,-0.02643421082499131,27
640890,MB,TH,engaged_2,1,-0.011753434864801404,-0.00942783853805329,-0.002325596326748114,27
640890,MB,TH,no_reward,1,-0.004500437281241609,0.00556034752008383,-0.01006078480132544,27
642504,MB,TH,engaged_1,2,-0.020540026472033457,-0.00451806555299078,-0.016021960919042677,34
642504,MB,TH,engaged_2,2,-0.04153051802819624,-0.043022074455395465,0.0014915564271992254,34
642504,MB,TH,no_reward,2,-0.0142778098676975,0.009559357385364342,-0.02383716725306184,34
614547,STR,HPF,engaged_1,1,-0.02053554571746241,-0.0031457195092804424,-0.01738982620818197,15
614547,STR,HPF,engaged_2,1,-0.02413816576288408,-0.021155512763008755,-0.0029826529998753237,15
614547,STR,HPF,no_reward,1,0.0031136022393165597,-0.013050535661008666,0.016164137900325226,15
614608,STR,HPF,engaged_1,2,-0.0070745725619435484,-0.009210758594420665,0.0021361860324771165,41
614608,STR,HPF,engaged_2,2,-0.006118700829395529,-0.0039034674919830037,-0.0022152333374125255,41
614608,STR,HPF,no_reward,2,-0.018006535961977044,-0.016583604619405223,-0.0014229313425718204,41
615048,STR,HPF,engaged_1,2,-0.010718489389305752,-0.035630137092181324,0.024911647702875572,35
615048,STR,HPF,engaged_2,2,-0.005253035246393145,-0.012492594258638301,0.007239559012245156,35
615048,STR,HPF,no_reward,2,-0.05058981162243992,-0.03016383888530222,-0.0204259727371377,35
615564,STR,HPF,engaged_1,2,-0.0102157892062133,-0.011848739150116971,0.001632949943903672,33
615564,STR,HPF,engaged_2,2,-0.005350178242381987,-0.011964729605128621,0.006614551362746635,33
615564,STR,HPF,no_reward,2,-0.011591696256325779,-0.004385280080089038,-0.007206416176236741,33
623319,STR,HPF,engaged_1,1,-0.09594259722349474,0.000763760676787073,-0.09670635790028181,12
623319,STR,HPF,engaged_2,1,0.0019060749063981586,-0.002161350952257557,0.0040674258586557155,12
623319,STR,HPF,no_reward,1,-0.03793900092689184,-0.20744079268324644,0.1695017917563546,12
623322,STR,HPF,engaged_1,1,-0.01199413355724055,0.00769811657940811,-0.01969225013664866,22
623322,STR,HPF,engaged_2,1,-0.012269671527242343,-0.014590460126663096,0.0023207885994207533,22
623322,STR,HPF,no_reward,1,-0.014886771551292699,-0.01210239592348239,-0.0027843756278103093,22
632295,STR,HPF,engaged_1,2,-0.019982228267024893,-0.030948780845629076,0.010966552578604183,26
632295,STR,HPF,engaged_2,2,-0.011385513918434176,-0.0052725308255714975,-0.006112983092862678,26
632295,STR,HPF,no_reward,2,-0.008290880295207526,0.00408071795717091,-0.012371598252378435,26
638387,STR,HPF,engaged_1,1,-0.005736508509248561,-0.007016041711231602,0.0012795332019830408,21
638387,STR,HPF,engaged_2,1,-0.013972251039032435,-0.0035929850351137382,-0.010379266003918697,21
638387,STR,HPF,no_reward,1,-0.005897788252776426,-0.006529016362555429,0.0006312281097790029,21
640887,STR,HPF,engaged_1,2,-0.0066351860889191094,-0.00405708384189718,-0.0025781022470219295,48
640887,STR,HPF,engaged_2,2,-0.010065387188080588,-0.017641457052155418,0.00757606986407483,48
640887,STR,HPF,no_reward,2,-0.033422415127047855,-0.014877233553628244,-0.01854518157341961,48
640890,STR,HPF,engaged_1,2,-0.013382338454908937,0.00210054009299665,-0.015482878547905587,49
640890,STR,HPF,engaged_2,2,-0.018097927311840345,-0.010246994032460266,-0.007850933279380079,49
640890,STR,HPF,no_reward,2,-0.005396606789731639,0.007953915852317972,-0.013350522642049611,49
642504,STR,HPF,engaged_1,2,-0.010032663520135987,0.007860353721934887,-0.017893017242070874,34
642504,STR,HPF,engaged_2,2,-0.00579037883932032,-0.00839144978217743,0.002601070942857109,34
642504,STR,HPF,no_reward,2,-0.006865913424881409,-0.006992925774776393,0.00012701234989498378,34
614547,STR,Isocortex,engaged_1,1,-0.010742887744423557,-0.008419385478960373,-0.0023235022654631843,15
614547,STR,Isocortex,engaged_2,1,0.006600805045884339,-0.005390545316417583,0.011991350362301922,15
614547,STR,Isocortex,no_reward,1,-0.00023507443520121019,-0.004435951720443199,0.0042008772852419884,15
614608,STR,Isocortex,engaged_1,2,-0.013231420403878424,-0.00044703262547080014,-0.012784387778407624,41
614608,STR,Isocortex,engaged_2,2,0.000051081501052374634,-0.004317166640926073,0.004368248141978448,41
614608,STR,Isocortex,no_reward,2,-0.014407505980536417,-0.013194121648118062,-0.0012133843324183546,41
615048,STR,Isocortex,engaged_1,2,-0.0065497893845224975,0.002800465897420501,-0.009350255281942998,35
615048,STR,Isocortex,engaged_2,2,-0.00862812760993098,-0.020026749611245342,0.011398622001314362,35
615048,STR,Isocortex,no_reward,2,0.023876662438891694,-0.008767316904681577,0.03264397934357327,35
615564,STR,Isocortex,engaged_1,2,-0.0003404371251702898,-0.008886008367165743,0.008545571241995453,33
615564,STR,Isocortex,engaged_2,2,0.0028368747795354254,-0.0023492503014072574,0.005186125080942683,33
615564,STR,Isocortex,no_reward,2,-0.01048832901401825,0.001181838790694112,-0.011670167804712361,33
623319,STR,Isocortex,engaged_1,1,0.013010533171983307,0.009944757630739987,0.0030657755412433207,12
623319,STR,Isocortex,engaged_2,1,0.0007429153729248128,-0.009458283105474585,0.010201198478399398,12
623319,STR,Isocortex,no_reward,1,-0.012764855165249722,-0.004635891544492399,-0.008128963620757323,12
623322,STR,Isocortex,engaged_1,1,-0.013536404804300628,-0.004512867623307937,-0.009023537180992691,22
623322,STR,Isocortex,engaged_2,1,-0.014101667950903285,-0.007434299102623831,-0.0066673688482794535,22
623322,STR,Isocortex,no_reward,1,0.008636121059473756,0.01617659908174829,-0.007540478022274533,22
632295,STR,Isocortex,engaged_1,2,-0.009842545645267098,-0.007363240488690137,-0.002479305156576961,26
632295,STR,Isocortex,engaged_2,2,-0.021734904926907217,-0.05380458096708102,0.0320696760401738,26
632295,STR,Isocortex,no_reward,2,-0.004816650542256329,0.04413191104510372,-0.04894856158736005,26
638387,STR,Isocortex,engaged_1,1,0.0006082044348560967,-0.02481344341456404,0.025421647849420137,21
638387,STR,Isocortex,engaged_2,1,-0.006412145170636263,-0.00463567218655192,-0.001776472984084343,21
638387,STR,Isocortex,no_reward,1,-0.011026426257478628,-0.018105241640896663,0.007078815383418036,21
640887,STR,Isocortex,engaged_1,2,0.0036507887985684495,-0.012028216735960773,0.015679005534529222,48
640887,STR,Isocortex,engaged_2,2,-0.00997289909108362,-0.0027871359565401765,-0.007185763134543444,48
640887,STR,Isocortex,no_reward,2,0.002162202032921834,-0.01896216267588391,0.021124364708805743,48
640890,STR,Isocortex,engaged_1,2,-0.0147674022056683,-0.04020607954375455,0.025438677338086246,49
640890,STR,Isocortex,engaged_2,2,0.000747914757184609,-0.0069101370072361945,0.0076580517644208035,49
640890,STR,Isocortex,no_reward,2,-0.00454931143306736,0.000577549979539016,-0.005126861412606376,49
642504,STR,Isocortex,engaged_1,2,-0.06177053110757297,0.007406019753831872,-0.06917655086140484,34
642504,STR,Isocortex,engaged_2,2,-0.007856243163525678,-0.004091415748471439,-0.0037648274150542393,34
642504,STR,Isocortex,no_reward,2,0.00022980463222882497,0.0022773626882218734,-0.0020475580559930484,34
614608,STR,MB,engaged_1,2,-0.02134631395799036,-0.019913404969783388,-0.0014329089882069712,41
614608,STR,MB,engaged_2,2,-0.027508729708499935,-0.032093217570096366,0.004584487861596431,41
614608,STR,MB,no_reward,2,-0.008821831048751005,-0.004312983000775483,-0.004508848047975522,41
615048,STR,MB,engaged_1,2,-0.006807516741417552,-0.00442477597300267,-0.0023827407684148816,35
615048,STR,MB,engaged_2,2,-0.016082066301457254,0.0008190230528570264,-0.01690108935431428,35
615048,STR,MB,no_reward,2,-0.012968024585755578,-0.020471572503511226,0.0075035479177556486,35
615564,STR,MB,engaged_1,1,-0.03918969471551481,-0.12651138073321333,0.08732168601769852,17
615564,STR,MB,engaged_2,1,-0.019058879778515725,-0.018257736919313206,-0.0008011428592025194,17
615564,STR,MB,no_reward,1,-0.028372186627563023,-0.06461818040620249,0.03624599377863946,17
623319,STR,MB,engaged_1,1,-0.08802811516750975,-0.004716831798571741,-0.083311283368938,12
623319,STR,MB,engaged_2,1,-0.03792407755824578,-0.023593839823873752,-0.014330237734372031,12
623319,STR,MB,no_reward,1,-0.01829068071176554,-0.054521562387186306,0.03623088167542077,12
623322,STR,MB,engaged_1,1,0.00026679330092316267,-0.02009324712326488,0.02036004042418804,22
623322,STR,MB,engaged_2,1,-0.01671159617283824,-0.007456709775399251,-0.009254886397438988,22
623322,STR,MB,no_reward,1,-0.020669477882062637,-0.01414899300024608,-0.006520484881816557,22
632295,STR,MB,engaged_1,1,-0.0018173927584425043,-0.01078432731206802,0.008966934553625516,14
632295,STR,MB,engaged_2,1,-0.015088389490616305,-0.01560971935910549,0.0005213298684891843,14
632295,STR,MB,no_reward,1,-0.0086879293079829,0.000750526110178118,-0.009438455418161018,14
640887,STR,MB,engaged_1,1,-0.03780325883597202,-0.05870447696904124,0.02090121813306922,23
640887,STR,MB,engaged_2,1,-0.006210638006971636,-0.007039663699533127,0.0008290256925614914,23
640887,STR,MB,no_reward,1,-0.003352458864195884,-0.005656363640544337,0.0023039047763484533,23
640890,STR,MB,engaged_1,1,-0.008576025280403132,-0.011338878913340844,0.002762853632937712,27
640890,STR,MB,engaged_2,1,-0.002847197922236311,-0.003510960928497786,0.0006637630062614752,27
640890,STR,MB,no_reward,1,-0.004192662126448421,0.006769770803068842,-0.010962432929517263,27
642504,STR,MB,engaged_1,2,-0.06863192339869423,-0.01814516194747845,-0.05048676145121578,34
642504,STR,MB,engaged_2,2,-0.047809164054231024,-0.043018025155331374,-0.0047911388988996495,34
642504,STR,MB,no_reward,2,-0.0260804237647293,-0.03076688005370315,0.00468645628897385,34
614547,STR,TH,engaged_1,1,0.005151239793961149,-0.010447112581308371,0.01559835237526952,15
614547,STR,TH,engaged_2,1,0.004557731448164182,0.010603956318040675,-0.006046224869876493,15
614547,STR,TH,no_reward,1,-0.017350833810400368,-0.004711532606303748,-0.01263930120409662,15
614608,STR,TH,engaged_1,2,-0.012908708798517243,-0.0025860173348010718,-0.010322691463716172,41
614608,STR,TH,engaged_2,2,-0.011717505845470988,-0.00251231839728161,-0.009205187448189378,41
614608,STR,TH,no_reward,2,-0.014165199743440327,-0.009062359504834416,-0.00510284023860591,41
615048,STR,TH,engaged_1,2,-0.007137124655825666,-0.008467309345567664,0.0013301846897419978,35
615048,STR,TH,engaged_2,2,-0.013308289531775486,-0.007946823654343182,-0.005361465877432303,35
615048,STR,TH,no_reward,2,-0.013026717669136156,-0.01033260272164832,-0.0026941149474878356,35
615564,STR,TH,engaged_1,2,-0.002047573503952682,0.0020746012166236727,-0.004122174720576355,33
615564,STR,TH,engaged_2,2,-0.011144270301783221,-0.020904843862733336,0.009760573560950114,33
615564,STR,TH,no_reward,2,-0.010844812779745416,-0.005992363091925301,-0.004852449687820115,33
623319,STR,TH,engaged_1,1,0.007102525114489611,0.0022005119902032133,0.004902013124286397,12
623319,STR,TH,engaged_2,1,-0.023649065282441373,-0.05764905645175822,0.033999991169316846,12
623319,STR,TH,no_reward,1,-0.003273799692087964,-0.009041305166534674,0.00576750547444671,12
623322,STR,TH,engaged_1,1,-0.017296392260218285,-0.009708297983850644,-0.007588094276367641,22
623322,STR,TH,engaged_2,1,-0.011057297985192949,-0.002505395426012025,-0.008551902559180924,22
623322,STR,TH,no_reward,1,-0.014921222611995244,-0.00019304391641983276,-0.014728178695575411,22
632295,STR,TH,engaged_1,2,-0.0009204882696297045,-0.019448632774218377,0.018528144504588673,26
632295,STR,TH,engaged_2,2,-0.0263807045814895,-0.012653838555236274,-0.013726866026253226,26
632295,STR,TH,no_reward,2,0.007642429016381458,-0.014663981443527208,0.022306410459908665,26
638387,STR,TH,engaged_1,1,-0.012396490724214004,-0.003800438736047518,-0.008596051988166487,21
638387,STR,TH,engaged_2,1,-0.015153775955694893,-0.016671854402660724,0.0015180784469658315,21
638387,STR,TH,no_reward,1,-0.013185215990715426,-0.011857821267792668,-0.001327394722922759,21
640887,STR,TH,engaged_1,2,-0.011100902298592619,-0.0099536411786455,-0.0011472611199471183,48
640887,STR,TH,engaged_2,2,-0.007928680457852944,-0.0003105541607694162,-0.007618126297083527,48
640887,STR,TH,no_reward,2,-0.00025623324128676295,-0.004551223413221617,0.004294990171934854,48
640890,STR,TH,engaged_1,2,-0.018216381155620687,-0.009690151598479968,-0.008526229557140719,49
640890,STR,TH,engaged_2,2,-0.003350819296265073,-0.006670218363112879,0.0033193990668478057,49
640890,STR,TH,no_reward,2,-0.015449602186502043,-0.025704146261187444,0.010254544074685401,49
642504,STR,TH,engaged_1,2,-0.027239874877387216,-0.0061059206015975365,-0.02113395427578968,34
642504,STR,TH,engaged_2,2,-0.007064889543852759,-0.012326425163716237,0.005261535619863478,34
642504,STR,TH,no_reward,2,-0.00862292882315513,-0.01251861026090223,0.0038956814377471005,34
614547,TH,HPF,engaged_1,1,-0.006592372679677827,-0.12122475454496817,0.11463238186529034,15
614547,TH,HPF,engaged_2,1,-0.03272817241777082,0.00942251887549006,-0.04215069129326088,15
614547,TH,HPF,no_reward,1,-0.02184815189986722,-0.023249674745302817,0.0014015228454355988,15
614608,TH,HPF,engaged_1,2,-0.00857781362237231,-0.010840939073662514,0.0022631254512902044,41
614608,TH,HPF,engaged_2,2,-0.02012770677928105,-0.03023804288363735,0.010110336104356299,41
614608,TH,HPF,no_reward,2,-0.02563118308136403,-0.011812992216003626,-0.013818190865360402,41
615048,TH,HPF,engaged_1,2,-0.025752798205624927,-0.013236031917870483,-0.012516766287754444,35
615048,TH,HPF,engaged_2,2,-0.013023738898461978,-0.003567432746418575,-0.009456306152043403,35
615048,TH,HPF,no_reward,2,-0.00943067985826923,-0.009823686482221428,0.00039300662395219677,35
615564,TH,HPF,engaged_1,2,-0.02516802331849516,-0.01815373967532724,-0.007014283643167918,33
615564,TH,HPF,engaged_2,2,-0.026924566396175742,-0.009967214913213618,-0.016957351482962124,33
615564,TH,HPF,no_reward,2,-0.03589921068225799,-0.018725902120356186,-0.0171733085619018,33
623319,TH,HPF,engaged_1,1,-0.002530670090201581,0.005012666459286441,-0.007543336549488022,12
623319,TH,HPF,engaged_2,1,-0.005292985702252562,-0.0023530586966200584,-0.0029399270056325033,12
623319,TH,HPF,no_reward,1,-0.007407554025830487,0.007927424015815143,-0.01533497804164563,12
623322,TH,HPF,engaged_1,3,0.0027413583963291264,-0.0025268125951705875,0.005268170991499714,67
623322,TH,HPF,engaged_2,3,-0.010005642589173358,-0.017361548875588828,0.00735590628641547,67
623322,TH,HPF,no_reward,3,-0.005680821253358522,-0.012053143738487463,0.006372322485128941,67
626279,TH,HPF,engaged_1,1,-0.011863465324641442,0.0009006943886601393,-0.012764159713301582,21
626279,TH,HPF,engaged_2,1,-0.004649993346654058,-0.01149856176546038,0.006848568418806322,21
626279,TH,HPF,no_reward,1,-0.0027470163303431328,-0.0014888995845716568,-0.001258116745771476,21
632295,TH,HPF,engaged_1,2,-0.005018639968011829,-0.00621274372477798,0.0011941037567661517,26
632295,TH,HPF,engaged_2,2,-0.02893044570654968,-0.03931339020019131,0.010382944493641633,26
632295,TH,HPF,no_reward,2,-0.0027962088669712393,0.00027110049850503914,-0.0030673093654762784,26
638387,TH,HPF,engaged_1,1,-0.005529763098198637,-0.00022371302396928527,-0.0053060500742293515,21
638387,TH,HPF,engaged_2,1,-0.03368805857730084,-0.01569238822636565,-0.01799567035093519,21
638387,TH,HPF,no_reward,1,-0.03916400517361218,-0.00489519509507419,-0.03426881007853799,21
640887,TH,HPF,engaged_1,2,-0.022425427652371877,-0.04275628664260389,0.020330858990232015,48
640887,TH,HPF,engaged_2,2,-0.0034312169429685513,-0.020378188013725262,0.01694697107075671,48
640887,TH,HPF,no_reward,2,-0.007363614098330973,-0.0013020149978779094,-0.006061599100453063,48
640890,TH,HPF,engaged_1,2,-0.0016671419888331096,-0.008005943710489793,0.006338801721656684,49
640890,TH,HPF,engaged_2,2,-0.010626915583803132,-0.0015154848126325837,-0.009111430771170548,49
640890,TH,HPF,no_reward,2,0.010976718142474418,0.0014752762808352693,0.009501441861639148,49
642504,TH,HPF,engaged_1,2,-0.004999648719853422,0.00864887758500571,-0.013648526304859132,34
642504,TH,HPF,engaged_2,2,-0.013508872851836495,-0.005269197012170657,-0.008239675839665839,34
642504,TH,HPF,no_reward,2,-0.025749636497248485,-0.010737154822509531,-0.015012481674738953,34
614547,TH,Isocortex,engaged_1,1,-0.06142200922767982,-0.12361208770235899,0.06219007847467917,15
614547,TH,Isocortex,engaged_2,1,-0.012382439955326952,-0.0531345245413859,0.040752084586058945,15
614547,TH,Isocortex,no_reward,1,-0.045951423878700326,-0.1078898058318144,0.061938381953114074,15
614608,TH,Isocortex,engaged_1,2,-0.044881744192007134,-0.015445587852090825,-0.02943615633991631,41
614608,TH,Isocortex,engaged_2,2,-0.00551603020328828,-0.00628113056091284,0.0007651003576245596,41
614608,TH,Isocortex,no_reward,2,-0.006726917281073774,-0.0038276296235389418,-0.0028992876575348325,41
615048,TH,Isocortex,engaged_1,2,-0.005971059551447777,-0.004479883980598565,-0.0014911755708492125,35
615048,TH,Isocortex,engaged_2,2,-0.002455802624331538,-0.004166453308538154,0.001710650684206616,35
615048,TH,Isocortex,no_reward,2,-0.0028971883309987234,0.0003886514307289701,-0.0032858397617276935,35
615564,TH,Isocortex,engaged_1,2,0.003015866257385702,-0.019410042955561146,0.02242590921294685,33
615564,TH,Isocortex,engaged_2,2,0.0034873259397068535,-0.004908677292906283,0.008396003232613136,33
615564,TH,Isocortex,no_reward,2,-0.01513389715864727,-0.0028733400044705926,-0.012260557154176677,33
623319,TH,Isocortex,engaged_1,1,-0.006233372376841517,0.002177002083985524,-0.008410374460827041,12
623319,TH,Isocortex,engaged_2,1,-0.008194271582602775,-0.019634009551238174,0.0114397379686354,12
623319,TH,Isocortex,no_reward,1,-0.022094316462868635,-0.009527017275530847,-0.012567299187337788,12
623322,TH,Isocortex,engaged_1,3,-0.00826573885843577,0.0015167488666872897,-0.00978248772512306,67
623322,TH,Isocortex,engaged_2,3,0.0025361379212009614,-0.02350067358860634,0.0260368115098073,67
623322,TH,Isocortex,no_reward,3,-0.01902330793768307,-0.009921427123451268,-0.0091018808142318,67
626279,TH,Isocortex,engaged_1,1,-0.010745553977747568,0.010645008590738692,-0.02139056256848626,21
626279,TH,Isocortex,engaged_2,1,-0.011256563666502184,-0.0060772424225464805,-0.0051793212439557035,21
626279,TH,Isocortex,no_reward,1,-0.010755255927557439,-0.01573476383152861,0.00497950790397117,21
632295,TH,Isocortex,engaged_1,2,-0.010805425852133899,-0.006452200473829495,-0.004353225378304404,26
632295,TH,Isocortex,engaged_2,2,-0.015180386781059652,-0.03063181882534849,0.015451432044288838,26
632295,TH,Isocortex,no_reward,2,0.012893956797623618,-0.00022465970532359325,0.013118616502947211,26
638387,TH,Isocortex,engaged_1,1,-0.006151373946306493,-0.0014520130985929969,-0.004699360847713496,21
638387,TH,Isocortex,engaged_2,1,0.008950134694664547,-0.007409097757576699,0.016359232452241246,21
638387,TH,Isocortex,no_reward,1,-0.007066630584963707,-0.005455472115340476,-0.0016111584696232306,21
640887,TH,Isocortex,engaged_1,2,0.013556952189486715,0.006777729481836414,0.006779222707650301,48
640887,TH,Isocortex,engaged_2,2,-0.010802013907645291,-0.0023937740880573544,-0.008408239819587937,48
640887,TH,Isocortex,no_reward,2,-0.012232315335730104,0.0014385997534733796,-0.013670915089203484,48
640890,TH,Isocortex,engaged_1,2,-0.010760217377268566,-0.00013803836517806145,-0.010622179012090505,49
640890,TH,Isocortex,engaged_2,2,-0.005543732608500773,-0.0014351230842220564,-0.004108609524278717,49
640890,TH,Isocortex,no_reward,2,-0.0021629494273591177,-0.0017558904271275377,-0.0004070590002315799,49
642504,TH,Isocortex,engaged_1,2,-0.025902309482121466,0.00531905350318429,-0.031221362985305756,34
642504,TH,Isocortex,engaged_2,2,-0.008571056992886128,-0.004830132632145878,-0.00374092436074025,34
642504,TH,Isocortex,no_reward,2,-0.010446162158927463,-0.004974969791774864,-0.0054711923671526,34
614608,TH,MB,engaged_1,2,-0.014041052187434455,-0.015405313967294831,0.0013642617798603762,41
614608,TH,MB,engaged_2,2,-0.019267855463679207,-0.02141167771046104,0.0021438222467818346,41
614608,TH,MB,no_reward,2,-0.007635174614656626,-0.0012090777034582945,-0.006426096911198331,41
615048,TH,MB,engaged_1,2,-0.008230740453248897,-0.017118357852083377,0.00888761739883448,35
615048,TH,MB,engaged_2,2,-0.02393430515559336,-0.042273702676380864,0.018339397520787504,35
615048,TH,MB,no_reward,2,-0.004184000150703082,-0.010219250157267878,0.006035250006564796,35
615564,TH,MB,engaged_1,1,-0.01336330870785385,0.000269712187079163,-0.013633020894933012,17
615564,TH,MB,engaged_2,1,-0.027400556926125197,-0.09743429765431377,0.07003374072818858,17
615564,TH,MB,no_reward,1,0.010349662581072616,-0.00013317257483791423,0.01048283515591053,17
623319,TH,MB,engaged_1,1,-0.01298480854816364,-0.002549715723367818,-0.010435092824795822,12
623319,TH,MB,engaged_2,1,-0.005166004378947653,-0.01012344713032387,0.004957442751376218,12
623319,TH,MB,no_reward,1,-0.00516624182449954,0.007976983698900098,-0.013143225523399638,12
623322,TH,MB,engaged_1,1,-0.04190854002972633,-0.025088281810153434,-0.016820258219572892,22
623322,TH,MB,engaged_2,1,0.0010612946030389425,-0.004966833007867599,0.006028127610906542,22
623322,TH,MB,no_reward,1,-0.07754676540295435,-0.33251262486070987,0.2549658594577555,22
626279,TH,MB,engaged_1,1,-0.038919830600240735,0.006309884058378623,-0.04522971465861936,21
626279,TH,MB,engaged_2,1,-0.03290497877674681,-0.06865746864155298,0.03575248986480617,21
626279,TH,MB,no_reward,1,-0.015202413993343322,0.003020277555528139,-0.01822269154887146,21
632295,TH,MB,engaged_1,1,0.009435683550545693,-0.02618143398786754,0.035617117538413234,14
632295,TH,MB,engaged_2,1,-0.031465755647384186,-0.012748610795129234,-0.018717144852254952,14
632295,TH,MB,no_reward,1,-0.010157435946128945,0.012281105043533636,-0.02243854098966258,14
640887,TH,MB,engaged_1,1,-0.017476639981502062,-0.022521237019703433,0.0050445970382013705,23
640887,TH,MB,engaged_2,1,-0.01158573237736471,0.0019048356300607194,-0.01349056800742543,23
640887,TH,MB,no_reward,1,-0.005557294434605731,-0.0016965719121903033,-0.0038607225224154273,23
640890,TH,MB,engaged_1,1,0.016692812990318107,-0.007937798632085213,0.02463061162240332,27
640890,TH,MB,engaged_2,1,-0.011681468308523013,0.00026031258762582166,-0.011941780896148835,27
640890,TH,MB,no_reward,1,-0.012507524049513719,-0.0010023360883166799,-0.011505187961197039,27
642504,TH,MB,engaged_1,2,-0.013274190490332738,-0.011913436852167225,-0.0013607536381655128,34
642504,TH,MB,engaged_2,2,-0.013317156152180987,0.020088889249726738,-0.033406045401907725,34
642504,TH,MB,no_reward,2,-0.01513843546697391,-0.012389462187498312,-0.0027489732794755972,34
614547,TH,STR,engaged_1,1,-0.005376237489505331,-0.11473894086111336,0.10936270337160803,15
614547,TH,STR,engaged_2,1,-0.0039141229533032895,-0.004138686479064124,0.00022456352576083471,15
614547,TH,STR,no_reward,1,-0.016145612741183757,0.0027270245057527953,-0.018872637246936552,15
614608,TH,STR,engaged_1,2,-0.012777182607475013,-0.0010874082513002148,-0.011689774356174798,41
614608,TH,STR,engaged_2,2,-0.007785517126085606,-0.014320969165285635,0.006535452039200029,41
614608,TH,STR,no_reward,2,-0.0036783253921173764,0.001407205979355619,-0.0050855313714729955,41
615048,TH,STR,engaged_1,2,-0.01853286124135889,0.004834210608235523,-0.023367071849594412,35
615048,TH,STR,engaged_2,2,0.002028479839066455,-0.029518890705726553,0.03154737054479301,35
615048,TH,STR,no_reward,2,-0.0032834779009344728,-0.011062487485351324,0.007779009584416852,35
615564,TH,STR,engaged_1,2,-0.010309657557459329,-0.018933723322731022,0.008624065765271693,33
615564,TH,STR,engaged_2,2,-0.008940529980630274,-0.017013833915544563,0.008073303934914289,33
615564,TH,STR,no_reward,2,-0.0004297721347953365,0.0038480643616511934,-0.00427783649644653,33
623319,TH,STR,engaged_1,1,0.003260749167044441,0.0047178016591648,-0.0014570524921203587,12
623319,TH,STR,engaged_2,1,-0.01713131526180056,-0.03997234808586325,0.02284103282406269,12
623319,TH,STR,no_reward,1,-0.010786043837612613,-0.04104061097950906,0.03025456714189645,12
623322,TH,STR,engaged_1,1,-0.0029701836433504436,-0.0061381946074157145,0.003168010964065271,22
623322,TH,STR,engaged_2,1,-0.007974238954512769,-0.0035989683440765807,-0.004375270610436188,22
623322,TH,STR,no_reward,1,0.004447086134755418,-0.016706622420948225,0.021153708555703643,22
632295,TH,STR,engaged_1,2,-0.0157527671588642,-0.024169661300884604,0.008416894142020404,26
632295,TH,STR,engaged_2,2,-0.0007055878384936709,0.0025877234394889315,-0.0032933112779826024,26
632295,TH,STR,no_reward,2,-0.029031744870210707,-0.01474155792537618,-0.014290186944834526,26
638387,TH,STR,engaged_1,1,-0.009315704140292924,-0.01750814477999796,0.008192440639705034,21
638387,TH,STR,engaged_2,1,-0.0055386977468596665,-0.013454686176915365,0.007915988430055698,21
638387,TH,STR,no_reward,1,0.018389810085964964,-0.007472457431318746,0.02586226751728371,21
640887,TH,STR,engaged_1,2,-0.0022261451269864896,-0.03294103136662824,0.030714886239641748,48
640887,TH,STR,engaged_2,2,-0.02231076074681726,-0.022050150545534164,-0.00026061020128309575,48
640887,TH,STR,no_reward,2,-0.005760347623528228,-0.018497277859381267,0.012736930235853039,48
640890,TH,STR,engaged_1,2,-0.013730065910053102,-0.021915016105341023,0.008184950195287921,49
640890,TH,STR,engaged_2,2,-0.005830140083822211,-0.006426370322639485,0.0005962302388172747,49
640890,TH,STR,no_reward,2,0.003966306920471563,-0.018029324760574283,0.021995631681045846,49
642504,TH,STR,engaged_1,2,-0.005676363748145008,-0.006339274216698554,0.0006629104685535459,34
642504,TH,STR,engaged_2,2,0.0027730595089990318,-0.028499379759159282,0.031272439268158314,34
642504,TH,STR,no_reward,2,0.0028785469107613926,-0.014732099490684103,0.017610646401445496,34
