subject_id,behavior_block,block_order,response_probability,n_sessions_response_contributing,n_responses,n_go_trials,false_alarm_probability,n_sessions_false_alarm_contributing,n_false_alarms,n_catch_trials,dprime,n_sessions_dprime_contributing,n_sessions_inventory,n_sessions_in_cohort,session_cohort,aggregation_method,n_sessions_contributing
604914,engaged_1,1,0.7659574468085106,2,37,59,0.5588235294117647,2,9,24,0.6992209074880155,2,2,2,technically_valid,equal_session_mean,2
604914,no_reward_late,2,0.54,2,47,93,0.5,2,15,30,0.4631430465490366,2,2,2,technically_valid,equal_session_mean,2
604914,engaged_2_early,3,0.5,2,41,112,0.5,2,14,39,0.018025924424255546,2,2,2,technically_valid,equal_session_mean,2
604914,engaged_2_late,4,0.5104166666666666,2,23,70,0.5,2,7,22,0.2379133963925013,2,2,2,technically_valid,equal_session_mean,2
604914,engaged_1,1,,0,0,0,,0,0,0,,0,2,0,threshold_selected,equal_session_mean,0
604914,no_reward_late,2,,0,0,0,,0,0,0,,0,2,0,threshold_selected,equal_session_mean,0
604914,engaged_2_early,3,,0,0,0,,0,0,0,,0,2,0,threshold_selected,equal_session_mean,0
604914,engaged_2_late,4,,0,0,0,,0,0,0,,0,2,0,threshold_selected,equal_session_mean,0
607660,engaged_1,1,0.513260588516343,4,69,141,0.14734848484848484,4,7,46,1.0483171359516257,4,4,4,technically_valid,equal_session_mean,4
607660,no_reward_late,2,0.11201446967933026,4,21,187,0.03571428571428571,4,2,62,0.4480169579800568,4,4,4,technically_valid,equal_session_mean,4
607660,engaged_2_early,3,0.2614415364941204,4,38,165,0.11927319004524888,4,6,54,0.3806491143908484,4,4,4,technically_valid,equal_session_mean,4
607660,engaged_2_late,4,0.28535353535353536,4,37,136,0.07272727272727272,4,3,46,0.584631833522519,4,4,4,technically_valid,equal_session_mean,4
607660,engaged_1,1,,0,0,0,,0,0,0,,0,4,0,threshold_selected,equal_session_mean,0
607660,no_reward_late,2,,0,0,0,,0,0,0,,0,4,0,threshold_selected,equal_session_mean,0
607660,engaged_2_early,3,,0,0,0,,0,0,0,,0,4,0,threshold_selected,equal_session_mean,0
607660,engaged_2_late,4,,0,0,0,,0,0,0,,0,4,0,threshold_selected,equal_session_mean,0
608671,engaged_1,1,0.5066953610712578,4,88,172,0.06919642857142858,4,4,57,1.4419740504781617,4,4,4,technically_valid,equal_session_mean,4
608671,no_reward_late,2,0.0,4,0,189,0.03333333333333333,4,2,63,-0.6437023506856607,4,4,4,technically_valid,equal_session_mean,4
608671,engaged_2_early,3,0.21632077991452991,4,46,238,0.055330882352941174,4,4,76,0.5216923677245475,4,4,4,technically_valid,equal_session_mean,4
608671,engaged_2_late,4,0.225,4,29,152,0.041666666666666664,4,2,54,0.38401950831353704,4,4,4,technically_valid,equal_session_mean,4
608671,engaged_1,1,,0,0,0,,0,0,0,,0,4,0,threshold_selected,equal_session_mean,0
608671,no_reward_late,2,,0,0,0,,0,0,0,,0,4,0,threshold_selected,equal_session_mean,0
608671,engaged_2_early,3,,0,0,0,,0,0,0,,0,4,0,threshold_selected,equal_session_mean,0
608671,engaged_2_late,4,,0,0,0,,0,0,0,,0,4,0,threshold_selected,equal_session_mean,0
608672,engaged_1,1,0.6670987778000401,4,92,137,0.17381229881229882,4,8,47,1.2896699507152691,4,4,4,technically_valid,equal_session_mean,4
608672,no_reward_late,2,0.10132278872294423,4,19,184,0.058823529411764705,4,4,64,0.19063439739385896,4,4,4,technically_valid,equal_session_mean,4
608672,engaged_2_early,3,0.3148759820223636,4,52,202,0.12996031746031747,4,7,64,0.38577429847714184,4,4,4,technically_valid,equal_session_mean,4
608672,engaged_2_late,4,0.25353095030514383,4,32,138,0.09545454545454546,4,4,50,0.49859489777900656,4,4,4,technically_valid,equal_session_mean,4
608672,engaged_1,1,,0,0,0,,0,0,0,,0,4,0,threshold_selected,equal_session_mean,0
608672,no_reward_late,2,,0,0,0,,0,0,0,,0,4,0,threshold_selected,equal_session_mean,0
608672,engaged_2_early,3,,0,0,0,,0,0,0,,0,4,0,threshold_selected,equal_session_mean,0
608672,engaged_2_late,4,,0,0,0,,0,0,0,,0,4,0,threshold_selected,equal_session_mean,0
611160,engaged_1,1,0.6878787878787879,3,66,96,0.16666666666666666,3,5,32,1.475933146860682,3,3,3,technically_valid,equal_session_mean,3
611160,no_reward_late,2,0.057971014492753624,3,8,139,0.0,3,0,48,0.24838894389269162,3,3,3,technically_valid,equal_session_mean,3
611160,engaged_2_early,3,0.33336316982933517,3,54,162,0.0,3,0,51,1.488488103422401,3,3,3,technically_valid,equal_session_mean,3
611160,engaged_2_late,4,0.5721198156682028,3,60,106,0.0,3,0,35,1.9276736715712268,3,3,3,technically_valid,equal_session_mean,3
611160,engaged_1,1,,0,0,0,,0,0,0,,0,3,0,threshold_selected,equal_session_mean,0
611160,no_reward_late,2,,0,0,0,,0,0,0,,0,3,0,threshold_selected,equal_session_mean,0
611160,engaged_2_early,3,,0,0,0,,0,0,0,,0,3,0,threshold_selected,equal_session_mean,0
611160,engaged_2_late,4,,0,0,0,,0,0,0,,0,3,0,threshold_selected,equal_session_mean,0
611166,engaged_1,1,0.5303903903903904,4,71,135,0.12713675213675213,4,6,47,1.1815046617308003,4,4,4,technically_valid,equal_session_mean,4
611166,no_reward_late,2,0.06286531456554253,4,12,189,0.03333333333333333,4,2,62,0.1709943011656206,4,4,4,technically_valid,equal_session_mean,4
611166,engaged_2_early,3,0.31344696969696967,4,52,188,0.05416666666666666,4,3,61,0.7364106446545696,4,4,4,technically_valid,equal_session_mean,4
611166,engaged_2_late,4,0.2512800417972832,4,31,136,0.12184343434343434,4,5,46,0.12568317836777693,4,4,4,technically_valid,equal_session_mean,4
611166,engaged_1,1,,0,0,0,,0,0,0,,0,4,0,threshold_selected,equal_session_mean,0
611166,no_reward_late,2,,0,0,0,,0,0,0,,0,4,0,threshold_selected,equal_session_mean,0
611166,engaged_2_early,3,,0,0,0,,0,0,0,,0,4,0,threshold_selected,equal_session_mean,0
611166,engaged_2_late,4,,0,0,0,,0,0,0,,0,4,0,threshold_selected,equal_session_mean,0
612090,engaged_1,1,0.5922740621089874,4,105,179,0.09895833333333333,4,6,59,1.396732956736841,4,4,4,technically_valid,equal_session_mean,4
612090,no_reward_late,2,0.10276636041263701,4,19,186,0.03333333333333333,4,2,66,0.39676782257260246,4,4,4,technically_valid,equal_session_mean,4
612090,engaged_2_early,3,0.5717696046509185,4,131,230,0.05704365079365079,4,4,76,1.669753867826088,4,4,4,technically_valid,equal_session_mean,4
612090,engaged_2_late,4,0.5935567474404486,4,84,142,0.10950854700854701,4,5,46,1.3168329855689556,4,4,4,technically_valid,equal_session_mean,4
612090,engaged_1,1,0.62000177978168,3,77,124,0.0763888888888889,3,3,41,1.5550381469935706,3,4,3,threshold_selected,equal_session_mean,3
612090,no_reward_late,2,0.1015608209757146,3,14,139,0.044444444444444446,3,2,48,0.28388268078767637,3,4,3,threshold_selected,equal_session_mean,3
612090,engaged_2_early,3,0.589945679764443,3,101,172,0.057539682539682536,3,3,58,1.7414432927973396,3,4,3,threshold_selected,equal_session_mean,3
612090,engaged_2_late,4,0.5893887945670628,3,64,109,0.09045584045584044,3,3,34,1.3789802561951612,3,4,3,threshold_selected,equal_session_mean,3
614547,engaged_1,1,0.7966401414677277,3,77,97,0.19269619269619268,3,6,33,1.6272611343740042,3,3,3,technically_valid,equal_session_mean,3
614547,no_reward_late,2,0.22802721088435374,3,34,149,0.18452380952380953,3,8,44,0.14656101548797693,3,3,3,technically_valid,equal_session_mean,3
614547,engaged_2_early,3,0.7727834396169815,3,102,133,0.16666666666666666,3,7,44,1.6624927803085796,3,3,3,technically_valid,equal_session_mean,3
614547,engaged_2_late,4,0.7235209235209235,3,60,84,0.05555555555555555,3,2,31,1.978409173689413,3,3,3,technically_valid,equal_session_mean,3
614547,engaged_1,1,0.7692307692307693,1,30,39,0.15384615384615385,1,2,13,1.635190416648566,1,3,1,threshold_selected,equal_session_mean,1
614547,no_reward_late,2,0.16,1,8,50,0.07142857142857142,1,1,14,0.31412999944289943,1,3,1,threshold_selected,equal_session_mean,1
614547,engaged_2_early,3,0.8285714285714286,1,29,35,0.25,1,3,12,1.528391031279582,1,3,1,threshold_selected,equal_session_mean,1
614547,engaged_2_late,4,0.8181818181818182,1,18,22,0.0,1,0,8,2.4504731382442286,1,3,1,threshold_selected,equal_session_mean,1
614608,engaged_1,1,0.6888278617502648,4,129,187,0.13392857142857142,4,8,60,1.4942746172725823,4,4,4,technically_valid,equal_session_mean,4
614608,no_reward_late,2,0.11192201518288475,4,21,186,0.015625,4,1,62,0.48656152897646726,4,4,4,technically_valid,equal_session_mean,4
614608,engaged_2_early,3,0.45477651630734933,4,98,224,0.05857843137254902,4,4,72,1.3355479147246785,4,4,4,technically_valid,equal_session_mean,4
614608,engaged_2_late,4,0.5375386996904025,4,77,144,0.10119047619047619,4,5,49,1.2986694965483003,4,4,4,technically_valid,equal_session_mean,4
614608,engaged_1,1,0.6761538461538461,2,60,89,0.13392857142857142,2,4,30,1.4546226742623753,2,4,2,threshold_selected,equal_session_mean,2
614608,no_reward_late,2,0.11490683229813664,2,11,95,0.0,2,0,31,0.7048112913644466,2,4,2,threshold_selected,equal_session_mean,2
614608,engaged_2_early,3,0.5671031096563011,2,56,99,0.09215686274509804,2,3,32,1.3676345784461013,2,4,2,threshold_selected,equal_session_mean,2
614608,engaged_2_late,4,0.5882352941176471,2,40,68,0.125,2,3,23,1.3899368748082803,2,4,2,threshold_selected,equal_session_mean,2
615047,engaged_1,1,0.37599759132878363,4,65,185,0.071875,4,4,62,1.0856782076476201,4,4,4,technically_valid,equal_session_mean,4
615047,no_reward_late,2,0.22799006127273605,4,43,190,0.16071428571428573,4,9,56,0.43367135069521184,4,4,4,technically_valid,equal_session_mean,4
615047,engaged_2_early,3,0.33383348244611233,4,68,181,0.08260233918128654,4,4,59,0.833788864037741,4,4,4,technically_valid,equal_session_mean,4
615047,engaged_2_late,4,0.3181291747468218,4,40,114,0.21344627594627594,4,8,41,0.1945210953898479,4,4,4,technically_valid,equal_session_mean,4
615047,engaged_1,1,,0,0,0,,0,0,0,,0,4,0,threshold_selected,equal_session_mean,0
615047,no_reward_late,2,,0,0,0,,0,0,0,,0,4,0,threshold_selected,equal_session_mean,0
615047,engaged_2_early,3,,0,0,0,,0,0,0,,0,4,0,threshold_selected,equal_session_mean,0
615047,engaged_2_late,4,,0,0,0,,0,0,0,,0,4,0,threshold_selected,equal_session_mean,0
615048,engaged_1,1,0.5657404380516509,4,93,164,0.07037037037037036,4,7,98,1.6200240228333613,4,4,4,technically_valid,equal_session_mean,4
615048,no_reward_late,2,0.05811578624078624,4,8,142,0.011904761904761904,4,1,91,0.403676517392798,4,4,4,technically_valid,equal_session_mean,4
615048,engaged_2_early,3,0.41216884620952565,4,78,196,0.08322132616487454,4,9,112,1.0779839977076975,4,4,4,technically_valid,equal_session_mean,4
615048,engaged_2_late,4,0.38547267025089604,4,49,131,0.08605843653250775,4,6,76,0.9278442664603225,4,4,4,technically_valid,equal_session_mean,4
615048,engaged_1,1,0.5488721804511278,2,40,73,0.05,2,2,41,1.7097307310037233,2,4,2,threshold_selected,equal_session_mean,2
615048,no_reward_late,2,0.05795454545454545,2,4,73,0.023809523809523808,2,1,46,0.2513191704801643,2,4,2,threshold_selected,equal_session_mean,2
615048,engaged_2_early,3,0.6195652173913044,2,57,92,0.11805555555555555,2,6,51,1.4131169065274376,2,4,2,threshold_selected,equal_session_mean,2
615048,engaged_2_late,4,0.53125,2,34,64,0.1408668730650155,2,5,36,1.084071665999435,2,4,2,threshold_selected,equal_session_mean,2
615563,engaged_1,1,0.8234982882041706,3,113,138,0.06442955344311117,3,5,81,2.3473888372282317,3,3,3,technically_valid,equal_session_mean,3
615563,no_reward_late,2,0.06798245614035088,3,7,112,0.030303030303030304,3,2,70,0.13392989990381698,3,3,3,technically_valid,equal_session_mean,3
615563,engaged_2_early,3,0.8281588372480426,3,100,123,0.12444037444037444,3,8,72,2.1134062425291518,3,3,3,technically_valid,equal_session_mean,3
615563,engaged_2_late,4,0.7890989729225023,3,67,86,0.18860877684407096,3,10,55,1.686393956591316,3,3,3,technically_valid,equal_session_mean,3
615563,engaged_1,1,0.8234982882041706,3,113,138,0.06442955344311117,3,5,81,2.3473888372282317,3,3,3,threshold_selected,equal_session_mean,3
615563,no_reward_late,2,0.06798245614035088,3,7,112,0.030303030303030304,3,2,70,0.13392989990381698,3,3,3,threshold_selected,equal_session_mean,3
615563,engaged_2_early,3,0.8281588372480426,3,100,123,0.12444037444037444,3,8,72,2.1134062425291518,3,3,3,threshold_selected,equal_session_mean,3
615563,engaged_2_late,4,0.7890989729225023,3,67,86,0.18860877684407096,3,10,55,1.686393956591316,3,3,3,threshold_selected,equal_session_mean,3
615564,engaged_1,1,0.7394744820731662,4,119,162,0.18844475611656536,4,17,95,1.514339934391273,4,4,4,technically_valid,equal_session_mean,4
615564,no_reward_late,2,0.12558670421573648,4,14,124,0.10660885167464115,4,8,72,-0.06177615187393845,4,4,4,technically_valid,equal_session_mean,4
615564,engaged_2_early,3,0.6832192908511368,4,101,156,0.18033661740558293,4,14,89,1.4553735738497502,4,4,4,technically_valid,equal_session_mean,4
615564,engaged_2_late,4,0.6059679677206851,4,65,112,0.11858974358974358,4,7,67,1.505576444697858,4,4,4,technically_valid,equal_session_mean,4
615564,engaged_1,1,0.8403271692745378,2,63,75,0.21980676328502413,2,9,41,1.6933961172054126,2,4,2,threshold_selected,equal_session_mean,2
615564,no_reward_late,2,0.12154377880184332,2,7,59,0.10526315789473684,2,4,34,0.16059101867064152,2,4,2,threshold_selected,equal_session_mean,2
615564,engaged_2_early,3,0.7550940438871474,2,53,73,0.2785714285714286,2,10,39,1.307910837556824,2,4,2,threshold_selected,equal_session_mean,2
615564,engaged_2_late,4,0.515625,2,26,56,0.15384615384615385,2,4,32,1.268284755355244,2,4,2,threshold_selected,equal_session_mean,2
623319,engaged_1,1,0.8638250319284801,3,69,80,0.2957516339869281,3,13,46,1.5658512781807614,3,3,3,technically_valid,equal_session_mean,3
623319,no_reward_late,2,0.10179294389820705,3,12,119,0.0,3,0,72,0.7562035853760674,3,3,3,technically_valid,equal_session_mean,3
623319,engaged_2_early,3,0.8373275236020334,3,74,88,0.25163398692810457,3,14,58,1.61464406368714,3,3,3,technically_valid,equal_session_mean,3
623319,engaged_2_late,4,0.780969030969031,3,59,76,0.13333333333333333,3,6,45,1.9077060965852823,3,3,3,technically_valid,equal_session_mean,3
623319,engaged_1,1,0.8582375478927202,2,48,56,0.23529411764705882,2,8,34,1.7116031756517007,2,3,2,threshold_selected,equal_session_mean,2
623319,no_reward_late,2,0.05012531328320802,2,4,80,0.0,2,0,48,0.506319345810809,2,3,2,threshold_selected,equal_session_mean,2
623319,engaged_2_early,3,0.8671023965141612,2,53,61,0.2892156862745098,2,11,41,1.6252449935138147,2,3,2,threshold_selected,equal_session_mean,2
623319,engaged_2_late,4,0.8321678321678322,2,40,48,0.2,2,6,30,1.7068991089140089,2,3,2,threshold_selected,equal_session_mean,2
623322,engaged_1,1,0.692979954184082,4,126,184,0.03711640211640212,4,4,108,2.2256491071349505,4,4,4,technically_valid,equal_session_mean,4
623322,no_reward_late,2,0.10934317501069749,4,12,134,0.10217171717171718,4,8,89,-0.0010318232935490335,4,4,4,technically_valid,equal_session_mean,4
623322,engaged_2_early,3,0.6349481691401297,4,122,193,0.043144499178981936,4,5,117,1.9238526821155446,4,4,4,technically_valid,equal_session_mean,4
623322,engaged_2_late,4,0.4518018018018018,4,63,146,0.028594771241830064,4,2,82,1.3458318739221289,4,4,4,technically_valid,equal_session_mean,4
623322,engaged_1,1,0.7736464748598216,3,103,133,0.025679012345679014,3,2,80,2.552970613957386,3,4,3,threshold_selected,equal_session_mean,3
623322,no_reward_late,2,0.03912423334759663,3,4,109,0.04363636363636364,3,3,71,-0.0368749175236384,3,4,3,threshold_selected,equal_session_mean,3
623322,engaged_2_early,3,0.6399308921868396,3,91,143,0.04641488779419814,3,4,87,1.91180206914749,3,4,3,threshold_selected,equal_session_mean,3
623322,engaged_2_late,4,0.4222222222222222,3,43,109,0.03812636165577342,3,2,61,1.094598688919879,3,4,3,threshold_selected,equal_session_mean,3
623784,engaged_1,1,0.8299120234604106,4,106,128,0.2803331859059413,4,22,78,1.5761427487405775,4,4,4,technically_valid,equal_session_mean,4
623784,no_reward_late,2,0.3368951612903226,4,32,106,0.19115190365190365,4,11,62,0.35391110151266464,4,4,4,technically_valid,equal_session_mean,4
623784,engaged_2_early,3,0.7440767973856209,4,100,135,0.21305982347172278,4,17,82,1.4466189401643395,4,4,4,technically_valid,equal_session_mean,4
623784,engaged_2_late,4,0.6404166666666666,4,59,93,0.1793040293040293,4,10,55,1.2511169570071599,4,4,4,technically_valid,equal_session_mean,4
623784,engaged_1,1,0.8709677419354839,1,27,31,0.17647058823529413,1,3,17,1.9391496872144525,1,4,1,threshold_selected,equal_session_mean,1
623784,no_reward_late,2,0.0967741935483871,1,3,31,0.15,1,3,20,-0.2624371931148881,1,4,1,threshold_selected,equal_session_mean,1
623784,engaged_2_early,3,0.6666666666666666,1,22,33,0.2631578947368421,1,5,19,1.0150442654315,1,4,1,threshold_selected,equal_session_mean,1
623784,engaged_2_late,4,0.6666666666666666,1,16,24,0.23076923076923078,1,3,13,1.0869528796374865,1,4,1,threshold_selected,equal_session_mean,1
623786,engaged_1,1,0.7432804104715985,4,109,147,0.08520066889632108,4,8,95,1.9302767852489953,4,4,4,technically_valid,equal_session_mean,4
623786,no_reward_late,2,0.16420913394597605,4,11,102,0.065625,4,2,61,0.39321295936835143,4,4,4,technically_valid,equal_session_mean,4
623786,engaged_2_early,3,0.7073761261261261,4,117,167,0.05096153846153846,4,5,95,2.2001627426404746,4,4,4,technically_valid,equal_session_mean,4
623786,engaged_2_late,4,0.7760037878787879,4,93,120,0.16381578947368422,4,11,73,1.8877364936945096,4,4,4,technically_valid,equal_session_mean,4
623786,engaged_1,1,0.7598566308243728,2,51,67,0.09347826086956522,2,4,43,1.9018794552176341,2,4,2,threshold_selected,equal_session_mean,2
623786,no_reward_late,2,0.03518518518518518,2,2,57,0.03125,2,1,32,-0.015327286321313305,2,4,2,threshold_selected,equal_session_mean,2
623786,engaged_2_early,3,0.7814189189189189,2,60,77,0.025,2,1,42,2.507863377735221,2,4,2,threshold_selected,equal_session_mean,2
623786,engaged_2_late,4,0.7229166666666667,2,45,62,0.05263157894736842,2,2,37,2.135033636240826,2,4,2,threshold_selected,equal_session_mean,2
626279,engaged_1,1,0.4229351441241685,4,65,169,0.08964646464646464,4,9,107,1.0355707383958601,4,4,4,technically_valid,equal_session_mean,4
626279,no_reward_late,2,0.06160714285714286,4,10,163,0.010869565217391304,4,1,96,0.36411010690411816,4,4,4,technically_valid,equal_session_mean,4
626279,engaged_2_early,3,0.3642860685413877,4,62,180,0.09492818322981367,4,10,115,0.9504027618738026,4,4,4,technically_valid,equal_session_mean,4
626279,engaged_2_late,4,0.25981002554278415,4,30,135,0.07753623188405798,4,5,78,0.5001575880178375,4,4,4,technically_valid,equal_session_mean,4
626279,engaged_1,1,0.725,1,29,40,0.2222222222222222,1,6,27,1.3132010903920734,1,4,1,threshold_selected,equal_session_mean,1
626279,no_reward_late,2,0.07142857142857142,1,3,42,0.0,1,0,23,0.6410871387517203,1,4,1,threshold_selected,equal_session_mean,1
626279,engaged_2_early,3,0.7435897435897436,1,29,39,0.21739130434782608,1,5,23,1.377251057559099,1,4,1,threshold_selected,equal_session_mean,1
626279,engaged_2_late,4,0.48148148148148145,1,13,27,0.2,1,3,15,0.7316455844524112,1,4,1,threshold_selected,equal_session_mean,1
632295,engaged_1,1,0.8373809523809523,4,93,111,0.23223039215686275,4,16,68,1.6558687269843486,4,4,4,technically_valid,equal_session_mean,4
632295,no_reward_late,2,0.14816959816959815,4,19,135,0.025252525252525252,4,2,87,0.6670675594771593,4,4,4,technically_valid,equal_session_mean,4
632295,engaged_2_early,3,0.8508837167373753,4,130,153,0.22725752508361205,4,21,92,1.720403526056185,4,4,4,technically_valid,equal_session_mean,4
632295,engaged_2_late,4,0.7832349074729498,4,83,107,0.096875,4,6,64,2.0490659474712274,4,4,4,technically_valid,equal_session_mean,4
632295,engaged_1,1,0.8214285714285714,2,46,56,0.23529411764705882,2,8,34,1.5840646273099515,2,4,2,threshold_selected,equal_session_mean,2
632295,no_reward_late,2,0.055598455598455596,2,4,72,0.022727272727272728,2,1,45,0.28068886864665843,2,4,2,threshold_selected,equal_session_mean,2
632295,engaged_2_early,3,0.8248905565978737,2,66,80,0.24581939799331104,2,12,49,1.5610929672010503,2,4,2,threshold_selected,equal_session_mean,2
632295,engaged_2_late,4,0.7248275862068966,2,39,54,0.12708333333333333,2,4,31,1.645166582160721,2,4,2,threshold_selected,equal_session_mean,2
633232,engaged_1,1,0.48151250040168386,4,45,109,0.2822128851540616,4,13,62,0.5979673641585412,4,4,4,technically_valid,equal_session_mean,4
633232,no_reward_late,2,0.30194757727652466,4,42,142,0.0625,4,5,89,0.9760625580210509,4,4,4,technically_valid,equal_session_mean,4
633232,engaged_2_early,3,0.4246686132740081,4,55,161,0.22292634740003162,4,18,99,0.555356119062963,4,4,4,technically_valid,equal_session_mean,4
633232,engaged_2_late,4,0.36200033875338755,4,32,108,0.15409843779408997,4,9,63,0.45423589213252846,4,4,4,technically_valid,equal_session_mean,4
633232,engaged_1,1,,0,0,0,,0,0,0,,0,4,0,threshold_selected,equal_session_mean,0
633232,no_reward_late,2,,0,0,0,,0,0,0,,0,4,0,threshold_selected,equal_session_mean,0
633232,engaged_2_early,3,,0,0,0,,0,0,0,,0,4,0,threshold_selected,equal_session_mean,0
633232,engaged_2_late,4,,0,0,0,,0,0,0,,0,4,0,threshold_selected,equal_session_mean,0
636740,engaged_1,1,0.48044236883195063,4,86,191,0.0604064039408867,4,7,120,1.3223410630320018,4,4,4,technically_valid,equal_session_mean,4
636740,no_reward_late,2,0.10792533659730721,4,18,164,0.02128623188405797,4,2,95,0.39889299853869026,4,4,4,technically_valid,equal_session_mean,4
636740,engaged_2_early,3,0.39938688167693737,4,76,206,0.03333333333333333,4,4,122,1.5006816548498159,4,4,4,technically_valid,equal_session_mean,4
636740,engaged_2_late,4,0.5200367647058823,4,68,138,0.011363636363636364,4,1,85,1.782995045649181,4,4,4,technically_valid,equal_session_mean,4
636740,engaged_1,1,0.7446808510638298,1,35,47,0.1,1,3,30,1.8532935061978462,1,4,1,threshold_selected,equal_session_mean,1
636740,no_reward_late,2,0.05263157894736842,1,2,38,0.0,1,0,26,0.5641375196058946,1,4,1,threshold_selected,equal_session_mean,1
636740,engaged_2_early,3,0.5849056603773585,1,31,53,0.13333333333333333,1,4,30,1.2678426227343058,1,4,1,threshold_selected,equal_session_mean,1
636740,engaged_2_late,4,0.6176470588235294,1,21,34,0.0,1,0,21,2.290930340229373,1,4,1,threshold_selected,equal_session_mean,1
637483,engaged_1,1,0.9244444444444445,3,126,137,0.02482758620689655,3,2,85,3.347231836712398,3,3,3,technically_valid,equal_session_mean,3
637483,no_reward_late,2,0.2689417989417989,3,27,96,0.05882352941176471,3,3,63,1.0305529838132024,3,3,3,technically_valid,equal_session_mean,3
637483,engaged_2_early,3,0.9414405684754522,3,128,136,0.16131091131091133,3,14,87,2.4376689284839608,3,3,3,technically_valid,equal_session_mean,3
637483,engaged_2_late,4,0.8945115405260333,3,82,90,0.09563492063492063,3,5,52,2.4843604369687937,3,3,3,technically_valid,equal_session_mean,3
637483,engaged_1,1,0.9333333333333333,1,42,45,0.034482758620689655,1,1,29,3.076748488472031,1,3,1,threshold_selected,equal_session_mean,1
637483,no_reward_late,2,0.16,1,4,25,0.17647058823529413,1,3,17,-0.0804416548216037,1,3,1,threshold_selected,equal_session_mean,1
637483,engaged_2_early,3,0.9375,1,45,48,0.15151515151515152,1,5,33,2.4524647846756977,1,3,1,threshold_selected,equal_session_mean,1
637483,engaged_2_late,4,0.975,1,39,40,0.09523809523809523,1,2,21,2.999178337600717,1,3,1,threshold_selected,equal_session_mean,1
637488,engaged_1,1,0.2313690476190476,4,46,215,0.04205851619644723,4,5,132,0.7691856035853535,4,4,4,technically_valid,equal_session_mean,4
637488,no_reward_late,2,0.03048780487804878,4,5,167,0.009259259259259259,4,1,100,-0.035543954346927475,4,4,4,technically_valid,equal_session_mean,4
637488,engaged_2_early,3,0.15542058516196447,4,35,235,0.015151515151515152,4,2,144,0.6761531895672328,4,4,4,technically_valid,equal_session_mean,4
637488,engaged_2_late,4,0.1630952380952381,4,23,162,0.023809523809523808,4,2,97,0.34776453267352975,4,4,4,technically_valid,equal_session_mean,4
637488,engaged_1,1,,0,0,0,,0,0,0,,0,4,0,threshold_selected,equal_session_mean,0
637488,no_reward_late,2,,0,0,0,,0,0,0,,0,4,0,threshold_selected,equal_session_mean,0
637488,engaged_2_early,3,,0,0,0,,0,0,0,,0,4,0,threshold_selected,equal_session_mean,0
637488,engaged_2_late,4,,0,0,0,,0,0,0,,0,4,0,threshold_selected,equal_session_mean,0
638387,engaged_1,1,0.5573500967117988,4,99,179,0.0722320463699774,4,8,110,1.6034100640879734,4,4,4,technically_valid,equal_session_mean,4
638387,no_reward_late,2,0.25464644051600577,4,27,121,0.030330882352941176,4,2,74,0.8696773803182276,4,4,4,technically_valid,equal_session_mean,4
638387,engaged_2_early,3,0.5076073232323233,4,77,158,0.055792297979797977,4,5,98,1.5712503801718434,4,4,4,technically_valid,equal_session_mean,4
638387,engaged_2_late,4,0.5419510412860796,4,57,103,0.12465659340659341,4,7,61,1.2630769903161474,4,4,4,technically_valid,equal_session_mean,4
638387,engaged_1,1,0.7021276595744681,1,33,47,0.07407407407407407,1,2,27,1.863584622615892,1,4,1,threshold_selected,equal_session_mean,1
638387,no_reward_late,2,0.038461538461538464,1,1,26,0.0625,1,1,16,-0.2415165780923889,1,4,1,threshold_selected,equal_session_mean,1
638387,engaged_2_early,3,0.6333333333333333,1,19,30,0.05555555555555555,1,1,18,1.741478925884286,1,4,1,threshold_selected,equal_session_mean,1
638387,engaged_2_late,4,0.42857142857142855,1,9,21,0.23076923076923078,1,3,13,0.50274266055857,1,4,1,threshold_selected,equal_session_mean,1
640887,engaged_1,1,0.7826873715071226,3,113,144,0.06722689075630252,3,6,89,2.3034904283497024,3,3,3,technically_valid,equal_session_mean,3
640887,no_reward_late,2,0.09827684827684828,3,11,115,0.06944444444444443,3,5,73,0.066472625414508,3,3,3,technically_valid,equal_session_mean,3
640887,engaged_2_early,3,0.7944573944573944,3,128,161,0.05085964004370077,3,5,98,2.360838500425862,3,3,3,technically_valid,equal_session_mean,3
640887,engaged_2_late,4,0.8948101706722396,3,85,95,0.0,3,0,54,3.3174495476958317,3,3,3,technically_valid,equal_session_mean,3
640887,engaged_1,1,0.8217583299879567,2,82,100,0.10084033613445378,2,6,62,2.142952639748299,2,3,2,threshold_selected,equal_session_mean,2
640887,no_reward_late,2,0.025793650793650792,2,2,78,0.0625,2,3,49,-0.20382196955249743,2,3,2,threshold_selected,equal_session_mean,2
640887,engaged_2_early,3,0.8027972027972028,2,86,107,0.030834914611005692,2,2,65,2.534843830815068,2,3,2,threshold_selected,equal_session_mean,2
640887,engaged_2_late,4,0.8939393939393939,2,59,66,0.0,2,0,37,3.4230133231752715,2,3,2,threshold_selected,equal_session_mean,2
640890,engaged_1,1,0.9167461047925843,4,157,171,0.1646853146853147,4,18,111,2.3359100900455374,4,4,4,technically_valid,equal_session_mean,4
640890,no_reward_late,2,0.209459242618742,4,33,161,0.03364389233954451,4,3,91,0.70263151271786,4,4,4,technically_valid,equal_session_mean,4
640890,engaged_2_early,3,0.8667966903073285,4,172,198,0.10146976679234743,4,12,123,2.5379317811256112,4,4,4,technically_valid,equal_session_mean,4
640890,engaged_2_late,4,0.5771139705882353,4,77,135,0.0808531746031746,4,7,84,1.5161385251969484,4,4,4,technically_valid,equal_session_mean,4
640890,engaged_1,1,0.9171159029649596,2,87,95,0.09906759906759907,2,6,59,2.553556080443135,2,4,2,threshold_selected,equal_session_mean,2
640890,no_reward_late,2,0.08536585365853659,2,7,83,0.0,2,0,47,0.45027713483993403,2,4,2,threshold_selected,equal_session_mean,2
640890,engaged_2_early,3,0.9144444444444444,2,95,104,0.03128054740957967,2,2,64,3.0254685338638185,2,4,2,threshold_selected,equal_session_mean,2
640890,engaged_2_late,4,0.4970588235294118,2,34,69,0.09027777777777778,2,4,42,1.2359638629822909,2,4,2,threshold_selected,equal_session_mean,2
642504,engaged_1,1,0.9510289609073803,3,133,140,0.07387520525451559,3,6,82,2.9732776204923503,3,3,3,technically_valid,equal_session_mean,3
642504,no_reward_late,2,0.08764762314333918,3,10,118,0.0,3,0,75,0.708854487675822,3,3,3,technically_valid,equal_session_mean,3
642504,engaged_2_early,3,0.9299761833454556,3,145,156,0.04185478418286113,3,4,94,3.0426068538605153,3,3,3,technically_valid,equal_session_mean,3
642504,engaged_2_late,4,0.922683844335697,3,95,103,0.08784271284271283,3,5,59,2.65850791910694,3,3,3,technically_valid,equal_session_mean,3
642504,engaged_1,1,0.9510289609073803,3,133,140,0.07387520525451559,3,6,82,2.9732776204923503,3,3,3,threshold_selected,equal_session_mean,3
642504,no_reward_late,2,0.08764762314333918,3,10,118,0.0,3,0,75,0.708854487675822,3,3,3,threshold_selected,equal_session_mean,3
642504,engaged_2_early,3,0.9299761833454556,3,145,156,0.04185478418286113,3,4,94,3.0426068538605153,3,3,3,threshold_selected,equal_session_mean,3
642504,engaged_2_late,4,0.922683844335697,3,95,103,0.08784271284271283,3,5,59,2.65850791910694,3,3,3,threshold_selected,equal_session_mean,3
