subject_id,transition_id,transition_order,condition,n_sessions_inventory,n_sessions_in_analysis,real_step,n_sessions_real_step,n_real_window_trials,pseudo_step,n_sessions_pseudo_step,n_pseudo_window_trials,pseudo_controlled_step,n_sessions_pseudo_controlled_step,n_controlled_window_trials,real_latency_step_seconds,n_sessions_real_latency_step_seconds,n_real_window_latency_responses,pseudo_latency_step_seconds,n_sessions_pseudo_latency_step_seconds,n_pseudo_window_latency_responses,pseudo_controlled_latency_step_seconds,n_sessions_pseudo_controlled_latency_step_seconds,n_controlled_window_latency_responses,within_mouse_aggregation
604914,reward_withdrawal,1,catch,2,2,0.0,2,17,0.2,1,9,-0.2,1,18,-0.00006999999988011041,1,8,,0,0,,0,0,equal_session_mean
604914,reward_withdrawal,1,go,2,2,0.16666666666666666,2,49,-0.041666666666666685,2,27,0.20833333333333334,2,76,0.0005100000000197724,1,22,0.0038849999999399643,2,17,-0.006709999999941374,1,27,equal_session_mean
604914,reward_withdrawal,1,go_minus_catch,2,2,0.16666666666666666,2,66,-0.2833333333333334,1,31,0.6166666666666667,1,67,,0,0,,0,0,,0,0,equal_session_mean
604914,reward_restoration,2,catch,2,2,0.0,2,15,0.0,2,20,0.0,2,35,0.0006300000000010186,1,6,-0.00012999999989915523,1,10,0.0007599999999001739,1,16,equal_session_mean
604914,reward_restoration,2,go,2,2,-0.03125,2,51,-0.043589743589743594,2,55,0.012339743589743594,2,106,0.00007000000005064066,1,21,0.03344749999996566,2,30,-0.0001449999999749707,1,48,equal_session_mean
604914,reward_restoration,2,go_minus_catch,2,2,-0.03125,2,66,-0.043589743589743594,2,75,0.012339743589743594,2,141,,0,0,,0,0,,0,0,equal_session_mean
607660,reward_withdrawal,1,catch,4,4,-0.04999999999999999,4,35,-0.20833333333333331,4,19,0.1583333333333333,4,54,,0,0,,0,0,,0,0,equal_session_mean
607660,reward_withdrawal,1,go,4,4,0.3328171828171828,4,87,-0.008928571428571425,4,58,0.34174575424575426,4,145,-0.09464500000002829,4,32,0.09626374999998433,4,27,-0.19090875000001262,4,59,equal_session_mean
607660,reward_withdrawal,1,go_minus_catch,4,4,0.3828171828171828,4,122,0.19940476190476192,4,77,0.1834124209124209,4,199,,0,0,,0,0,,0,0,equal_session_mean
607660,reward_restoration,2,catch,4,4,0.08333333333333333,3,25,0.0,4,37,0.08333333333333333,3,52,,0,0,,0,0,,0,0,equal_session_mean
607660,reward_restoration,2,go,4,4,0.1738095238095238,4,85,-0.03988095238095238,4,114,0.21369047619047615,4,199,-0.0336974999999029,2,10,0.10081999999994196,2,11,-0.13451749999984486,2,21,equal_session_mean
607660,reward_restoration,2,go_minus_catch,4,4,-0.018253968253968245,3,95,-0.03988095238095238,4,151,-0.07619047619047621,3,210,,0,0,,0,0,,0,0,equal_session_mean
608671,reward_withdrawal,1,catch,4,4,-0.05,4,34,-0.033333333333333326,4,27,-0.016666666666666677,4,61,,0,0,,0,0,,0,0,equal_session_mean
608671,reward_withdrawal,1,go,4,4,0.27164918414918415,4,98,-0.0333041958041958,4,82,0.30495337995337995,4,180,-0.029396249999948054,4,29,-0.05827875000006344,4,36,0.028882500000115385,4,65,equal_session_mean
608671,reward_withdrawal,1,go_minus_catch,4,4,0.32164918414918414,4,132,0.000029137529137523988,4,109,0.3216200466200466,4,241,,0,0,,0,0,,0,0,equal_session_mean
608671,reward_restoration,2,catch,4,4,0.125,4,30,0.05,4,38,0.075,4,68,,0,0,,0,0,,0,0,equal_session_mean
608671,reward_restoration,2,go,4,4,0.2683531746031746,4,94,0.04166666666666667,4,112,0.22668650793650794,4,206,,0,0,-0.06677000000001954,1,5,,0,0,equal_session_mean
608671,reward_restoration,2,go_minus_catch,4,4,0.1433531746031746,4,124,-0.008333333333333331,4,150,0.15168650793650792,4,274,,0,0,,0,0,,0,0,equal_session_mean
608672,reward_withdrawal,1,catch,4,4,0.20833333333333331,4,30,-0.16666666666666666,4,25,0.375,4,55,,0,0,,0,0,,0,0,equal_session_mean
608672,reward_withdrawal,1,go,4,4,0.3990613553113552,4,86,0.08601190476190473,4,62,0.31304945054945055,4,148,0.022635000000036598,4,43,0.0068687499999526835,4,38,0.015766250000083915,4,81,equal_session_mean
608672,reward_withdrawal,1,go_minus_catch,4,4,0.1907280219780219,4,116,0.2526785714285714,4,87,-0.06195054945054945,4,203,,0,0,,0,0,,0,0,equal_session_mean
608672,reward_restoration,2,catch,4,4,0.45,4,29,0.0,4,36,0.45,4,65,,0,0,,0,0,,0,0,equal_session_mean
608672,reward_restoration,2,go,4,4,0.2887896825396825,4,87,-0.06960227272727272,4,112,0.3583919552669552,4,199,0.09781333333330622,3,13,0.0826600000000326,1,7,0.06044999999994616,1,10,equal_session_mean
608672,reward_restoration,2,go_minus_catch,4,4,-0.16121031746031744,4,116,-0.06960227272727272,4,148,-0.09160804473304476,4,264,,0,0,,0,0,,0,0,equal_session_mean
611160,reward_withdrawal,1,catch,3,3,0.4166666666666667,3,24,-0.16666666666666666,3,13,0.5833333333333334,3,37,,0,0,,0,0,,0,0,equal_session_mean
611160,reward_withdrawal,1,go,3,3,0.16580687830687832,3,74,0.06944444444444446,3,38,0.09636243386243386,3,112,0.013221666666709098,3,41,-0.03271666666675325,3,26,0.045938333333462346,3,67,equal_session_mean
611160,reward_withdrawal,1,go_minus_catch,3,3,-0.25085978835978834,3,98,0.23611111111111113,3,51,-0.48697089947089944,3,149,,0,0,,0,0,,0,0,equal_session_mean
611160,reward_restoration,2,catch,3,3,0.0,3,24,-0.08333333333333333,3,27,0.08333333333333333,3,51,,0,0,,0,0,,0,0,equal_session_mean
611160,reward_restoration,2,go,3,3,0.3407407407407408,3,71,0.04671855921855922,3,88,0.29402218152218157,3,159,-0.030035000000111722,2,13,-0.054284999999879346,2,13,0.024249999999767624,2,26,equal_session_mean
611160,reward_restoration,2,go_minus_catch,3,3,0.3407407407407408,3,95,0.13005189255189256,3,115,0.21068884818884823,3,210,,0,0,,0,0,,0,0,equal_session_mean
611166,reward_withdrawal,1,catch,4,4,0.16666666666666666,4,27,-0.1875,4,22,0.35416666666666663,4,49,,0,0,,0,0,,0,0,equal_session_mean
611166,reward_withdrawal,1,go,4,4,0.1302197802197802,4,87,0.3134920634920635,4,51,-0.18327228327228332,4,138,-0.027751250000051186,4,32,-0.15768333333337145,3,19,0.09255666666674263,3,46,equal_session_mean
611166,reward_withdrawal,1,go_minus_catch,4,4,-0.036446886446886456,4,114,0.5009920634920635,4,73,-0.5374389499389499,4,187,,0,0,,0,0,,0,0,equal_session_mean
611166,reward_restoration,2,catch,4,4,0.25,4,27,0.10416666666666666,4,36,0.14583333333333334,4,63,,0,0,,0,0,,0,0,equal_session_mean
611166,reward_restoration,2,go,4,4,0.24032738095238096,4,93,0.03702731092436975,4,116,0.2033000700280112,4,209,-0.14238000000011652,2,9,0.029037499999958527,4,14,-0.09645500000004859,2,16,equal_session_mean
611166,reward_restoration,2,go_minus_catch,4,4,-0.009672619047619013,4,120,-0.0671393557422969,4,152,0.05746673669467789,4,272,,0,0,,0,0,,0,0,equal_session_mean
612090,reward_withdrawal,1,catch,4,4,-0.125,4,32,-0.08333333333333333,4,28,-0.04166666666666667,4,60,,0,0,,0,0,,0,0,equal_session_mean
612090,reward_withdrawal,1,go,4,4,0.21683039183039182,4,95,-0.04771339771339768,4,80,0.2645437895437895,4,175,0.0077250000000077534,4,55,-0.04264000000001289,4,46,0.05036500000002064,4,101,equal_session_mean
612090,reward_withdrawal,1,go_minus_catch,4,4,0.3418303918303918,4,127,0.03561993561993565,4,108,0.30621045621045617,4,235,,0,0,,0,0,,0,0,equal_session_mean
612090,reward_restoration,2,catch,4,4,0.08333333333333333,4,34,-0.0875,4,38,0.17083333333333334,4,72,,0,0,-0.24792999999999665,1,4,,0,0,equal_session_mean
612090,reward_restoration,2,go,4,4,0.4988095238095238,4,103,0.07754696284108051,4,112,0.4212625609684433,4,215,0.18354000000022097,1,5,-0.020923749999951724,4,23,-0.00031499999977313564,1,9,equal_session_mean
612090,reward_restoration,2,go_minus_catch,4,4,0.4154761904761905,4,137,0.16504696284108053,4,150,0.25042922763511,4,287,,0,0,,0,0,,0,0,equal_session_mean
614547,reward_withdrawal,1,catch,3,3,-0.13888888888888887,3,23,-0.08333333333333333,3,16,-0.055555555555555546,3,39,-0.46719999999993433,1,2,,0,0,,0,0,equal_session_mean
614547,reward_withdrawal,1,go,3,3,0.1898148148148148,3,69,0.07575757575757576,3,37,0.11405723905723904,3,106,-0.00003499999998742472,3,46,0.0051666666666108085,3,29,-0.005201666666598233,3,75,equal_session_mean
614547,reward_withdrawal,1,go_minus_catch,3,3,0.32870370370370366,3,92,0.1590909090909091,3,53,0.16961279461279458,3,145,,0,0,,0,0,,0,0,equal_session_mean
614547,reward_restoration,2,catch,3,3,-0.15,3,20,-0.12222222222222223,3,30,-0.02777777777777778,3,50,,0,0,,0,0,,0,0,equal_session_mean
614547,reward_restoration,2,go,3,3,0.6569444444444444,3,65,0.016117216117216115,3,83,0.6408272283272284,3,148,0.17709500000000844,3,24,-0.03084666666651022,3,29,0.20794166666651867,3,53,equal_session_mean
614547,reward_restoration,2,go_minus_catch,3,3,0.8069444444444445,3,85,0.13833943833943832,3,113,0.6686050061050062,3,198,,0,0,,0,0,,0,0,equal_session_mean
614608,reward_withdrawal,1,catch,4,4,0.0625,4,34,0.10416666666666666,4,29,-0.04166666666666666,4,63,,0,0,0.017939999999953216,1,2,,0,0,equal_session_mean
614608,reward_withdrawal,1,go,4,4,0.04553571428571426,4,93,0.016161616161616182,4,77,0.02937409812409808,4,170,-0.07134124999996061,4,55,0.03900124999995569,4,58,-0.1103424999999163,4,113,equal_session_mean
614608,reward_withdrawal,1,go_minus_catch,4,4,-0.016964285714285737,4,127,-0.08800505050505047,4,106,0.07104076479076474,4,233,,0,0,,0,0,,0,0,equal_session_mean
614608,reward_restoration,2,catch,4,4,0.08333333333333334,4,29,0.0,4,39,0.08333333333333334,4,68,,0,0,,0,0,,0,0,equal_session_mean
614608,reward_restoration,2,go,4,4,0.5085414585414585,4,96,0.001365301365301358,4,108,0.5071761571761572,4,204,0.016643333333301296,3,25,0.033307500000034906,2,19,-0.03763750000013033,2,36,equal_session_mean
614608,reward_restoration,2,go_minus_catch,4,4,0.42520812520812523,4,125,0.001365301365301358,4,147,0.42384282384282385,4,272,,0,0,,0,0,,0,0,equal_session_mean
615047,reward_withdrawal,1,catch,4,4,-0.16666666666666669,4,30,0.0,4,27,-0.16666666666666669,4,57,,0,0,,0,0,,0,0,equal_session_mean
615047,reward_withdrawal,1,go,4,4,0.04080710955710957,4,97,-0.012660256410256407,4,87,0.053467365967365975,4,184,-0.10283250000000521,4,31,0.03804833333323169,3,27,-0.18304166666658261,3,54,equal_session_mean
615047,reward_withdrawal,1,go_minus_catch,4,4,0.20747377622377625,4,127,-0.012660256410256407,4,114,0.22013403263403267,4,241,,0,0,,0,0,,0,0,equal_session_mean
615047,reward_restoration,2,catch,4,4,-0.19999999999999998,3,21,-0.1,4,37,-0.06666666666666665,3,50,,0,0,,0,0,,0,0,equal_session_mean
615047,reward_restoration,2,go,4,4,0.06666666666666668,4,82,-0.04012133699633701,4,107,0.1067880036630037,4,189,,0,0,0.08332500000003051,4,25,,0,0,equal_session_mean
615047,reward_restoration,2,go_minus_catch,4,4,0.3333333333333333,3,87,0.05987866300366299,4,144,0.20221306471306474,3,197,,0,0,,0,0,,0,0,equal_session_mean
615048,reward_withdrawal,1,catch,4,4,-0.04821428571428571,4,49,0.125,4,39,-0.1732142857142857,4,88,0.06754000000000815,1,3,,0,0,,0,0,equal_session_mean
615048,reward_withdrawal,1,go,4,4,0.06137751137751135,4,79,-0.07242063492063491,4,63,0.13379814629814626,4,142,0.007351249999913989,4,29,0.0082162499999896,4,44,-0.0008650000000756108,4,73,equal_session_mean
615048,reward_withdrawal,1,go_minus_catch,4,4,0.10959179709179706,4,128,-0.1974206349206349,4,102,0.30701243201243195,4,230,,0,0,,0,0,,0,0,equal_session_mean
615048,reward_restoration,2,catch,4,4,0.1,4,43,-0.08125,4,52,0.18125000000000002,4,95,,0,0,,0,0,,0,0,equal_session_mean
615048,reward_restoration,2,go,4,4,0.4297077922077922,4,69,-0.1446574259074259,4,93,0.5743652181152181,4,162,-0.05630666666653875,3,15,-0.017609999999990578,2,9,-0.2503799999997227,1,8,equal_session_mean
615048,reward_restoration,2,go_minus_catch,4,4,0.3297077922077922,4,112,-0.0634074259074259,4,145,0.39311521811521805,4,257,,0,0,,0,0,,0,0,equal_session_mean
615563,reward_withdrawal,1,catch,3,3,-0.05555555555555555,3,36,-0.022222222222222237,3,34,-0.033333333333333326,3,70,,0,0,,0,0,,0,0,equal_session_mean
615563,reward_withdrawal,1,go,3,3,0.3148148148148148,3,63,-0.14604377104377106,3,60,0.4608585858585859,3,123,0.06345500000001418,3,45,0.027546666666571202,3,52,0.035908333333442975,3,97,equal_session_mean
615563,reward_withdrawal,1,go_minus_catch,3,3,0.3703703703703704,3,99,-0.12382154882154882,3,94,0.49419191919191924,3,193,,0,0,,0,0,,0,0,equal_session_mean
615563,reward_restoration,2,catch,3,3,0.11111111111111112,3,29,0.007936507936507936,3,40,0.10317460317460318,3,69,-0.148609999999735,1,2,,0,0,,0,0,equal_session_mean
615563,reward_restoration,2,go,3,3,0.8622895622895622,3,51,0.0123931623931624,3,71,0.8498963998963999,3,122,-0.03398499999957494,2,16,-0.23345250000016904,2,9,0.1994675000005941,2,25,equal_session_mean
615563,reward_restoration,2,go_minus_catch,3,3,0.7511784511784511,3,80,0.004456654456654459,3,111,0.7467217967217966,3,191,,0,0,,0,0,,0,0,equal_session_mean
615564,reward_withdrawal,1,catch,4,4,0.05803571428571428,4,44,0.1,4,44,-0.04196428571428573,4,88,0.11670000000003711,1,2,-0.3336999999999932,2,5,,0,0,equal_session_mean
615564,reward_withdrawal,1,go,4,4,0.2581800144300144,4,64,0.06458333333333333,4,68,0.1935966810966811,4,132,0.050101250000054165,4,39,0.058388749999942036,4,48,-0.00828749999988787,4,87,equal_session_mean
615564,reward_withdrawal,1,go_minus_catch,4,4,0.20014430014430012,4,108,-0.03541666666666671,4,112,0.23556096681096683,4,220,,0,0,,0,0,,0,0,equal_session_mean
615564,reward_restoration,2,catch,4,4,0.3392857142857143,4,33,-0.23511904761904762,4,41,0.5744047619047619,4,74,0.251549999999952,1,2,0.16550000000006548,1,2,,0,0,equal_session_mean
615564,reward_restoration,2,go,4,4,0.4868055555555556,4,61,-0.0523989898989899,4,65,0.5392045454545455,4,126,-0.16991833333334702,3,20,0.025023333333213788,3,10,-0.254309999999748,2,22,equal_session_mean
615564,reward_restoration,2,go_minus_catch,4,4,0.1475198412698413,4,94,0.18272005772005773,4,106,-0.035200216450216384,4,200,,0,0,,0,0,,0,0,equal_session_mean
623319,reward_withdrawal,1,catch,3,3,0.19999999999999998,3,21,-0.35000000000000003,3,24,0.55,3,45,-0.1512400000000298,1,2,-0.19603750000001696,2,7,,0,0,equal_session_mean
623319,reward_withdrawal,1,go,3,3,0.1357142857142857,3,36,-0.08333333333333333,3,29,0.21904761904761905,3,65,0.04373166666666369,3,29,-0.01617000000006404,3,24,0.05990166666672773,3,53,equal_session_mean
623319,reward_withdrawal,1,go_minus_catch,3,3,-0.06428571428571428,3,57,0.26666666666666666,3,53,-0.330952380952381,3,110,,0,0,,0,0,,0,0,equal_session_mean
623319,reward_restoration,2,catch,3,3,0.0,3,34,-0.047619047619047616,3,42,0.047619047619047616,3,76,,0,0,,0,0,,0,0,equal_session_mean
623319,reward_restoration,2,go,3,3,0.648917748917749,3,51,0.10427350427350428,3,72,0.5446442446442447,3,123,0.11047000000015335,3,18,-0.015879999999867778,2,8,0.10667749999998932,2,21,equal_session_mean
623319,reward_restoration,2,go_minus_catch,3,3,0.648917748917749,3,85,0.15189255189255188,3,114,0.49702519702519704,3,199,,0,0,,0,0,,0,0,equal_session_mean
623322,reward_withdrawal,1,catch,4,4,0.01428571428571429,4,46,-0.05,4,48,0.0642857142857143,4,94,,0,0,,0,0,,0,0,equal_session_mean
623322,reward_withdrawal,1,go,4,4,0.25392662892662893,4,78,0.037247474747474765,4,80,0.21667915417915415,4,158,0.043626250000045275,4,41,0.02756624999998536,4,53,0.016060000000059915,4,94,equal_session_mean
623322,reward_withdrawal,1,go_minus_catch,4,4,0.2396409146409146,4,124,0.08724747474747477,4,128,0.15239343989343987,4,252,,0,0,,0,0,,0,0,equal_session_mean
623322,reward_restoration,2,catch,4,4,0.0,4,44,0.10803571428571429,4,43,-0.10803571428571429,4,87,,0,0,-0.41709000000014385,1,2,,0,0,equal_session_mean
623322,reward_restoration,2,go,4,4,0.6505681818181819,4,76,-0.15922619047619047,4,76,0.8097943722943723,4,152,0.019552500000372675,2,21,-0.0028224999999793,4,22,0.009102500000267355,2,35,equal_session_mean
623322,reward_restoration,2,go_minus_catch,4,4,0.6505681818181819,4,120,-0.26726190476190476,4,119,0.9178300865800866,4,239,,0,0,,0,0,,0,0,equal_session_mean
623784,reward_withdrawal,1,catch,4,4,-0.03571428571428571,4,41,-0.24583333333333335,4,35,0.21011904761904765,4,76,0.025474999999971715,1,3,0.014394999999960115,3,11,,0,0,equal_session_mean
623784,reward_withdrawal,1,go,4,4,0.08630952380952377,4,53,0.19295634920634921,4,57,-0.10664682539682545,4,110,0.0040249999999559805,4,41,-0.008345000000019809,4,49,0.01236999999997579,4,90,equal_session_mean
623784,reward_withdrawal,1,go_minus_catch,4,4,0.12202380952380948,4,94,0.43878968253968254,4,92,-0.3167658730158731,4,186,,0,0,,0,0,,0,0,equal_session_mean
623784,reward_restoration,2,catch,4,4,-0.25833333333333336,4,30,0.375,4,33,-0.6333333333333333,4,63,-0.025155000000381733,2,6,,0,0,,0,0,equal_session_mean
623784,reward_restoration,2,go,4,4,0.57012987012987,4,57,-0.1273538961038961,4,64,0.6974837662337663,4,121,0.15952624999999898,4,24,0.020473750000064683,4,26,0.1390524999999343,4,50,equal_session_mean
623784,reward_restoration,2,go_minus_catch,4,4,0.8284632034632035,4,87,-0.5023538961038961,4,97,1.3308170995670996,4,184,,0,0,,0,0,,0,0,equal_session_mean
623786,reward_withdrawal,1,catch,4,4,-0.008333333333333338,4,43,0.039285714285714285,4,42,-0.047619047619047616,4,85,,0,0,0.05000999999998612,1,2,,0,0,equal_session_mean
623786,reward_withdrawal,1,go,4,4,0.2355429292929293,4,70,0.026884920634920623,4,67,0.20865800865800868,4,137,-0.00560999999994749,4,50,0.012668750000003115,4,46,-0.018278749999950605,4,96,equal_session_mean
623786,reward_withdrawal,1,go_minus_catch,4,4,0.24387626262626264,4,113,-0.012400793650793662,4,109,0.2562770562770563,4,222,,0,0,,0,0,,0,0,equal_session_mean
623786,reward_restoration,2,catch,4,4,0.08333333333333333,4,32,-0.07142857142857142,4,43,0.15476190476190477,4,75,,0,0,,0,0,,0,0,equal_session_mean
623786,reward_restoration,2,go,4,4,0.6369047619047619,4,51,-0.12514892514892514,3,65,0.8632441632441633,3,110,-0.18359000000009473,1,3,0.07538166666669592,3,16,,0,0,equal_session_mean
623786,reward_restoration,2,go_minus_catch,4,4,0.5535714285714286,4,83,-0.029910829910829922,3,106,0.6568949568949569,3,179,,0,0,,0,0,,0,0,equal_session_mean
626279,reward_withdrawal,1,catch,4,4,-0.005952380952380952,4,47,-0.2708333333333333,4,43,0.2648809523809524,4,90,,0,0,0.1500599999999963,1,2,,0,0,equal_session_mean
626279,reward_withdrawal,1,go,4,4,0.0971153846153846,4,81,0.003869047619047633,4,73,0.09324633699633697,4,154,0.0017950000000155342,3,20,0.058409999999980755,3,30,-0.05661499999996522,3,50,equal_session_mean
626279,reward_withdrawal,1,go_minus_catch,4,4,0.10306776556776555,4,128,0.274702380952381,4,116,-0.1716346153846154,4,244,,0,0,,0,0,,0,0,equal_session_mean
626279,reward_restoration,2,catch,4,4,0.1,4,46,-0.01984126984126984,4,57,0.11984126984126985,4,103,,0,0,0.2929899999999179,1,3,,0,0,equal_session_mean
626279,reward_restoration,2,go,4,4,0.3656031468531469,4,72,-0.15288184038184038,4,99,0.5184849872349873,4,171,0.02972666666664736,3,12,-0.1344099999998889,1,3,0.116800000000012,1,8,equal_session_mean
626279,reward_restoration,2,go_minus_catch,4,4,0.26560314685314684,4,118,-0.13304057054057053,4,156,0.3986437173937174,4,274,,0,0,,0,0,,0,0,equal_session_mean
632295,reward_withdrawal,1,catch,4,4,0.28928571428571426,4,37,0.1375,4,26,0.1517857142857143,4,63,-0.004755000000159271,3,7,,0,0,,0,0,equal_session_mean
632295,reward_withdrawal,1,go,4,4,0.2,4,58,0.1703192640692641,4,54,0.02968073593073592,4,112,0.01430624999994734,4,44,0.008162499999997408,4,42,0.006143749999949932,4,86,equal_session_mean
632295,reward_withdrawal,1,go_minus_catch,4,4,-0.08928571428571427,4,95,0.03281926406926411,4,80,-0.12210497835497838,4,175,,0,0,,0,0,,0,0,equal_session_mean
632295,reward_restoration,2,catch,4,4,0.4770833333333333,4,38,-0.03571428571428571,4,51,0.5127976190476191,4,89,0.03470999999990454,1,2,,0,0,,0,0,equal_session_mean
632295,reward_restoration,2,go,4,4,0.729040404040404,4,66,-0.12853535353535353,4,90,0.8575757575757575,4,156,-0.024781666666967794,3,17,0.005016666666657936,3,32,0.03332999999952335,2,31,equal_session_mean
632295,reward_restoration,2,go_minus_catch,4,4,0.2519570707070707,4,104,-0.09282106782106783,4,141,0.3447781385281385,4,245,,0,0,,0,0,,0,0,equal_session_mean
633232,reward_withdrawal,1,catch,4,4,0.075,4,32,0.38492063492063494,3,26,-0.28492063492063496,3,51,0.15876500000013039,1,3,0.2584724999999821,2,6,,0,0,equal_session_mean
633232,reward_withdrawal,1,go,4,4,0.05480769230769232,4,53,0.2003968253968254,4,46,-0.14558913308913307,4,99,-0.05041749999986678,2,11,-0.005724999999946097,3,19,0.012330000000133623,2,25,equal_session_mean
633232,reward_withdrawal,1,go_minus_catch,4,4,-0.020192307692307676,4,85,-0.11772486772486772,3,64,0.035246235246235234,3,130,,0,0,,0,0,,0,0,equal_session_mean
633232,reward_restoration,2,catch,4,4,0.01428571428571429,4,49,-0.10496031746031748,4,50,0.11924603174603175,4,99,,0,0,0.317485000000147,2,5,,0,0,equal_session_mean
633232,reward_restoration,2,go,4,4,0.004181929181929167,4,72,-0.113510101010101,4,77,0.11769203019203017,4,149,-0.0035433333334822237,3,22,-0.023943333333060462,3,27,0.020399999999578238,3,49,equal_session_mean
633232,reward_restoration,2,go_minus_catch,4,4,-0.010103785103785123,4,121,-0.00854978354978353,4,127,-0.0015540015540015661,4,248,,0,0,,0,0,,0,0,equal_session_mean
636740,reward_withdrawal,1,catch,4,4,0.0,4,50,0.09761904761904762,4,51,-0.09761904761904762,4,101,-0.10019000000011147,1,2,-0.2501700000001392,1,3,,0,0,equal_session_mean
636740,reward_withdrawal,1,go,4,4,-0.003373015873015861,4,86,0.1798611111111111,4,80,-0.18323412698412697,4,166,0.021526666666583576,3,40,0.07813333333342598,3,38,-0.05660666666684241,3,78,equal_session_mean
636740,reward_withdrawal,1,go_minus_catch,4,4,-0.003373015873015861,4,136,0.08224206349206349,4,131,-0.08561507936507935,4,267,,0,0,,0,0,,0,0,equal_session_mean
636740,reward_restoration,2,catch,4,4,0.010416666666666664,4,50,0.01428571428571429,4,55,-0.003869047619047626,4,105,,0,0,,0,0,,0,0,equal_session_mean
636740,reward_restoration,2,go,4,4,0.45042735042735044,4,83,-0.16545121545121547,4,97,0.6158785658785659,4,180,0.021413333333233215,3,20,-0.10451750000015636,2,12,0.12831249999999272,2,24,equal_session_mean
636740,reward_restoration,2,go_minus_catch,4,4,0.4400106837606838,4,133,-0.17973692973692976,4,152,0.6197476134976135,4,285,,0,0,,0,0,,0,0,equal_session_mean
637483,reward_withdrawal,1,catch,3,3,-0.2333333333333333,3,35,0.0,3,35,-0.2333333333333333,3,70,,0,0,,0,0,,0,0,equal_session_mean
637483,reward_withdrawal,1,go,3,3,0.11914011914011917,3,57,-0.030303030303030314,3,62,0.1494431494431495,3,119,-0.0174850000000788,3,49,-0.0021383333334673202,3,57,-0.015346666666611478,3,106,equal_session_mean
637483,reward_withdrawal,1,go_minus_catch,3,3,0.3524734524734525,3,92,-0.030303030303030314,3,97,0.3827764827764828,3,189,,0,0,,0,0,,0,0,equal_session_mean
637483,reward_restoration,2,catch,3,3,0.0,3,36,-0.16984126984126982,3,35,0.16984126984126982,3,71,,0,0,,0,0,,0,0,equal_session_mean
637483,reward_restoration,2,go,3,3,0.5285409035409036,3,46,-0.13055555555555556,3,57,0.6590964590964591,3,103,0.12705833333332825,3,23,0.09100166666689802,3,25,0.036056666666430225,3,48,equal_session_mean
637483,reward_restoration,2,go_minus_catch,3,3,0.5285409035409036,3,82,0.039285714285714264,3,92,0.4892551892551893,3,174,,0,0,,0,0,,0,0,equal_session_mean
637488,reward_withdrawal,1,catch,4,4,0.041666666666666664,4,52,0.0,4,58,0.041666666666666664,4,110,0.06750999999985652,1,2,,0,0,,0,0,equal_session_mean
637488,reward_withdrawal,1,go,4,4,0.07797619047619049,4,95,-0.0744047619047619,4,101,0.1523809523809524,4,196,0.0371149999998579,2,25,-0.02544999999997799,1,8,0.08309999999994488,1,17,equal_session_mean
637488,reward_withdrawal,1,go_minus_catch,4,4,0.036309523809523826,4,147,-0.0744047619047619,4,159,0.11071428571428574,4,306,,0,0,,0,0,,0,0,equal_session_mean
637488,reward_restoration,2,catch,4,4,0.0,4,54,-0.03125,4,56,0.03125,4,110,,0,0,,0,0,,0,0,equal_session_mean
637488,reward_restoration,2,go,4,4,0.2472222222222222,4,90,0.08511904761904762,4,100,0.16210317460317458,4,190,,0,0,0.00009000000045489287,1,2,,0,0,equal_session_mean
637488,reward_restoration,2,go_minus_catch,4,4,0.2472222222222222,4,144,0.11636904761904762,4,156,0.13085317460317458,4,300,,0,0,,0,0,,0,0,equal_session_mean
638387,reward_withdrawal,1,catch,4,4,-0.11666666666666665,4,43,0.10416666666666666,4,44,-0.22083333333333333,4,87,,0,0,,0,0,,0,0,equal_session_mean
638387,reward_withdrawal,1,go,4,4,0.1998015873015873,4,66,0.08383838383838385,4,77,0.11596320346320346,4,143,0.06170374999993555,4,39,0.002481249999902957,4,40,0.059222500000032596,4,79,equal_session_mean
638387,reward_withdrawal,1,go_minus_catch,4,4,0.31646825396825395,4,109,-0.020328282828282813,4,121,0.3367965367965368,4,230,,0,0,,0,0,,0,0,equal_session_mean
638387,reward_restoration,2,catch,4,4,0.05555555555555555,3,29,0.0,4,42,0.05555555555555555,3,64,0.4318799999991825,1,2,,0,0,,0,0,equal_session_mean
638387,reward_restoration,2,go,4,4,0.1069143819143819,3,52,-0.20349025974025972,4,71,0.3888167388167388,3,107,-0.03099499999954484,3,12,0.01959125000013273,4,33,0.020976666667138488,3,43,equal_session_mean
638387,reward_restoration,2,go_minus_catch,4,4,0.05135882635882635,3,81,-0.20349025974025972,4,113,0.33326118326118326,3,171,,0,0,,0,0,,0,0,equal_session_mean
640887,reward_withdrawal,1,catch,3,3,0.0,3,39,-0.0746031746031746,3,35,0.0746031746031746,3,74,,0,0,-0.033279999999876964,1,2,,0,0,equal_session_mean
640887,reward_withdrawal,1,go,3,3,-0.019696969696969695,3,65,0.02162004662004661,3,63,-0.04131701631701631,3,128,0.07771000000017618,3,49,0.00798333333333782,3,49,0.06972666666683836,3,98,equal_session_mean
640887,reward_withdrawal,1,go_minus_catch,3,3,-0.019696969696969695,3,104,0.0962232212232212,3,98,-0.1159201909201909,3,202,,0,0,,0,0,,0,0,equal_session_mean
640887,reward_restoration,2,catch,3,3,-0.07738095238095238,3,41,0.0,3,43,-0.07738095238095238,3,84,,0,0,,0,0,,0,0,equal_session_mean
640887,reward_restoration,2,go,3,3,0.5691558441558442,3,58,-0.009523809523809526,3,74,0.5786796536796537,3,132,-0.005517499999996289,2,16,0.08271500000000742,1,8,0.04160999999999149,1,15,equal_session_mean
640887,reward_restoration,2,go_minus_catch,3,3,0.6465367965367965,3,99,-0.009523809523809526,3,117,0.656060606060606,3,216,,0,0,,0,0,,0,0,equal_session_mean
640890,reward_withdrawal,1,catch,4,4,0.09226190476190477,4,47,0.09523809523809523,4,48,-0.0029761904761904795,4,95,0.00041999999984909664,1,2,,0,0,,0,0,equal_session_mean
640890,reward_withdrawal,1,go,4,4,0.36864177489177485,4,78,-0.059740259740259705,4,80,0.4283820346320346,4,158,0.05328874999992195,4,58,-0.008235000000070158,4,75,0.061523749999992106,4,133,equal_session_mean
640890,reward_withdrawal,1,go_minus_catch,4,4,0.2763798701298701,4,125,-0.15497835497835494,4,128,0.4313582251082251,4,253,,0,0,,0,0,,0,0,equal_session_mean
640890,reward_restoration,2,catch,4,4,0.12648809523809523,4,49,-0.03571428571428571,4,57,0.16220238095238093,4,106,0.3090599999995902,1,6,,0,0,,0,0,equal_session_mean
640890,reward_restoration,2,go,4,4,0.6210414585414585,4,79,-0.16810411810411813,4,91,0.7891455766455766,4,170,0.09361666666662434,3,28,-0.055563333333111586,3,19,0.11629749999974592,2,30,equal_session_mean
640890,reward_restoration,2,go_minus_catch,4,4,0.4945533633033633,4,128,-0.1323898323898324,4,148,0.6269431956931957,4,276,,0,0,,0,0,,0,0,equal_session_mean
642504,reward_withdrawal,1,catch,3,3,-0.011111111111111118,3,40,-0.06944444444444443,3,33,0.05833333333333332,3,73,-0.00007000000005064066,1,2,0.049940000000333384,1,2,,0,0,equal_session_mean
642504,reward_withdrawal,1,go,3,3,0.3696969696969697,3,60,-0.042171717171717193,3,60,0.41186868686868694,3,120,0.04139666666666623,3,47,0.00020833333329998519,3,55,0.041188333333366245,3,102,equal_session_mean
642504,reward_withdrawal,1,go_minus_catch,3,3,0.3808080808080809,3,100,0.027272727272727244,3,93,0.35353535353535354,3,193,,0,0,,0,0,,0,0,equal_session_mean
642504,reward_restoration,2,catch,3,3,0.0,3,34,0.0,3,38,0.0,3,72,,0,0,,0,0,,0,0,equal_session_mean
642504,reward_restoration,2,go,3,3,0.7431818181818182,3,65,-0.20207570207570205,3,70,0.9452575202575203,3,135,0.17115999999964515,2,21,0.022261666666812136,3,14,0.1085549999994555,2,32,equal_session_mean
642504,reward_restoration,2,go_minus_catch,3,3,0.7431818181818182,3,99,-0.20207570207570205,3,108,0.9452575202575203,3,207,,0,0,,0,0,,0,0,equal_session_mean
