subject_id,source_region,target_region,n_sessions,n_trials,engaged_1_source_added_r2,no_reward_source_added_r2,engaged_2_source_added_r2,real_reversible_contrast,shift_reversible_contrast,controlled_reversible_contrast,real_hysteresis_contrast
614547,HPF,Isocortex,1,45,-0.020605971107420018,-0.002287174622622623,-0.015649886439911498,-0.015840754151043135,-0.02066774700878693,0.004826992857743795,0.00495608466750852
614608,HPF,Isocortex,2,123,-0.014517009902659028,-0.017262599583789173,-0.0028371751670498435,0.008585507048934737,-0.0046149574693079565,0.013200464518242694,0.011679834735609185
615048,HPF,Isocortex,2,105,-0.005691891825337747,-0.015655828719524867,0.0008555896292182785,0.013237677621465133,0.010039179294110162,0.0031984983273549705,0.006547481454556026
615564,HPF,Isocortex,2,99,-0.010141254076665107,-0.034268689336635794,0.002811571185179218,0.03060384789089285,-0.0052749971710949195,0.03587884506198777,0.012952825261844325
623319,HPF,Isocortex,1,36,-0.012643061679271206,-0.037131771738083685,-0.05583453026490115,0.0028929757659975075,0.1310401818379679,-0.1281472060719704,-0.043191468585629944
623322,HPF,Isocortex,3,201,-0.004524189676791468,-0.00730997602548622,-0.0026536804654607358,0.003721040954360118,-0.01774807778319617,0.021469118737556286,0.0018705092113307322
626279,HPF,Isocortex,1,63,-0.0075974602034506455,0.011637567365082924,-0.00689149917060583,-0.01888204705211116,-0.029331882549298915,0.010449835497187754,0.0007059610328448152
632295,HPF,Isocortex,2,78,-0.006367246307152852,0.039594580461590034,-0.02318721896042525,-0.054371813095379085,-0.06894248605930303,0.014570672963923947,-0.016819972653272397
638387,HPF,Isocortex,1,63,-0.013284093184171342,-0.005189803739843235,0.0051834840685053285,0.0011394991820102285,0.006978193515914333,-0.005838694333904104,0.01846757725267667
640887,HPF,Isocortex,2,144,-0.0096700253774758,-0.008985763128175395,-0.004375615249048892,0.001962942814913049,0.0034554849240532315,-0.0014925421091401825,0.005294410128426907
640890,HPF,Isocortex,2,147,-0.006319476416051295,-0.006153432443263329,-0.007266815428318474,-0.0006397134789215553,-0.003658463202091927,0.003018749723170372,-0.0009473390122671788
642504,HPF,Isocortex,2,102,-0.00014769946836457049,-0.00627699791231745,-0.00425952952116293,0.0040733834175537,-0.0031984948109233247,0.0072718782284770245,-0.00411183005279836
614608,HPF,MB,2,123,-0.010636085452502941,-0.010205981614432591,-0.01046577539374538,-0.00034494880869156974,-0.012454265926688357,0.012109317117996787,0.00017031005875756122
615048,HPF,MB,2,105,-0.008139862644947538,-0.02442218590848866,-0.007590665258017548,0.016556921957006115,0.02208399527771346,-0.005527073320707343,0.0005491973869299893
615564,HPF,MB,1,51,-0.003367053292274158,-0.0063099147511594955,-0.03424808756587561,-0.012497655677915387,0.05260780560437306,-0.06510546128228845,-0.03088103427360145
623319,HPF,MB,1,36,-0.01196042175765788,-0.02668114265731436,0.003093070038429513,0.022247466797700177,-0.025835695395379665,0.04808316219307984,0.015053491796087393
623322,HPF,MB,1,66,-0.01767305214455006,-0.02492824516244707,-0.022375889309793395,0.004903774435275343,0.007439003630108687,-0.002535229194833344,-0.004702837165243334
626279,HPF,MB,1,63,-0.017163854740138706,0.023659933359801877,-0.03190523386342936,-0.04819447766158591,-0.006662154515435559,-0.04153232314615035,-0.014741379123290654
632295,HPF,MB,1,42,0.030592178687632532,-0.00028675726700155835,0.005621690740897911,0.01839369198126678,-0.022129983095254935,0.040523675076521715,-0.02497048794673462
640887,HPF,MB,1,69,-0.017979470975135747,-0.17811469946273806,-0.006930145425340095,0.16565989126250014,0.17635620119752882,-0.01069630993502868,0.011049325549795652
640890,HPF,MB,1,81,-0.023959465617144793,-0.008605225001297123,-0.014341735243947662,-0.010545375429249104,-0.003190103372346431,-0.007355272056902673,0.00961773037319713
642504,HPF,MB,2,102,-0.00014461330650133997,-0.012105348480298594,-0.011549799352618906,0.006258142150738472,-0.025144537776746412,0.03140267992748488,-0.011405186046117566
614547,HPF,STR,1,45,-0.0029804136618682975,-0.006458117143319231,0.007876947438574478,0.00890638403167232,-0.004437923214119066,0.013344307245791387,0.010857361100442775
614608,HPF,STR,2,123,-0.010502493357904763,0.004070229904258593,-0.01223082444937812,-0.015436888807900034,-0.007871034345926231,-0.007565854461973803,-0.0017283310914733563
615048,HPF,STR,2,105,-0.0008852813652881486,-0.0041572777945665385,-0.002094410269600666,0.002667431977122131,0.021943899587743593,-0.01927646761062146,-0.0012091289043125175
615564,HPF,STR,2,99,-0.004875972407333173,-0.009965454861649514,0.008632833757422187,0.011843885536694021,-0.018479623212459217,0.03032350874915324,0.01350880616475536
623319,HPF,STR,1,36,-0.0021719065416387906,-0.10323739981151314,-0.016333529281762127,0.09398468189981268,0.017854018864034704,0.07613066303577798,-0.014161622740123336
623322,HPF,STR,1,66,0.00015950494851568742,-0.000565052276548017,0.00643866948640659,0.0038641394940091556,0.0010713776605855707,0.002792761833423585,0.006279164537890902
632295,HPF,STR,2,78,0.005053572070014389,-0.020254284905704523,-0.018454204220416326,0.013553968830503554,0.036968352623363704,-0.02341438379286015,-0.023507776290430715
638387,HPF,STR,1,63,-0.021210876481317253,0.0037545965520400237,-0.02626086346939771,-0.027490466527397506,0.0002565529615943807,-0.027747019488991886,-0.005049986988080457
640887,HPF,STR,2,144,-0.004904112378551373,-0.02606225000666612,-0.006393816006973141,0.020413285813903864,0.030946911494212748,-0.010533625680308883,-0.001489703628421768
640890,HPF,STR,2,147,-0.004690767304337817,-0.014747930940889942,-0.03741197494690984,-0.006303440184733888,-0.0030309613911862487,-0.0032724787935476396,-0.032721207642572026
642504,HPF,STR,2,102,-0.014132748812610896,0.0004333453236390894,-0.015864231177242005,-0.01543183531856554,-0.003652537256015498,-0.011779298062550042,-0.0017314823646311095
614547,HPF,TH,1,45,-0.019602022204888048,-0.008695618898235558,-0.012377708589414782,-0.007294246498915857,-0.018413210502027433,0.011118964003111576,0.007224313615473266
614608,HPF,TH,2,123,-0.0016404841921053848,-0.01214274194857079,-0.01616748376391358,0.0032387579705613068,-0.007885305894096528,0.011124063864657835,-0.014526999571808197
615048,HPF,TH,2,105,-0.01681788044557686,0.001953870996433682,-0.004846395845566898,-0.012786009142005561,-0.0006796464832951321,-0.012106362658710429,0.011971484600009963
615564,HPF,TH,2,99,-0.005235287720857962,-0.03640848103592753,-0.011045531602494496,0.028268071374251302,0.004076073291636728,0.024191998082614574,-0.005810243881636534
623319,HPF,TH,1,36,-0.009891718021070584,-0.04513109946563931,-0.010769906628496195,0.03480028714085592,0.011216904288772866,0.023583382852083057,-0.0008781886074256118
623322,HPF,TH,3,201,-0.019673894355563215,-0.01417754739864859,-0.006899723849789911,0.0008907382959720271,0.003185842538015405,-0.002295104242043378,0.012774170505773303
626279,HPF,TH,1,63,0.0049629912490524175,0.001053389786811243,0.00044164695314319324,0.0016489293142865624,-0.034000621239679785,0.03564955055396635,-0.004521344295909224
632295,HPF,TH,2,78,-0.007401525173112822,-0.00045108324876896866,-0.00848784810730413,-0.007493603391439507,0.0021840559720037733,-0.00967765936344328,-0.0010863229341913083
638387,HPF,TH,1,63,-0.013646288930286854,0.0009789102842278075,-0.009371821650295487,-0.012487965574518978,-0.006303331369566734,-0.006184634204952244,0.0042744672799913674
640887,HPF,TH,2,144,-0.005800461952870262,-0.010910058011468604,0.002665460730232272,0.00934255740014961,0.015049208410299691,-0.005706651010150082,0.008465922683102534
640890,HPF,TH,2,147,-0.010979288651840446,-0.017770523688286133,0.002251866191799512,0.013406812458265666,0.00642073252473907,0.0069860799335265955,0.013231154843639958
642504,HPF,TH,2,102,-0.005189273568078745,-0.025330992923798146,-0.00327103296694059,0.021100839656288478,0.007325843605094251,0.013774996051194227,0.0019182406011381548
614547,Isocortex,HPF,1,45,-0.028152596713864164,0.00048704638896013286,-0.007961738309978816,-0.018544213900881623,-0.03982185962779633,0.021277645726914707,0.020190858403885348
614608,Isocortex,HPF,2,123,-0.006693453387258408,-0.014493069918320334,-0.0018202496122063372,0.010236218418587961,0.004736968781835882,0.005499249636752079,0.004873203775052071
615048,Isocortex,HPF,2,105,-0.013662534458394493,-0.010670563533055566,-0.011753757519332386,-0.0020375824558078737,0.008117682003806137,-0.01015526445961401,0.0019087769390621068
615564,Isocortex,HPF,2,99,-0.02703985003333259,-0.08255651012216975,-0.013731758297315544,0.06217070595684568,0.14929340545323116,-0.08712269949638549,0.013308091736017047
623319,Isocortex,HPF,1,36,-0.012263313133958564,0.009809575751050348,0.005275747173596468,-0.013303358731231396,0.022851126938354782,-0.03615448566958618,0.017539060307555032
623322,Isocortex,HPF,3,201,-0.010301108431289285,-0.0012158412032711914,-0.006267693623942046,-0.007068559824344475,0.012172150567584547,-0.01924071039192902,0.004033414807347239
626279,Isocortex,HPF,1,63,-0.008462384575990245,0.04195612608126331,-0.005754628669773498,-0.049064632704145184,-0.01278596874903204,-0.036278663955113144,0.0027077559062167467
632295,Isocortex,HPF,2,78,-0.011331752713053977,-0.01532828635032063,-0.0026258439657441124,0.008349488010921585,0.005652189655100948,0.0026972983558206376,0.008705908747309865
638387,Isocortex,HPF,1,63,-0.00496915772164519,-0.0048686880325468085,-0.022876889001411826,-0.0090543353289817,0.011936710751465907,-0.020991046080447606,-0.017907731279766637
640887,Isocortex,HPF,2,144,-0.0036042265902150317,0.005170875447351508,-0.015652882164040427,-0.014799429824479238,0.0001991871726182981,-0.014998616997097536,-0.012048655573825395
640890,Isocortex,HPF,2,147,-0.00861184335669446,-0.0037447608606555605,0.00004699757779241809,-0.0005376620287954603,0.00134250754485854,-0.0018801695736540003,0.008658840934486878
642504,Isocortex,HPF,2,102,-0.0032742500331272573,-0.018585075912836535,-0.00851549220298975,0.012690204794778032,0.017402969513511973,-0.004712764718733942,-0.005241242169862492
614608,Isocortex,MB,2,123,-0.009819547894926284,-0.011401629382841227,-0.006612782855504096,0.0031854640076260377,-0.02306208268009774,0.026247546687723777,0.003206765039422188
615048,Isocortex,MB,2,105,-0.0028606313395674876,-0.011872404603509579,-0.012679953213630468,0.004102112326910601,0.0005115491344150347,0.003590563192495566,-0.00981932187406298
615564,Isocortex,MB,1,51,-0.004647628673036586,-0.025359802731517833,-0.05307215359362971,-0.0035000884018153156,-0.004641017008349402,0.0011409286065340862,-0.048424524920593126
623319,Isocortex,MB,1,36,-0.08302884240276898,-0.012076059725892652,-0.006361796308170686,-0.03261925962957718,-0.01896614706882155,-0.013653112560755631,0.07666704609459829
623322,Isocortex,MB,1,66,-0.0007140099146718537,-0.011915426715823796,-0.01068019599238701,0.006218323762294364,0.006345445227139979,-0.00012712146484561426,-0.009966186077715156
626279,Isocortex,MB,1,63,0.01819852057736837,-0.005201386886451553,-0.014641105019772338,0.00698009466524957,-0.014510592407550371,0.02149068707279994,-0.03283962559714071
632295,Isocortex,MB,1,42,-0.008389245200477013,-0.012955093810167684,-0.03789312662198974,-0.010186092101065691,-0.03452137849236875,0.024335286391303057,-0.029503881421512723
640887,Isocortex,MB,1,69,-0.0075228187225646614,-0.06885969848507689,-0.004610996961815106,0.06279279064288701,0.13829901834430952,-0.07550622770142251,0.0029118217607495556
640890,Isocortex,MB,1,81,-0.0062461708040144615,-0.0132131546554346,-0.009466209044333818,0.005356964731260461,0.02240275320981283,-0.01704578847855237,-0.003220038240319356
642504,Isocortex,MB,2,102,0.0022863729706326663,0.01733956082994703,-0.004886652305131967,-0.018639700497196682,0.02359811998045888,-0.04223782047765556,-0.007173025275764633
614547,Isocortex,STR,1,45,0.005017141288879756,-0.001590252273788506,-0.009909252280315806,-0.0008558032219295186,0.01633088231572133,-0.017186685537650848,-0.014926393569195562
614608,Isocortex,STR,2,123,-0.028357455996674552,-0.0076371795649616825,-0.011928899716676267,-0.012505998291713727,0.016264181078495393,-0.02877017937020912,0.016428556279998285
615048,Isocortex,STR,2,105,-0.00958708085000659,-0.014144381088253444,0.005600722501950872,0.012151201914225584,0.006731136186609588,0.005420065727615997,0.015187803351957463
615564,Isocortex,STR,2,99,-0.019046223073052537,-0.003265094530168877,0.002847332954540538,-0.0048343505290871225,0.0186812556040801,-0.02351560613316722,0.021893556027593075
623319,Isocortex,STR,1,36,-0.006141781085328701,-0.020465699893763678,-0.003651167709638803,0.015569225496279926,0.028307168378393366,-0.01273794288211344,0.0024906133756898985
623322,Isocortex,STR,1,66,-0.007559034138474252,-0.0026763685861764808,-0.0038423086039013343,-0.0030243027850113124,-0.0016599594877941826,-0.0013643432972171299,0.0037167255345729178
632295,Isocortex,STR,2,78,-0.017960557308813963,-0.04251984339613979,-0.01698038797254392,0.025049370755460848,0.008241495567135548,0.0168078751883253,0.0009801693362700425
638387,Isocortex,STR,1,63,0.0017146978091165943,0.0033962077547400327,-0.004887214997740474,-0.004982466349051973,-0.007559068313002293,0.00257660196395032,-0.006601912806857069
640887,Isocortex,STR,2,144,0.0038594190751516932,-0.00024728616604186016,-0.014290088474113782,-0.004968048533439184,-0.04201137624125706,0.037043327707817875,-0.018149507549265476
640890,Isocortex,STR,2,147,-0.011330048724913278,-0.0008535535485038048,-0.011703170106263039,-0.010663055867084353,-0.01344724083204224,0.0027841849649578865,-0.00037312138134976136
642504,Isocortex,STR,2,102,0.010511180400674502,-0.005025498278653562,-0.0027536311058130036,0.008904272926084311,-0.024057902129449915,0.032962175055534226,-0.013264811506487506
614547,Isocortex,TH,1,45,-0.02063196364057407,-0.009133306310631917,-0.015374418569832793,-0.008869884794571514,0.01850702018397382,-0.027376904978545336,0.005257545070741276
614608,Isocortex,TH,2,123,-0.006601466796718636,0.007071682878403263,-0.007392403116288249,-0.014068617834906705,0.02843504174683112,-0.042503659581737824,-0.0007909363195696129
615048,Isocortex,TH,2,105,-0.008960042989544281,-0.008431096719014597,-0.004102203016337236,0.0018999737160738384,-0.0018134895067592194,0.0037134632228330577,0.004857839973207045
615564,Isocortex,TH,2,99,-0.008323613793611906,-0.014792725494962855,-0.0030814962888240927,0.009090170453744856,0.04567424580669868,-0.036584075352953827,0.005242117504787813
623319,Isocortex,TH,1,36,-0.004780871888612093,-0.030458225198720434,-0.004021294823307153,0.02605714184276081,0.025760206121576923,0.00029693572118388856,0.0007595770653049394
623322,Isocortex,TH,3,201,-0.010776438656474782,-0.0034647306411279186,-0.012354472189672746,-0.008100724781945845,0.014018522335554505,-0.02211924711750035,-0.0015780335331979645
626279,Isocortex,TH,1,63,-0.003469963358043615,-0.013406936443397965,-0.006023971642784676,0.00865996894298382,-0.007395253266917756,0.016055222209901576,-0.0025540082847410606
632295,Isocortex,TH,2,78,-0.015340963257598927,0.007697637304575733,-0.03254438999285514,-0.031640313929802766,0.021347706134157957,-0.05298802006396072,-0.01720342673525621
638387,Isocortex,TH,1,63,-0.009147984173410562,-0.013997005689826314,-0.0036250011164183915,0.0076105130449118374,-0.012882506876960964,0.0204930199218728,0.00552298305699217
640887,Isocortex,TH,2,144,-0.0034614650549072423,-0.022796703338410662,-0.011545377402894463,0.01529328210950981,0.04560856382036155,-0.030315281710851738,-0.008083912347987221
640890,Isocortex,TH,2,147,-0.0014856108648847455,-0.008034018695505019,0.003328369090005723,0.008955397808065507,0.001250742458730636,0.007704655349334871,0.004813979954890468
642504,Isocortex,TH,2,102,-0.013704140224583161,-0.0047478441171948105,-0.01847747921595999,-0.011342965603076766,0.0020909328856842935,-0.013433898488761059,-0.00477333899137683
614608,MB,HPF,2,123,0.006487349455422842,-0.005490173754269523,-0.008135127310239465,0.004666284826861211,0.0012446788519217822,0.003421605974939429,-0.014622476765662307
615048,MB,HPF,2,105,-0.01879739807802061,-0.013874248406970546,-0.010868793571223834,-0.0009588474176516759,-0.007015892646811461,0.006057045229159785,0.007928604506796777
615564,MB,HPF,1,51,-0.006813390389553087,0.0014493426172373924,-0.006150262687867558,-0.007931169155947715,-0.009618991443801073,0.0016878222878533578,0.0006631277016855286
623319,MB,HPF,1,36,0.005454069015224716,-0.007607549162595095,0.00021198961534074634,0.010440578477877827,-0.001413116843999307,0.011853695321877133,-0.00524207939988397
623322,MB,HPF,1,66,-0.01706842766505423,-0.014369422991149516,-0.010420527760647613,0.0006249452782985943,0.020010264505301967,-0.019385319227003373,0.006647899904406618
626279,MB,HPF,1,63,-0.010694844635505851,-0.010652486267780592,0.0005049812410329313,0.005557554570544132,-0.008284079537370481,0.013841634107914613,0.011199825876538783
632295,MB,HPF,1,42,0.0028619607991037244,-0.0025133391992699927,0.002645542008669177,0.0052670906031564435,-0.001948209907113696,0.0072153005102701395,-0.00021641879043454715
640887,MB,HPF,1,69,-0.012553318676473024,-0.018532279524674733,-0.019637677969814082,0.0024367812015311796,0.009361036656687138,-0.006924255455155959,-0.007084359293341058
640890,MB,HPF,1,81,-0.0405115339171247,-0.00839461454826318,-0.005434987505209099,-0.014578646162903719,-0.010842209285353066,-0.003736436877550653,0.0350765464119156
642504,MB,HPF,2,102,-0.012081139765653781,-0.02358131714492251,-0.03412033156411565,0.000480581480037795,-0.033043952554152545,0.03352453403419034,-0.022039191798461866
614608,MB,Isocortex,2,123,-0.036533154931460865,-0.019708778031286456,-0.023667033940273585,-0.01039131640458077,-0.04152838783583432,0.03113707143125355,0.01286612099118728
615048,MB,Isocortex,2,105,-0.007388570404293915,0.0034395013561232535,-0.0020485468127729445,-0.008158059964656683,-0.0067572595053595474,-0.0014008004592971357,0.00534002359152097
615564,MB,Isocortex,1,51,-0.01644700778666297,-0.06141861510511726,-0.009287428929526609,0.04855139674702247,-0.025062555556439603,0.07361395230346207,0.007159578857136362
623319,MB,Isocortex,1,36,-0.012786948556431477,-0.008925403527375142,-0.0045451249172344665,0.0002593667905421704,-0.019808005993187716,0.020067372783729887,0.00824182363919701
623322,MB,Isocortex,1,66,0.0015654779686000708,-0.008986319640806761,-0.03117181560029736,-0.005816849175041883,-0.008832156725251505,0.0030153075502096227,-0.03273729356889743
626279,MB,Isocortex,1,63,-0.011796424677721018,-0.011903787595515913,-0.03447599757957642,-0.011232423533132807,-0.004917174436513905,-0.006315249096618902,-0.022679572901855405
632295,MB,Isocortex,1,42,-0.013938287659444493,-0.0069137181061458275,-0.00048452050676262015,-0.0002976859769577289,0.008748875208455409,-0.009046561185413138,0.013453767152681873
640887,MB,Isocortex,1,69,-0.0010259975154203183,-0.000051786674269194144,-0.005327139011158666,-0.003124781589020298,-0.004035174001508879,0.0009103924124885809,-0.004301141495738348
640890,MB,Isocortex,1,81,-0.0033160101332410097,-0.003503914057717661,0.0014859130376279062,0.002588865509911109,0.00750235943490124,-0.004913493924990131,0.004801923170868916
642504,MB,Isocortex,2,102,-0.01794968918895229,0.006224238506717106,0.0327133440453416,0.001157588921477548,0.006088950487953992,-0.004931361566476444,0.050663033234293886
614608,MB,STR,2,123,-0.03375992187669935,-0.0065315281320884044,0.0036332706190518316,-0.008531797496735355,-0.04594736829273305,0.037415570795997694,0.03739319249575118
615048,MB,STR,2,105,-0.0132011622381078,-0.01486823564189299,-0.009118055298812044,0.0037086268734330685,0.0033538375710537582,0.0003547893023793103,0.004083106939295755
615564,MB,STR,1,51,-0.021108956158562342,-0.003757046229105887,0.005822110652168089,-0.0038863765240912396,-0.02511899940530471,0.02123262288121347,0.02693106681073043
623319,MB,STR,1,36,-0.0027612444240414646,-0.0072621453624945875,0.008512397133068283,0.010137721717007997,0.011890277416366446,-0.001752555699358449,0.011273641557109748
623322,MB,STR,1,66,-0.01356727787356471,-0.010041129840932084,-0.0055087327969642885,0.0005031245056675848,0.026070371836566963,-0.02556724733089938,0.00805854507660042
632295,MB,STR,1,42,-0.0069593225170232476,0.001449412828409713,-0.10273557398139788,-0.056296861077620275,-0.08163273124230347,0.025335870164683194,-0.09577625146437463
640887,MB,STR,1,69,0.006586032583886903,0.005995774223552797,-0.026371165452206302,-0.015888340657712496,0.0145803687200029,-0.030468709377715397,-0.032957198036093205
640890,MB,STR,1,81,-0.007106036593395482,-0.004931040006172727,-0.012524303724563368,-0.004884130152806698,-0.017837764572788684,0.012953634419981985,-0.0054182671311678865
642504,MB,STR,2,102,-0.011889826427678662,-0.005909526632075002,-0.018914062377339558,-0.009492417770434108,-0.004050687021209143,-0.005441730749224966,-0.007024235949660895
614608,MB,TH,2,123,-0.008165559947753143,-0.012637232848490498,-0.00997598308024683,0.0035664613344905116,-0.008741882403872275,0.012308343738362787,-0.0018104231324936881
615048,MB,TH,2,105,-0.007932511376501805,-0.00825461205974315,-0.007743951640244606,0.0004163805513699437,0.003673527227389367,-0.0032571466760194234,0.0001885597362571989
615564,MB,TH,1,51,-0.005194108524729235,-0.007191291626677643,0.0003015773990525661,0.004745026063839308,-0.0003874233865308052,0.0051324494503701135,0.005495685923781801
623319,MB,TH,1,36,-0.013629322547312195,0.00478197045678197,-0.0432545346812363,-0.03322389907105622,-0.00947557497250845,-0.02374832409854777,-0.029625212133924106
623322,MB,TH,1,66,-0.009563249168562882,-0.015265138653144161,-0.10361836516516953,-0.04132566851372205,-0.03762257918705059,-0.0037030893266714604,-0.09405511599660665
626279,MB,TH,1,63,-0.0019574786206306705,-0.0058226056839156826,-0.009576885907595534,0.000055423419802580476,0.009521142861542875,-0.009465719441740295,-0.007619407286964863
632295,MB,TH,1,42,-0.030654323687494434,-0.00017168017881707964,-0.010676104600287895,-0.020493533965074084,-0.02807505694914031,0.007581522984066225,0.01997821908720654
640887,MB,TH,1,69,-0.012047746306821705,-0.0014545821143657767,-0.007330308656847695,-0.008234445367468923,-0.010666395777262694,0.0024319504097937705,0.00471743764997401
640890,MB,TH,1,81,-0.024984005692691102,-0.004500437281241609,-0.011753434864801404,-0.013868282997504644,-0.009549164222960371,-0.004319118774544273,0.013230570827889698
642504,MB,TH,2,102,-0.020540026472033457,-0.0142778098676975,-0.04153051802819624,-0.01675746238241735,-0.033329427389557464,0.016571965007140116,-0.020990491556162783
614547,STR,HPF,1,45,-0.02053554571746241,0.0031136022393165597,-0.02413816576288408,-0.025450457979489804,0.0008999195248640679,-0.026350377504353872,-0.0036026200454216672
614608,STR,HPF,2,123,-0.0070745725619435484,-0.018006535961977044,-0.006118700829395529,0.011409899266307505,0.010026491576203389,0.001383407690104116,0.0009558717325480193
615048,STR,HPF,2,105,-0.010718489389305752,-0.05058981162243992,-0.005253035246393145,0.04260404930459047,0.006102473209892406,0.03650157609469806,0.005465454142912607
615564,STR,HPF,2,99,-0.0102157892062133,-0.011591696256325779,-0.005350178242381987,0.0038087125320281356,-0.007521454297533758,0.011330166829561894,0.004865610963831313
623319,STR,HPF,1,36,-0.09594259722349474,-0.03793900092689184,0.0019060749063981586,-0.00907926023165645,0.2067419975455112,-0.21582125777716765,0.0978486721298929
623322,STR,HPF,1,66,-0.01199413355724055,-0.014886771551292699,-0.012269671527242343,0.002754869009051253,0.008656224149854896,-0.0059013551408036435,-0.0002755379700017935
632295,STR,HPF,2,78,-0.019982228267024893,-0.008290880295207526,-0.011385513918434176,-0.007392990797522009,-0.022191373792771196,0.014798382995249187,0.008596714348590717
638387,STR,HPF,1,63,-0.005736508509248561,-0.005897788252776426,-0.013972251039032435,-0.003956591521364072,0.0012245029893827586,-0.005181094510746831,-0.008235742529783874
640887,STR,HPF,2,144,-0.0066351860889191094,-0.033422415127047855,-0.010065387188080588,0.025072128488548007,0.004027963106601945,0.02104416538194606,-0.0034302010991614784
640890,STR,HPF,2,147,-0.013382338454908937,-0.005396606789731639,-0.018097927311840345,-0.010343526093643002,-0.01202714282204978,0.0016836167284067782,-0.0047155888569314075
642504,STR,HPF,2,102,-0.010032663520135987,-0.006865913424881409,-0.00579037883932032,-0.0010456077548467446,0.006727377744655122,-0.007772985499501867,0.004242284680815667
614547,STR,Isocortex,1,45,-0.010742887744423557,-0.00023507443520121019,0.006600805045884339,-0.0018359669140683987,-0.0024690136772457794,0.0006330467631773806,0.017343692790307896
614608,STR,Isocortex,2,123,-0.013231420403878424,-0.014407505980536417,0.000051081501052374634,0.007817336529123392,0.010812022014919626,-0.0029946854857962335,0.013282501904930799
615048,STR,Isocortex,2,105,-0.0065497893845224975,0.023876662438891694,-0.00862812760993098,-0.03146562093611843,0.00015417504776915614,-0.03161979598388759,-0.0020783382254084826
615564,STR,Isocortex,2,99,-0.0003404371251702898,-0.01048832901401825,0.0028368747795354254,0.011736547841200817,-0.006799468124980612,0.01853601596618143,0.0031773119047057152
623319,STR,Isocortex,1,36,0.013010533171983307,-0.012764855165249722,0.0007429153729248128,0.019641579437703782,0.004879128807125099,0.014762450630578683,-0.012267617799058494
623322,STR,Isocortex,1,66,-0.013536404804300628,0.008636121059473756,-0.014101667950903285,-0.022455157437075712,-0.022150182444714173,-0.0003049749923615397,-0.000565263146602657
632295,STR,Isocortex,2,78,-0.009842545645267098,-0.004816650542256329,-0.021734904926907217,-0.010972074743830829,-0.0747158217729893,0.06374374702915847,-0.011892359281640119
638387,STR,Isocortex,1,63,0.0006082044348560967,-0.011026426257478628,-0.006412145170636263,0.008124455889588544,0.003380683840338683,0.004743772049249861,-0.00702034960549236
640887,STR,Isocortex,2,144,0.0036507887985684495,0.002162202032921834,-0.00997289909108362,-0.005323257179179419,0.011554486329633434,-0.016877743508812854,-0.01362368788965207
640890,STR,Isocortex,2,147,-0.0147674022056683,-0.00454931143306736,0.000747914757184609,-0.002460432291174486,-0.024135658255034387,0.0216752259638599,0.01551531696285291
642504,STR,Isocortex,2,102,-0.06177053110757297,0.00022980463222882497,-0.007856243163525678,-0.03504319176777815,-0.0006200606855416568,-0.03442313108223649,0.05391428794404729
614608,STR,MB,2,123,-0.02134631395799036,-0.008821831048751005,-0.027508729708499935,-0.015605690784494142,-0.021690328269164394,0.006084637484670252,-0.006162415750509576
615048,STR,MB,2,105,-0.006807516741417552,-0.012968024585755578,-0.016082066301457254,0.0015232330643181746,0.018668696043438404,-0.01714546297912023,-0.009274549560039702
615564,STR,MB,1,51,-0.03918969471551481,-0.028372186627563023,-0.019058879778515725,-0.000752100619452245,-0.007766378420060782,0.007014277800608537,0.020130814936999086
623319,STR,MB,1,36,-0.08802811516750975,-0.01829068071176554,-0.03792407755824578,-0.044685415651112226,0.04036622657596356,-0.08505164222707579,0.05010403760926396
623322,STR,MB,1,66,0.00026679330092316267,-0.020669477882062637,-0.01671159617283824,0.012447076446105099,0.0003740145509140147,0.012073061895191084,-0.0169783894737614
632295,STR,MB,1,42,-0.0018173927584425043,-0.0086879293079829,-0.015088389490616305,0.00023503818345349536,-0.013947549445764873,0.014182587629218368,-0.013270996732173801
640887,STR,MB,1,69,-0.03780325883597202,-0.003352458864195884,-0.006210638006971636,-0.018654489557275944,-0.027215706693742847,0.008561217136466903,0.031592620829000384
640890,STR,MB,1,81,-0.008576025280403132,-0.004192662126448421,-0.002847197922236311,-0.0015189494748713006,-0.014194690723988157,0.012675741249116856,0.005728827358166821
642504,STR,MB,2,102,-0.06863192339869423,-0.0260804237647293,-0.047809164054231024,-0.03214011996173333,0.0001852865022982375,-0.032325406464031564,0.020822759344463204
614547,STR,TH,1,45,0.005151239793961149,-0.017350833810400368,0.004557731448164182,0.022205319431463033,0.0047899544746699,0.017415364956793133,-0.000593508345796967
614608,STR,TH,2,123,-0.012908708798517243,-0.014165199743440327,-0.011717505845470988,0.0018520924214462109,0.0065131916387930755,-0.004661099217346865,0.0011912029530462553
615048,STR,TH,2,105,-0.007137124655825666,-0.013026717669136156,-0.013308289531775486,0.0028040105753355804,0.0021255362216928975,0.0006784743536426829,-0.0061711648759498194
615564,STR,TH,2,99,-0.002047573503952682,-0.010844812779745416,-0.011144270301783221,0.004248890876877465,-0.00342275823112953,0.007671649108006995,-0.009096696797830539
623319,STR,TH,1,36,0.007102525114489611,-0.003273799692087964,-0.023649065282441373,-0.004999470391887917,-0.018682967064242828,0.013683496672354911,-0.030751590396930983
623322,STR,TH,1,66,-0.017296392260218285,-0.014921222611995244,-0.011057297985192949,0.0007443774892896271,-0.005913802788511502,0.006658180277801129,0.006239094275025336
632295,STR,TH,2,78,-0.0009204882696297045,0.007642429016381458,-0.0263807045814895,-0.02129302544194106,-0.0013872542212001182,-0.019905771220740942,-0.025460216311859796
638387,STR,TH,1,63,-0.012396490724214004,-0.013185215990715426,-0.015153775955694893,-0.000589917349239022,0.0016216746984385466,-0.0022115920476775686,-0.0027572852314808882
640887,STR,TH,2,144,-0.011100902298592619,-0.00025623324128676295,-0.007928680457852944,-0.009258558136936018,-0.0005808742564858416,-0.008677683880450177,0.003172221840739675
640890,STR,TH,2,147,-0.018216381155620687,-0.015449602186502043,-0.003350819296265073,0.004666001960559163,0.01752396128039102,-0.012857959319831858,0.014865561859355614
642504,STR,TH,2,102,-0.027239874877387216,-0.00862292882315513,-0.007064889543852759,-0.008529453387464858,0.003302437378245343,-0.011831890765710201,0.020174985333534456
614547,TH,HPF,1,45,-0.006592372679677827,-0.02184815189986722,-0.03272817241777082,0.0021878793511428962,-0.03265144308943624,0.034839322440579135,-0.02613579973809299
614608,TH,HPF,2,123,-0.00857781362237231,-0.02563118308136403,-0.02012770677928105,0.011278422880537348,-0.008726498762646306,0.020004921643183654,-0.011549893156908742
615048,TH,HPF,2,105,-0.025752798205624927,-0.00943067985826923,-0.013023738898461978,-0.009957588693774222,0.0014219541500768984,-0.01137954284385112,0.012729059307162949
615564,TH,HPF,2,99,-0.02516802331849516,-0.03589921068225799,-0.026924566396175742,0.009852915824922537,0.004665424826085757,0.00518749099883678,-0.0017565430776805835
623319,TH,HPF,1,36,-0.002530670090201581,-0.007407554025830487,-0.005292985702252562,0.003495726129603416,-0.006597620134481952,0.010093346264085368,-0.0027623156120509806
623322,TH,HPF,3,201,0.0027413583963291264,-0.005680821253358522,-0.010005642589173358,0.002048679156936406,0.0021089630031077555,-0.00006028384617134952,-0.012747000985502485
626279,TH,HPF,1,63,-0.011863465324641442,-0.0027470163303431328,-0.004649993346654058,-0.005509713005304617,-0.0038100341038284635,-0.0016996789014761537,0.007213471977987385
632295,TH,HPF,2,78,-0.005018639968011829,-0.0027962088669712393,-0.02893044570654968,-0.014178333970309515,-0.023034167460989685,0.00885583349068017,-0.02391180573853785
638387,TH,HPF,1,63,-0.005529763098198637,-0.03916400517361218,-0.03368805857730084,0.019555094335862444,-0.003062855530093278,0.022617949865955722,-0.028158295479102202
640887,TH,HPF,2,144,-0.022425427652371877,-0.007363614098330973,-0.0034312169429685513,-0.005564708199339241,-0.030265222330286667,0.024700514130947426,0.018994210709403325
640890,TH,HPF,2,147,-0.0016671419888331096,0.010976718142474418,-0.010626915583803132,-0.017123746928792538,-0.006235990542396458,-0.01088775638639608,-0.008959773594970022
642504,TH,HPF,2,102,-0.004999648719853422,-0.025749636497248485,-0.013508872851836495,0.016495375711403526,0.012426995108927058,0.004068380602476468,-0.008509224131983073
614547,TH,Isocortex,1,45,-0.06142200922767982,-0.045951423878700326,-0.012382439955326952,0.00904919928719694,0.01951649970994196,-0.010467300422745018,0.04903956927235287
614608,TH,Isocortex,2,123,-0.044881744192007134,-0.006726917281073774,-0.00551603020328828,-0.018471969916573933,-0.007035729582962891,-0.011436240333611042,0.03936571398871885
615048,TH,Isocortex,2,105,-0.005971059551447777,-0.0028971883309987234,-0.002455802624331538,-0.001316242756890934,-0.004711820075297329,0.0033955773184063953,0.0035152569271162393
615564,TH,Isocortex,2,99,0.003015866257385702,-0.01513389715864727,0.0034873259397068535,0.018385493257193547,-0.009286020119763122,0.02767151337695667,0.00047145968232115143
623319,TH,Isocortex,1,36,-0.006233372376841517,-0.022094316462868635,-0.008194271582602775,0.01488049448314649,0.000798513541904522,0.014081980941241967,-0.0019608992057612573
623322,TH,Isocortex,3,201,-0.00826573885843577,-0.01902330793768307,0.0025361379212009614,0.016158507469065667,-0.001070535237508257,0.017229042706573924,0.010801876779636732
626279,TH,Isocortex,1,63,-0.010745553977747568,-0.010755255927557439,-0.011256563666502184,-0.0002458028945674373,0.018018646915624714,-0.01826444981019215,-0.0005110096887546156
632295,TH,Isocortex,2,78,-0.010805425852133899,0.012893956797623618,-0.015180386781059652,-0.025886863114220393,-0.0183173499442654,-0.0075695131699549945,-0.004374960928925753
638387,TH,Isocortex,1,63,-0.006151373946306493,-0.007066630584963707,0.008950134694664547,0.008466010959142733,0.0010249166872556281,0.007441094271887105,0.01510150864097104
640887,TH,Isocortex,2,144,0.013556952189486715,-0.012232315335730104,-0.010802013907645291,0.013609784476650816,0.0007533779434161503,0.012856406533234666,-0.024358966097132007
640890,TH,Isocortex,2,147,-0.010760217377268566,-0.0021629494273591177,-0.005543732608500773,-0.005989025565525552,0.0009693097024274788,-0.006958335267953031,0.005216484768767793
642504,TH,Isocortex,2,102,-0.025902309482121466,-0.010446162158927463,-0.008571056992886128,-0.006790521078576334,0.00521943022729407,-0.012009951305870403,0.017331252489235338
614608,TH,MB,2,123,-0.014041052187434455,-0.007635174614656626,-0.019267855463679207,-0.009019279210900205,-0.017199418135419642,0.008180138924519437,-0.005226803276244751
615048,TH,MB,2,105,-0.008230740453248897,-0.004184000150703082,-0.02393430515559336,-0.011898522653718047,-0.019476780106964242,0.0075782574532461955,-0.015703564702344464
615564,TH,MB,1,51,-0.01336330870785385,0.010349662581072616,-0.027400556926125197,-0.03073159539806214,-0.04844912015877939,0.01771752476071725,-0.014037248218271348
623319,TH,MB,1,36,-0.01298480854816364,-0.00516624182449954,-0.005166004378947653,-0.003909164639056106,-0.014313565125745942,0.010404400486689835,0.007818804169215987
623322,TH,MB,1,66,-0.04190854002972633,-0.07754676540295435,0.0010612946030389425,0.05712314268961066,0.31748506745169935,-0.2603619247620887,0.04296983463276527
626279,TH,MB,1,63,-0.038919830600240735,-0.015202413993343322,-0.03290497877674681,-0.02070999069515045,-0.034194069847115316,0.013484079151964867,0.0060148518234939274
632295,TH,MB,1,42,0.009435683550545693,-0.010157435946128945,-0.031465755647384186,-0.0008576001022903013,-0.03174612743503202,0.030888527332741722,-0.04090143919792988
640887,TH,MB,1,69,-0.017476639981502062,-0.005557294434605731,-0.01158573237736471,-0.008973891744827656,-0.008611628782631053,-0.00036226296219660226,0.005890907604137352
640890,TH,MB,1,81,0.016692812990318107,-0.012507524049513719,-0.011681468308523013,0.015013196390411265,-0.002836406933913016,0.01784960332432428,-0.02837428129884112
642504,TH,MB,2,102,-0.013274190490332738,-0.01513843546697391,-0.013317156152180987,0.0018427621457170473,0.01647718838627807,-0.014634426240561021,-0.00004296566184824879
614547,TH,STR,1,45,-0.005376237489505331,-0.016145612741183757,-0.0039141229533032895,0.011500432519779447,-0.06216583817584154,0.07366627069562098,0.0014621145362020416
614608,TH,STR,2,123,-0.012777182607475013,-0.0036783253921173764,-0.007785517126085606,-0.006603024474662933,-0.009111394687648544,0.002508370212985611,0.004991665481389407
615048,TH,STR,2,105,-0.01853286124135889,-0.0032834779009344728,0.002028479839066455,-0.004968712800211744,-0.0012798525633941904,-0.003688860236817554,0.020561341080425344
615564,TH,STR,2,99,-0.010309657557459329,-0.0004297721347953365,-0.008940529980630274,-0.009195321634249465,-0.021821842980788986,0.012626521346539521,0.0013691275768290545
623319,TH,STR,1,36,0.003260749167044441,-0.010786043837612613,-0.01713131526180056,0.003850760790234553,0.023413337766159836,-0.019562576975925283,-0.020392064428845003
623322,TH,STR,1,66,-0.0029701836433504436,0.004447086134755418,-0.007974238954512769,-0.009919297433687024,0.011838040945202077,-0.0217573383788891,-0.005004055311162325
632295,TH,STR,2,78,-0.0157527671588642,-0.029031744870210707,-0.0007055878384936709,0.02080256737153177,0.003950588994678345,0.016851978376853427,0.01504717932037053
638387,TH,STR,1,63,-0.009315704140292924,0.018389810085964964,-0.0055386977468596665,-0.02581701102954126,-0.008008958047137915,-0.017808052982403344,0.0037770063934332576
640887,TH,STR,2,144,-0.0022261451269864896,-0.005760347623528228,-0.02231076074681726,-0.006508105313373647,-0.008998313096699934,0.002490207783326287,-0.02008461561983077
640890,TH,STR,2,147,-0.013730065910053102,0.003966306920471563,-0.005830140083822211,-0.01374640991740922,0.0038586315465840293,-0.01760504146399325,0.007899925826230891
642504,TH,STR,2,102,-0.005676363748145008,0.0028785469107613926,0.0027730595089990318,-0.004330199030334381,-0.002687227497244815,-0.0016429715330895656,0.00844942325714404
