_nwb_path,subject_id,ecephys_session_id,recording_day,n_trials,n_unresolved_trials,n_nwb_source_trials,n_companion_source_trials,n_missing_source_trials,n_no_reward_trials,n_nwb_companion_disagreements,n_companion_internal_conflict_trials,n_effective_reward_epoch_conflicts,reward_epoch_audit_status
https://dandiarchive.s3.amazonaws.com/blobs/585/411/5854110b-2b31-4bbf-881e-3280f7b87b95,604914,1173189336,EPHYS_2,798,0,798,0,0,157,0,0,0,pass
https://dandiarchive.s3.amazonaws.com/blobs/e5f/59c/e5f59ceb-77c6-417f-a55e-4574c0d390ba,604914,1173741216,EPHYS_4,487,0,487,0,0,161,0,0,0,pass
https://dandiarchive.s3.amazonaws.com/blobs/324/6c5/3246c508-0142-4e96-b1f4-13ab63ee636e,607660,1182628226,EPHYS_2,643,0,0,643,0,157,0,0,0,pass
https://dandiarchive.s3.amazonaws.com/blobs/c1b/70d/c1b70d41-1214-4afd-9fcc-b1a3b128c5d6,607660,1182427414,EPHYS_1,612,0,0,612,0,159,0,0,0,pass
https://dandiarchive.s3.amazonaws.com/blobs/d01/275/d012752e-19c8-4ea9-bba6-59bf0983cff5,607660,1183071525,EPHYS_4,645,0,0,645,0,156,0,0,0,pass
https://dandiarchive.s3.amazonaws.com/blobs/f23/541/f2354121-247a-43f9-a28f-6b8b8c4570d4,607660,1182871514,EPHYS_3,645,0,0,645,0,160,0,0,0,pass
https://dandiarchive.s3.amazonaws.com/blobs/2b8/c4a/2b8c4a9d-2e57-4a8d-a9dd-3aa56cf82732,608671,1177900858,EPHYS_1,468,0,0,468,0,157,0,0,0,pass
https://dandiarchive.s3.amazonaws.com/blobs/e4f/a5f/e4fa5f32-279b-40b0-a324-b0d14d1c4cdc,608671,1178460518,EPHYS_3,553,0,0,553,0,155,0,0,0,pass
https://dandiarchive.s3.amazonaws.com/blobs/f8f/a8d/f8fa8d9d-b477-4570-875d-852aa7c507d4,608671,1178693650,EPHYS_4,639,0,0,639,0,157,0,0,0,pass
https://dandiarchive.s3.amazonaws.com/blobs/fe8/82f/fe882f8d-cadd-49b7-a088-3f7605d8b083,608671,1178173272,EPHYS_2,491,0,0,491,0,155,0,0,0,pass
https://dandiarchive.s3.amazonaws.com/blobs/0ab/b29/0abb2952-5419-4c3b-b848-d58b590e49b5,608672,1174790219,EPHYS_2,654,0,0,654,0,151,0,0,0,pass
https://dandiarchive.s3.amazonaws.com/blobs/45e/b63/45eb632e-a7df-4d91-b0ea-ab8ff3512409,608672,1175253205,EPHYS_4,638,0,0,638,0,157,0,0,0,pass
https://dandiarchive.s3.amazonaws.com/blobs/bee/4c8/bee4c859-5d34-4bb8-aff9-c839f7465d57,608672,1174553025,EPHYS_1,571,0,0,571,0,160,0,0,0,pass
https://dandiarchive.s3.amazonaws.com/blobs/ecf/4b0/ecf4b0b7-074f-487d-974c-a5188c39f67e,608672,1175067685,EPHYS_3,565,0,0,565,0,156,0,0,0,pass
https://dandiarchive.s3.amazonaws.com/blobs/0e3/8be/0e38be1e-c081-4521-86c7-d316a3aa6a09,611160,1176580734,EPHYS_2,600,0,0,600,0,162,0,0,0,pass
https://dandiarchive.s3.amazonaws.com/blobs/31a/05e/31a05e05-48b4-4889-a8b3-8dffcdc8ef89,611160,1176989662,EPHYS_4,560,0,0,560,0,159,0,0,0,pass
https://dandiarchive.s3.amazonaws.com/blobs/8a2/759/8a27595e-a223-4dec-9fcd-0f886050fa7d,611160,1176791184,EPHYS_3,581,0,0,581,0,158,0,0,0,pass
https://dandiarchive.s3.amazonaws.com/blobs/6a7/f05/6a7f05a7-12dd-44cc-8d40-59fa08937b0e,611166,1189820015,EPHYS_2,629,0,629,0,0,155,0,0,0,pass
https://dandiarchive.s3.amazonaws.com/blobs/718/75c/71875c87-1585-49ee-b80f-26210d975e15,611166,1190290940,EPHYS_4,563,0,563,0,0,158,0,0,0,pass
https://dandiarchive.s3.amazonaws.com/blobs/861/4d2/8614d263-cbc7-4fbd-bc00-69a8b1b927e5,611166,1189336645,EPHYS_1,540,0,540,0,0,156,0,0,0,pass
https://dandiarchive.s3.amazonaws.com/blobs/b7c/991/b7c991b8-a603-458b-8e4b-8b721669fecd,611166,1190094328,EPHYS_3,629,0,629,0,0,154,0,0,0,pass
https://dandiarchive.s3.amazonaws.com/blobs/755/a0b/755a0bb5-97d8-4679-a2d6-1be3366d9cff,612090,1180107381,EPHYS_3,591,0,0,591,0,154,0,0,0,pass
https://dandiarchive.s3.amazonaws.com/blobs/805/c33/805c3334-a4f4-4386-90fd-c7b064a28be8,612090,1179670730,EPHYS_1,598,0,0,598,0,156,0,0,0,pass
https://dandiarchive.s3.amazonaws.com/blobs/e4a/849/e4a84972-c995-4591-b870-4171b092406b,612090,1180266229,EPHYS_4,516,0,0,516,0,158,0,0,0,pass
https://dandiarchive.s3.amazonaws.com/blobs/ecf/ff1/ecfff12c-b251-430f-9c0d-05025ad77f11,612090,1179911454,EPHYS_2,501,0,0,501,0,160,0,0,0,pass
https://dandiarchive.s3.amazonaws.com/blobs/c78/ef5/c78ef53f-16de-4f5e-8235-afe87a226203,614547,1181731440,EPHYS_4,612,0,0,612,0,159,0,0,0,pass
https://dandiarchive.s3.amazonaws.com/blobs/e00/438/e0043830-9418-4875-88b6-c0b5aefca5ae,614547,1181096406,EPHYS_1,639,0,0,639,0,156,0,0,0,pass
https://dandiarchive.s3.amazonaws.com/blobs/e52/a35/e52a35c1-68c0-4750-9822-c73be5911a37,614547,1181324124,EPHYS_2,682,0,0,682,0,160,0,0,0,pass
https://dandiarchive.s3.amazonaws.com/blobs/0bd/fcc/0bdfccec-c7f5-413e-b52d-4ad1895672fa,614608,1187668018,EPHYS_2,516,0,516,0,0,154,0,0,0,pass
https://dandiarchive.s3.amazonaws.com/blobs/170/d5f/170d5fde-4cd2-400a-9e5e-40fbcb9b6985,614608,1188138256,EPHYS_4,515,0,515,0,0,157,0,0,0,pass
https://dandiarchive.s3.amazonaws.com/blobs/68c/a06/68ca0674-2a8a-4931-8d5b-10a3edfb0cfa,614608,1187475832,EPHYS_1,542,0,542,0,0,156,0,0,0,pass
https://dandiarchive.s3.amazonaws.com/blobs/fd4/c49/fd4c4964-f02b-456e-af4d-b9407877d0de,614608,1187940755,EPHYS_3,550,0,550,0,0,157,0,0,0,pass
https://dandiarchive.s3.amazonaws.com/blobs/333/44c/33344c82-0b1b-48ac-b5b1-ba6eac47f6e2,615047,1191375883,EPHYS_3,804,0,804,0,0,154,0,0,0,pass
https://dandiarchive.s3.amazonaws.com/blobs/4d8/ee0/4d8ee03a-8ed6-46af-baef-48bcdc3bda86,615047,1190892228,EPHYS_1,513,0,513,0,0,154,0,0,0,pass
https://dandiarchive.s3.amazonaws.com/blobs/9b5/21d/9b521df8-c80b-4305-b5f5-6830e47015dc,615047,1191631184,EPHYS_4,858,0,858,0,0,151,0,0,0,pass
https://dandiarchive.s3.amazonaws.com/blobs/a25/64a/a2564a07-a0cb-4376-b229-bb8586440a65,615047,1191131853,EPHYS_2,508,0,508,0,0,158,0,0,0,pass
https://dandiarchive.s3.amazonaws.com/blobs/75d/9d0/75d9d091-e7db-47d1-aac4-d41133e29393,615048,1197725774,EPHYS_2,675,0,675,0,0,209,0,0,0,pass
https://dandiarchive.s3.amazonaws.com/blobs/79f/491/79f49133-ebbc-4302-9892-e200c2fad8e2,615048,1198130743,EPHYS_4,600,0,600,0,0,205,0,0,0,pass
https://dandiarchive.s3.amazonaws.com/blobs/cef/352/cef35297-7f3a-41ce-949d-59dd2a4c4bc1,615048,1197967151,EPHYS_3,599,0,599,0,0,258,0,0,0,pass
https://dandiarchive.s3.amazonaws.com/blobs/fe0/9ba/fe09ba54-89e9-4b73-bf95-5127c2ee2ad9,615048,1197514969,EPHYS_1,676,0,676,0,0,244,0,0,0,pass
https://dandiarchive.s3.amazonaws.com/blobs/ce1/184/ce11847a-19b5-4a16-a4f9-b904cc8aece6,615563,1194411467,EPHYS_1,677,0,677,0,0,224,0,0,0,pass
https://dandiarchive.s3.amazonaws.com/blobs/ce2/279/ce2279e0-4653-4528-b6a3-5dcf3b13bc5f,615563,1195036753,EPHYS_4,691,0,691,0,0,251,0,0,0,pass
https://dandiarchive.s3.amazonaws.com/blobs/d53/5f5/d535f597-e428-4fbb-aa14-16ef4a07f81b,615563,1194850630,EPHYS_3,611,0,611,0,0,195,0,0,0,pass
https://dandiarchive.s3.amazonaws.com/blobs/050/7be/0507bec5-48af-4de6-8094-ccb38f901537,615564,1199249150,EPHYS_3,705,0,705,0,0,221,0,0,0,pass
https://dandiarchive.s3.amazonaws.com/blobs/3ae/b2f/3aeb2f0d-c1c1-4b50-964b-61caffa07ee9,615564,1198796984,EPHYS_1,921,0,921,0,0,423,0,0,0,pass
https://dandiarchive.s3.amazonaws.com/blobs/635/68b/63568b8b-5957-4045-b90d-d75108909249,615564,1198995158,EPHYS_2,747,0,747,0,0,319,0,0,0,pass
https://dandiarchive.s3.amazonaws.com/blobs/932/2b8/9322b892-db03-4e77-a1cd-e428cff1307b,615564,1199448636,EPHYS_4,903,0,903,0,0,392,0,0,0,pass
https://dandiarchive.s3.amazonaws.com/blobs/404/f88/404f882a-02c3-400f-b4d6-61772802d386,623319,1208664393,EPHYS_3,755,0,755,0,0,219,0,0,0,pass
https://dandiarchive.s3.amazonaws.com/blobs/957/44e/95744e7f-8578-44a4-99fe-df9cdaf362fe,623319,1208053773,EPHYS_2,752,0,752,0,0,218,0,0,0,pass
https://dandiarchive.s3.amazonaws.com/blobs/9ae/cb7/9aecb778-a5a0-4554-8b06-3af01005fea5,623319,1209073822,EPHYS_4,679,0,679,0,0,175,0,0,0,pass
https://dandiarchive.s3.amazonaws.com/blobs/3d6/dc4/3d6dc44c-8001-467b-be23-96ba4b22da97,623322,1200659846,EPHYS_3,652,0,652,0,0,268,0,0,0,pass
https://dandiarchive.s3.amazonaws.com/blobs/5d9/4f7/5d94f7f7-daa2-4d2d-93a5-1bd2bc02e141,623322,1200471383,EPHYS_2,806,0,806,0,0,371,0,0,0,pass
https://dandiarchive.s3.amazonaws.com/blobs/8b5/9fb/8b59fb00-5a25-456c-a6b8-abbb37b67e36,623322,1200260055,EPHYS_1,722,0,722,0,0,337,0,0,0,pass
https://dandiarchive.s3.amazonaws.com/blobs/d0e/7e5/d0e7e549-f015-47fe-baa5-db8170c52771,623322,1200878248,EPHYS_4,727,0,727,0,0,295,0,0,0,pass
https://dandiarchive.s3.amazonaws.com/blobs/1bd/46d/1bd46d10-cc18-492e-86d4-27213cbfba1c,623784,1202644967,EPHYS_2,949,0,949,0,0,362,0,0,0,pass
https://dandiarchive.s3.amazonaws.com/blobs/912/b96/912b96b6-4caa-42bf-9a1c-9cdb604bda77,623784,1203574877,EPHYS_3,845,0,845,0,0,297,0,0,0,pass
https://dandiarchive.s3.amazonaws.com/blobs/9a4/25c/9a425c2d-dc68-407e-8c40-52922bc1fea9,623784,1204636084,EPHYS_4,1028,0,1028,0,0,427,0,0,0,pass
https://dandiarchive.s3.amazonaws.com/blobs/abc/f33/abcf33cb-a783-47f9-be38-2ffdc58b957c,623784,1202438738,EPHYS_1,1001,0,1001,0,0,483,0,0,0,pass
https://dandiarchive.s3.amazonaws.com/blobs/1ac/392/1ac392f0-b27d-4d64-bd96-976288848e9a,623786,1210343162,EPHYS_1,1182,0,1182,0,0,691,0,0,0,pass
https://dandiarchive.s3.amazonaws.com/blobs/4d3/55e/4d355e88-34ef-43e9-ba82-b9496b312da3,623786,1211232400,EPHYS_4,670,0,670,0,0,217,0,0,0,pass
https://dandiarchive.s3.amazonaws.com/blobs/a3f/49c/a3f49c1c-0ca2-4e5b-8867-f27db4227228,623786,1210608527,EPHYS_2,732,0,732,0,0,301,0,0,0,pass
https://dandiarchive.s3.amazonaws.com/blobs/cd5/f63/cd5f6323-15e9-4c59-b36c-477c6daead5a,623786,1210863396,EPHYS_3,701,0,701,0,0,255,0,0,0,pass
https://dandiarchive.s3.amazonaws.com/blobs/4bd/cd2/4bdcd217-633c-4841-a9b1-208c117f5ea3,626279,1214217748,EPHYS_1,751,0,751,0,0,266,0,0,0,pass
https://dandiarchive.s3.amazonaws.com/blobs/588/a20/588a202a-4fc5-4cc5-96cd-84a5cabd3756,626279,1214409109,EPHYS_2,573,0,573,0,0,186,0,0,0,pass
https://dandiarchive.s3.amazonaws.com/blobs/922/bef/922bef73-695d-4dd9-9d17-15fd387f5ee5,626279,1214740195,EPHYS_4,714,0,714,0,0,200,0,0,0,pass
https://dandiarchive.s3.amazonaws.com/blobs/97c/539/97c5397d-8abf-4938-ab34-681220e26999,626279,1214566710,EPHYS_3,632,0,632,0,0,208,0,0,0,pass
https://dandiarchive.s3.amazonaws.com/blobs/17d/ce1/17dce1a6-9218-4477-a99a-980a2903ed1b,632295,1218577463,EPHYS_1,793,0,793,0,0,287,0,0,0,pass
https://dandiarchive.s3.amazonaws.com/blobs/708/8bf/7088bfa9-4f4c-467d-acb3-e1ca622632db,632295,1219401111,EPHYS_4,707,0,707,0,0,262,0,0,0,pass
https://dandiarchive.s3.amazonaws.com/blobs/8bb/124/8bb12481-57e1-4f9d-95f0-c2ec49f2e338,632295,1218795542,EPHYS_2,792,0,792,0,0,281,0,0,0,pass
https://dandiarchive.s3.amazonaws.com/blobs/db1/7c5/db17c503-6c6e-44c4-921f-4b0ddfa6dbdb,632295,1219127153,EPHYS_3,721,0,721,0,0,218,0,0,0,pass
https://dandiarchive.s3.amazonaws.com/blobs/208/c19/208c19d2-d4b2-41a9-8568-e9ec9d6291a3,633232,1225178442,EPHYS_4,821,0,821,0,0,238,0,0,0,pass
https://dandiarchive.s3.amazonaws.com/blobs/4cb/2ca/4cb2cabe-f8a3-4e7e-9065-718d65e5ea3f,633232,1224635971,EPHYS_2,590,0,590,0,0,200,0,0,0,pass
https://dandiarchive.s3.amazonaws.com/blobs/758/757/7587577c-c208-438d-9246-8e12c720a91b,633232,1224385827,EPHYS_1,963,0,963,0,0,300,0,0,0,pass
https://dandiarchive.s3.amazonaws.com/blobs/e64/266/e642660d-05ba-4a34-a104-de354fd9c83a,633232,1224928532,EPHYS_3,728,0,728,0,0,264,0,0,0,pass
https://dandiarchive.s3.amazonaws.com/blobs/2d2/988/2d298808-6dde-4ebb-bedd-fa2de1e683d2,636740,1226780656,EPHYS_4,620,0,620,0,0,225,0,0,0,pass
https://dandiarchive.s3.amazonaws.com/blobs/548/e95/548e9593-494c-49ca-9ff0-8285e38c3acd,636740,1226528572,EPHYS_3,569,0,569,0,0,195,0,0,0,pass
https://dandiarchive.s3.amazonaws.com/blobs/f0c/39c/f0c39cce-3f08-4bbe-8fac-b1942b204ff6,636740,1226010097,EPHYS_1,472,0,472,0,0,174,0,0,0,pass
https://dandiarchive.s3.amazonaws.com/blobs/f5f/cc2/f5fcc2ca-f86f-4533-8e69-479f32781517,636740,1226251663,EPHYS_2,555,0,555,0,0,189,0,0,0,pass
https://dandiarchive.s3.amazonaws.com/blobs/994/5a0/9945a088-2bea-49d3-8375-64eea7550062,637483,1227855488,EPHYS_2,697,0,697,0,0,284,0,0,0,pass
https://dandiarchive.s3.amazonaws.com/blobs/9d2/6e8/9d26e823-d653-42f0-a3ff-fcb202d7a66a,637483,1228018071,EPHYS_3,727,0,727,0,0,279,0,0,0,pass
https://dandiarchive.s3.amazonaws.com/blobs/abe/045/abe045a7-cd57-4618-a695-02068dbb75c1,637483,1227622013,EPHYS_1,790,0,790,0,0,438,0,0,0,pass
https://dandiarchive.s3.amazonaws.com/blobs/207/67e/20767ee0-0250-4a1d-9283-45f07c724d92,637488,1230732154,EPHYS_1,439,0,439,0,0,170,0,0,0,pass
https://dandiarchive.s3.amazonaws.com/blobs/548/45e/54845e01-187e-4d6b-858a-071e0675a0de,637488,1231476077,EPHYS_4,495,0,495,0,0,184,0,0,0,pass
https://dandiarchive.s3.amazonaws.com/blobs/b2e/656/b2e6563b-6164-4f85-ab61-a16d682acc5a,637488,1230962048,EPHYS_2,452,0,452,0,0,167,0,0,0,pass
https://dandiarchive.s3.amazonaws.com/blobs/d66/dd6/d66dd6e8-811f-4763-9d8f-69071ba64b62,637488,1231219674,EPHYS_3,526,0,526,0,0,175,0,0,0,pass
https://dandiarchive.s3.amazonaws.com/blobs/670/d01/670d01b8-e344-45cf-b21d-c26022721b85,638387,1229887685,EPHYS_3,834,0,834,0,0,359,0,0,0,pass
https://dandiarchive.s3.amazonaws.com/blobs/902/f95/902f95dc-adc9-4fdb-97ba-0de52800a5e4,638387,1230064747,EPHYS_4,954,0,954,0,0,411,0,0,0,pass
https://dandiarchive.s3.amazonaws.com/blobs/9c5/a03/9c5a0313-cb5b-45b6-9e66-5bb6aac04f2c,638387,1229429400,EPHYS_1,628,0,628,0,0,217,0,0,0,pass
https://dandiarchive.s3.amazonaws.com/blobs/d8b/8a9/d8b8a9fb-eda0-459f-a722-60a69961c992,638387,1229654875,EPHYS_2,1101,0,1101,0,0,521,0,0,0,pass
https://dandiarchive.s3.amazonaws.com/blobs/362/b4b/362b4b76-85f6-4074-b456-db33393f45c0,640887,1234028213,EPHYS_1,596,0,596,0,0,221,0,0,0,pass
https://dandiarchive.s3.amazonaws.com/blobs/584/1b8/5841b844-3102-4b4f-8f2c-e4cd23ec8f45,640887,1234203203,EPHYS_2,557,0,557,0,0,197,0,0,0,pass
https://dandiarchive.s3.amazonaws.com/blobs/cfc/bf1/cfcbf155-cb15-455d-8450-0ef256540990,640887,1234410451,EPHYS_3,544,0,544,0,0,203,0,0,0,pass
https://dandiarchive.s3.amazonaws.com/blobs/13d/b29/13db29ff-1454-412d-8680-ecd7a38c6f95,640890,1232430325,EPHYS_1,570,0,570,0,0,207,0,0,0,pass
https://dandiarchive.s3.amazonaws.com/blobs/19d/56b/19d56bf0-7ecb-4c4f-b08d-3f05701ae315,640890,1232954220,EPHYS_3,627,0,627,0,0,227,0,0,0,pass
https://dandiarchive.s3.amazonaws.com/blobs/2b3/c82/2b3c82b7-a1e0-42ac-a96d-cfc0fac219b7,640890,1233182785,EPHYS_4,615,0,615,0,0,222,0,0,0,pass
https://dandiarchive.s3.amazonaws.com/blobs/e3b/977/e3b97777-89fa-4730-8d0e-fae22e471f07,640890,1232725697,EPHYS_2,567,0,567,0,0,187,0,0,0,pass
https://dandiarchive.s3.amazonaws.com/blobs/4c0/643/4c064370-d6ec-45fb-8be0-edf4ac91097f,642504,1243799530,EPHYS_2,772,0,772,0,0,319,0,0,0,pass
https://dandiarchive.s3.amazonaws.com/blobs/559/41e/55941ebd-ef47-4d38-80af-0fabd499db6d,642504,1244070169,EPHYS_3,620,0,620,0,0,235,0,0,0,pass
https://dandiarchive.s3.amazonaws.com/blobs/88d/b29/88db2938-a9e0-491c-8056-f83cc894edf3,642504,1243523806,EPHYS_1,556,0,556,0,0,195,0,0,0,pass
