_nwb_path,subject_id,ecephys_session_id,perturbation_family,condition,interpretation_scope,reward_block,n_trials,response_probability,mean_axis_score
https://dandiarchive.s3.amazonaws.com/blobs/c78/ef5/c78ef53f-16de-4f5e-8235-afe87a226203,614547,1181731440,contrast,full,within_identity_im115_contrast,engaged_1,11,0.9090909090909091,0.5347844709013009
https://dandiarchive.s3.amazonaws.com/blobs/c78/ef5/c78ef53f-16de-4f5e-8235-afe87a226203,614547,1181731440,contrast,full,within_identity_im115_contrast,engaged_2,15,0.8666666666666667,-0.0500982164047727
https://dandiarchive.s3.amazonaws.com/blobs/c78/ef5/c78ef53f-16de-4f5e-8235-afe87a226203,614547,1181731440,contrast,full,within_identity_im115_contrast,no_reward,28,0.21428571428571427,-0.4439724149266815
https://dandiarchive.s3.amazonaws.com/blobs/68c/a06/68ca0674-2a8a-4931-8d5b-10a3edfb0cfa,614608,1187475832,contrast,full,within_identity_im115_contrast,engaged_1,11,0.8181818181818182,0.5022537205183292
https://dandiarchive.s3.amazonaws.com/blobs/68c/a06/68ca0674-2a8a-4931-8d5b-10a3edfb0cfa,614608,1187475832,contrast,full,within_identity_im115_contrast,engaged_2,21,0.6190476190476191,-0.07185510972846439
https://dandiarchive.s3.amazonaws.com/blobs/68c/a06/68ca0674-2a8a-4931-8d5b-10a3edfb0cfa,614608,1187475832,contrast,full,within_identity_im115_contrast,no_reward,29,0.3448275862068966,-0.49550012518896136
https://dandiarchive.s3.amazonaws.com/blobs/fd4/c49/fd4c4964-f02b-456e-af4d-b9407877d0de,614608,1187940755,contrast,full,within_identity_im115_contrast,engaged_1,12,0.5833333333333334,0.5040924987312176
https://dandiarchive.s3.amazonaws.com/blobs/fd4/c49/fd4c4964-f02b-456e-af4d-b9407877d0de,614608,1187940755,contrast,full,within_identity_im115_contrast,engaged_2,19,0.8421052631578947,-0.1957291361350112
https://dandiarchive.s3.amazonaws.com/blobs/fd4/c49/fd4c4964-f02b-456e-af4d-b9407877d0de,614608,1187940755,contrast,full,within_identity_im115_contrast,no_reward,28,0.10714285714285714,-0.5066400621445036
https://dandiarchive.s3.amazonaws.com/blobs/fe0/9ba/fe09ba54-89e9-4b73-bf95-5127c2ee2ad9,615048,1197514969,contrast,full,within_identity_im115_contrast,engaged_1,7,0.7142857142857143,0.49999762920928553
https://dandiarchive.s3.amazonaws.com/blobs/fe0/9ba/fe09ba54-89e9-4b73-bf95-5127c2ee2ad9,615048,1197514969,contrast,full,within_identity_im115_contrast,engaged_2,15,0.6666666666666666,-0.2426677895147593
https://dandiarchive.s3.amazonaws.com/blobs/fe0/9ba/fe09ba54-89e9-4b73-bf95-5127c2ee2ad9,615048,1197514969,contrast,full,within_identity_im115_contrast,no_reward,17,0.11764705882352941,-0.499997883455696
https://dandiarchive.s3.amazonaws.com/blobs/75d/9d0/75d9d091-e7db-47d1-aac4-d41133e29393,615048,1197725774,contrast,full,within_identity_im115_contrast,engaged_1,7,0.5714285714285714,0.4803372296809524
https://dandiarchive.s3.amazonaws.com/blobs/75d/9d0/75d9d091-e7db-47d1-aac4-d41133e29393,615048,1197725774,contrast,full,within_identity_im115_contrast,engaged_2,14,0.5714285714285714,-0.1455165538230178
https://dandiarchive.s3.amazonaws.com/blobs/75d/9d0/75d9d091-e7db-47d1-aac4-d41133e29393,615048,1197725774,contrast,full,within_identity_im115_contrast,no_reward,19,0.15789473684210525,-0.5338040034493146
https://dandiarchive.s3.amazonaws.com/blobs/3ae/b2f/3aeb2f0d-c1c1-4b50-964b-61caffa07ee9,615564,1198796984,contrast,full,within_identity_im115_contrast,engaged_1,8,0.875,0.5577485289459136
https://dandiarchive.s3.amazonaws.com/blobs/3ae/b2f/3aeb2f0d-c1c1-4b50-964b-61caffa07ee9,615564,1198796984,contrast,full,within_identity_im115_contrast,engaged_2,9,1.0,0.03399271984035309
https://dandiarchive.s3.amazonaws.com/blobs/3ae/b2f/3aeb2f0d-c1c1-4b50-964b-61caffa07ee9,615564,1198796984,contrast,full,within_identity_im115_contrast,no_reward,12,0.4166666666666667,-0.46828642989758085
https://dandiarchive.s3.amazonaws.com/blobs/635/68b/63568b8b-5957-4045-b90d-d75108909249,615564,1198995158,contrast,full,within_identity_im115_contrast,engaged_1,7,0.5714285714285714,0.4542199685754196
https://dandiarchive.s3.amazonaws.com/blobs/635/68b/63568b8b-5957-4045-b90d-d75108909249,615564,1198995158,contrast,full,within_identity_im115_contrast,engaged_2,15,0.4666666666666667,-0.3328153987492825
https://dandiarchive.s3.amazonaws.com/blobs/635/68b/63568b8b-5957-4045-b90d-d75108909249,615564,1198995158,contrast,full,within_identity_im115_contrast,no_reward,14,0.14285714285714285,-0.5502432565614709
https://dandiarchive.s3.amazonaws.com/blobs/957/44e/95744e7f-8578-44a4-99fe-df9cdaf362fe,623319,1208053773,contrast,full,within_identity_im115_contrast,engaged_1,5,0.8,0.4664858442228342
https://dandiarchive.s3.amazonaws.com/blobs/957/44e/95744e7f-8578-44a4-99fe-df9cdaf362fe,623319,1208053773,contrast,full,within_identity_im115_contrast,engaged_2,10,1.0,-0.3188906523431852
https://dandiarchive.s3.amazonaws.com/blobs/957/44e/95744e7f-8578-44a4-99fe-df9cdaf362fe,623319,1208053773,contrast,full,within_identity_im115_contrast,no_reward,18,0.16666666666666666,-0.4831705955737991
https://dandiarchive.s3.amazonaws.com/blobs/9ae/cb7/9aecb778-a5a0-4554-8b06-3af01005fea5,623319,1209073822,contrast,full,within_identity_im115_contrast,engaged_1,6,0.8333333333333334,0.5000010991640943
https://dandiarchive.s3.amazonaws.com/blobs/9ae/cb7/9aecb778-a5a0-4554-8b06-3af01005fea5,623319,1209073822,contrast,full,within_identity_im115_contrast,engaged_2,11,0.9090909090909091,-0.3140565396688795
https://dandiarchive.s3.amazonaws.com/blobs/9ae/cb7/9aecb778-a5a0-4554-8b06-3af01005fea5,623319,1209073822,contrast,full,within_identity_im115_contrast,no_reward,20,0.0,-0.49999729052927516
https://dandiarchive.s3.amazonaws.com/blobs/5d9/4f7/5d94f7f7-daa2-4d2d-93a5-1bd2bc02e141,623322,1200471383,contrast,full,within_identity_im115_contrast,engaged_1,9,1.0,0.4774625256131267
https://dandiarchive.s3.amazonaws.com/blobs/5d9/4f7/5d94f7f7-daa2-4d2d-93a5-1bd2bc02e141,623322,1200471383,contrast,full,within_identity_im115_contrast,engaged_2,16,0.6875,-0.2098217760610661
https://dandiarchive.s3.amazonaws.com/blobs/5d9/4f7/5d94f7f7-daa2-4d2d-93a5-1bd2bc02e141,623322,1200471383,contrast,full,within_identity_im115_contrast,no_reward,13,0.07692307692307693,-0.48645870650883916
https://dandiarchive.s3.amazonaws.com/blobs/3d6/dc4/3d6dc44c-8001-467b-be23-96ba4b22da97,623322,1200659846,contrast,full,within_identity_im115_contrast,engaged_1,9,0.5555555555555556,0.5036608545262587
https://dandiarchive.s3.amazonaws.com/blobs/3d6/dc4/3d6dc44c-8001-467b-be23-96ba4b22da97,623322,1200659846,contrast,full,within_identity_im115_contrast,engaged_2,19,0.3157894736842105,-0.1551920948708656
https://dandiarchive.s3.amazonaws.com/blobs/3d6/dc4/3d6dc44c-8001-467b-be23-96ba4b22da97,623322,1200659846,contrast,full,within_identity_im115_contrast,no_reward,17,0.17647058823529413,-0.5467794803511672
https://dandiarchive.s3.amazonaws.com/blobs/d0e/7e5/d0e7e549-f015-47fe-baa5-db8170c52771,623322,1200878248,contrast,full,within_identity_im115_contrast,engaged_1,9,1.0,0.5061785912725459
https://dandiarchive.s3.amazonaws.com/blobs/d0e/7e5/d0e7e549-f015-47fe-baa5-db8170c52771,623322,1200878248,contrast,full,within_identity_im115_contrast,engaged_2,13,0.6153846153846154,-0.2691077435498284
https://dandiarchive.s3.amazonaws.com/blobs/d0e/7e5/d0e7e549-f015-47fe-baa5-db8170c52771,623322,1200878248,contrast,full,within_identity_im115_contrast,no_reward,18,0.16666666666666666,-0.49366224912101564
https://dandiarchive.s3.amazonaws.com/blobs/4bd/cd2/4bdcd217-633c-4841-a9b1-208c117f5ea3,626279,1214217748,contrast,full,within_identity_im115_contrast,engaged_1,8,1.0,0.5370459543817284
https://dandiarchive.s3.amazonaws.com/blobs/4bd/cd2/4bdcd217-633c-4841-a9b1-208c117f5ea3,626279,1214217748,contrast,full,within_identity_im115_contrast,engaged_2,13,0.6153846153846154,0.007051530511012743
https://dandiarchive.s3.amazonaws.com/blobs/4bd/cd2/4bdcd217-633c-4841-a9b1-208c117f5ea3,626279,1214217748,contrast,full,within_identity_im115_contrast,no_reward,18,0.2777777777777778,-0.41278041942502086
https://dandiarchive.s3.amazonaws.com/blobs/8bb/124/8bb12481-57e1-4f9d-95f0-c2ec49f2e338,632295,1218795542,contrast,full,within_identity_im115_contrast,engaged_1,7,0.8571428571428571,0.5611344060835374
https://dandiarchive.s3.amazonaws.com/blobs/8bb/124/8bb12481-57e1-4f9d-95f0-c2ec49f2e338,632295,1218795542,contrast,full,within_identity_im115_contrast,engaged_2,14,0.7857142857142857,-0.10025587191883445
https://dandiarchive.s3.amazonaws.com/blobs/8bb/124/8bb12481-57e1-4f9d-95f0-c2ec49f2e338,632295,1218795542,contrast,full,within_identity_im115_contrast,no_reward,15,0.13333333333333333,-0.4130850092157627
https://dandiarchive.s3.amazonaws.com/blobs/db1/7c5/db17c503-6c6e-44c4-921f-4b0ddfa6dbdb,632295,1219127153,contrast,full,within_identity_im115_contrast,engaged_1,5,1.0,0.4375960163345124
https://dandiarchive.s3.amazonaws.com/blobs/db1/7c5/db17c503-6c6e-44c4-921f-4b0ddfa6dbdb,632295,1219127153,contrast,full,within_identity_im115_contrast,engaged_2,13,0.7692307692307693,-0.22327577773054946
https://dandiarchive.s3.amazonaws.com/blobs/db1/7c5/db17c503-6c6e-44c4-921f-4b0ddfa6dbdb,632295,1219127153,contrast,full,within_identity_im115_contrast,no_reward,18,0.2222222222222222,-0.4760505021858643
https://dandiarchive.s3.amazonaws.com/blobs/d8b/8a9/d8b8a9fb-eda0-459f-a722-60a69961c992,638387,1229654875,contrast,full,within_identity_im115_contrast,engaged_1,8,1.0,0.46545583919082545
https://dandiarchive.s3.amazonaws.com/blobs/d8b/8a9/d8b8a9fb-eda0-459f-a722-60a69961c992,638387,1229654875,contrast,full,within_identity_im115_contrast,engaged_2,9,0.4444444444444444,-0.15150550573008342
https://dandiarchive.s3.amazonaws.com/blobs/d8b/8a9/d8b8a9fb-eda0-459f-a722-60a69961c992,638387,1229654875,contrast,full,within_identity_im115_contrast,no_reward,12,0.3333333333333333,-0.5123266687695488
https://dandiarchive.s3.amazonaws.com/blobs/584/1b8/5841b844-3102-4b4f-8f2c-e4cd23ec8f45,640887,1234203203,contrast,full,within_identity_im115_contrast,engaged_1,8,1.0,0.5063758145159973
https://dandiarchive.s3.amazonaws.com/blobs/584/1b8/5841b844-3102-4b4f-8f2c-e4cd23ec8f45,640887,1234203203,contrast,full,within_identity_im115_contrast,engaged_2,17,0.8235294117647058,-0.11857307522752493
https://dandiarchive.s3.amazonaws.com/blobs/584/1b8/5841b844-3102-4b4f-8f2c-e4cd23ec8f45,640887,1234203203,contrast,full,within_identity_im115_contrast,no_reward,20,0.1,-0.5159317409508658
https://dandiarchive.s3.amazonaws.com/blobs/cfc/bf1/cfcbf155-cb15-455d-8450-0ef256540990,640887,1234410451,contrast,full,within_identity_im115_contrast,engaged_1,10,1.0,0.5403670085638606
https://dandiarchive.s3.amazonaws.com/blobs/cfc/bf1/cfcbf155-cb15-455d-8450-0ef256540990,640887,1234410451,contrast,full,within_identity_im115_contrast,engaged_2,18,1.0,0.15637210938135523
https://dandiarchive.s3.amazonaws.com/blobs/cfc/bf1/cfcbf155-cb15-455d-8450-0ef256540990,640887,1234410451,contrast,full,within_identity_im115_contrast,no_reward,19,0.10526315789473684,-0.5166351853408218
https://dandiarchive.s3.amazonaws.com/blobs/13d/b29/13db29ff-1454-412d-8680-ecd7a38c6f95,640890,1232430325,contrast,full,within_identity_im115_contrast,engaged_1,11,1.0,0.5068723328269846
https://dandiarchive.s3.amazonaws.com/blobs/13d/b29/13db29ff-1454-412d-8680-ecd7a38c6f95,640890,1232430325,contrast,full,within_identity_im115_contrast,engaged_2,17,1.0,-0.0980241930611706
https://dandiarchive.s3.amazonaws.com/blobs/13d/b29/13db29ff-1454-412d-8680-ecd7a38c6f95,640890,1232430325,contrast,full,within_identity_im115_contrast,no_reward,20,0.25,-0.5794792206321518
https://dandiarchive.s3.amazonaws.com/blobs/e3b/977/e3b97777-89fa-4730-8d0e-fae22e471f07,640890,1232725697,contrast,full,within_identity_im115_contrast,engaged_1,9,1.0,0.5452781088030327
https://dandiarchive.s3.amazonaws.com/blobs/e3b/977/e3b97777-89fa-4730-8d0e-fae22e471f07,640890,1232725697,contrast,full,within_identity_im115_contrast,engaged_2,17,0.7058823529411765,-0.12695084503228485
https://dandiarchive.s3.amazonaws.com/blobs/e3b/977/e3b97777-89fa-4730-8d0e-fae22e471f07,640890,1232725697,contrast,full,within_identity_im115_contrast,no_reward,18,0.0,-0.4994783635036938
https://dandiarchive.s3.amazonaws.com/blobs/88d/b29/88db2938-a9e0-491c-8056-f83cc894edf3,642504,1243523806,contrast,full,within_identity_im115_contrast,engaged_1,9,1.0,0.4749069082823051
https://dandiarchive.s3.amazonaws.com/blobs/88d/b29/88db2938-a9e0-491c-8056-f83cc894edf3,642504,1243523806,contrast,full,within_identity_im115_contrast,engaged_2,18,1.0,-0.08153933689310938
https://dandiarchive.s3.amazonaws.com/blobs/88d/b29/88db2938-a9e0-491c-8056-f83cc894edf3,642504,1243523806,contrast,full,within_identity_im115_contrast,no_reward,20,0.6,-0.4912974172439461
https://dandiarchive.s3.amazonaws.com/blobs/4c0/643/4c064370-d6ec-45fb-8be0-edf4ac91097f,642504,1243799530,contrast,full,within_identity_im115_contrast,engaged_1,9,1.0,0.4896836255379824
https://dandiarchive.s3.amazonaws.com/blobs/4c0/643/4c064370-d6ec-45fb-8be0-edf4ac91097f,642504,1243799530,contrast,full,within_identity_im115_contrast,engaged_2,17,1.0,-0.14780690502086555
https://dandiarchive.s3.amazonaws.com/blobs/4c0/643/4c064370-d6ec-45fb-8be0-edf4ac91097f,642504,1243799530,contrast,full,within_identity_im115_contrast,no_reward,16,0.1875,-0.4731785029793533
https://dandiarchive.s3.amazonaws.com/blobs/559/41e/55941ebd-ef47-4d38-80af-0fabd499db6d,642504,1244070169,contrast,full,within_identity_im115_contrast,engaged_1,9,1.0,0.4839440356976341
https://dandiarchive.s3.amazonaws.com/blobs/559/41e/55941ebd-ef47-4d38-80af-0fabd499db6d,642504,1244070169,contrast,full,within_identity_im115_contrast,engaged_2,17,1.0,-0.06953993567368223
https://dandiarchive.s3.amazonaws.com/blobs/559/41e/55941ebd-ef47-4d38-80af-0fabd499db6d,642504,1244070169,contrast,full,within_identity_im115_contrast,no_reward,19,0.10526315789473684,-0.5237576020602749
https://dandiarchive.s3.amazonaws.com/blobs/c78/ef5/c78ef53f-16de-4f5e-8235-afe87a226203,614547,1181731440,contrast,reduced,within_identity_im115_contrast,engaged_1,9,0.4444444444444444,-0.2515519064480623
https://dandiarchive.s3.amazonaws.com/blobs/c78/ef5/c78ef53f-16de-4f5e-8235-afe87a226203,614547,1181731440,contrast,reduced,within_identity_im115_contrast,engaged_2,13,0.5384615384615384,-0.24622207212856712
https://dandiarchive.s3.amazonaws.com/blobs/c78/ef5/c78ef53f-16de-4f5e-8235-afe87a226203,614547,1181731440,contrast,reduced,within_identity_im115_contrast,no_reward,29,0.13793103448275862,-0.2208529790265442
https://dandiarchive.s3.amazonaws.com/blobs/68c/a06/68ca0674-2a8a-4931-8d5b-10a3edfb0cfa,614608,1187475832,contrast,reduced,within_identity_im115_contrast,engaged_1,9,0.0,-0.14259805983661344
https://dandiarchive.s3.amazonaws.com/blobs/68c/a06/68ca0674-2a8a-4931-8d5b-10a3edfb0cfa,614608,1187475832,contrast,reduced,within_identity_im115_contrast,engaged_2,21,0.14285714285714285,-0.25160730133833126
https://dandiarchive.s3.amazonaws.com/blobs/68c/a06/68ca0674-2a8a-4931-8d5b-10a3edfb0cfa,614608,1187475832,contrast,reduced,within_identity_im115_contrast,no_reward,29,0.06896551724137931,-0.3157649951258416
https://dandiarchive.s3.amazonaws.com/blobs/fd4/c49/fd4c4964-f02b-456e-af4d-b9407877d0de,614608,1187940755,contrast,reduced,within_identity_im115_contrast,engaged_1,12,0.25,0.020509186732803605
https://dandiarchive.s3.amazonaws.com/blobs/fd4/c49/fd4c4964-f02b-456e-af4d-b9407877d0de,614608,1187940755,contrast,reduced,within_identity_im115_contrast,engaged_2,19,0.21052631578947367,-0.23900664223651433
https://dandiarchive.s3.amazonaws.com/blobs/fd4/c49/fd4c4964-f02b-456e-af4d-b9407877d0de,614608,1187940755,contrast,reduced,within_identity_im115_contrast,no_reward,29,0.0,-0.2207624604216192
https://dandiarchive.s3.amazonaws.com/blobs/fe0/9ba/fe09ba54-89e9-4b73-bf95-5127c2ee2ad9,615048,1197514969,contrast,reduced,within_identity_im115_contrast,engaged_1,8,0.125,-0.11337523791484225
https://dandiarchive.s3.amazonaws.com/blobs/fe0/9ba/fe09ba54-89e9-4b73-bf95-5127c2ee2ad9,615048,1197514969,contrast,reduced,within_identity_im115_contrast,engaged_2,16,0.5,-0.13384911890096685
https://dandiarchive.s3.amazonaws.com/blobs/fe0/9ba/fe09ba54-89e9-4b73-bf95-5127c2ee2ad9,615048,1197514969,contrast,reduced,within_identity_im115_contrast,no_reward,18,0.05555555555555555,-0.19675181386212295
https://dandiarchive.s3.amazonaws.com/blobs/75d/9d0/75d9d091-e7db-47d1-aac4-d41133e29393,615048,1197725774,contrast,reduced,within_identity_im115_contrast,engaged_1,7,0.42857142857142855,0.002483394030116723
https://dandiarchive.s3.amazonaws.com/blobs/75d/9d0/75d9d091-e7db-47d1-aac4-d41133e29393,615048,1197725774,contrast,reduced,within_identity_im115_contrast,engaged_2,16,0.3125,-0.24534601897052405
https://dandiarchive.s3.amazonaws.com/blobs/75d/9d0/75d9d091-e7db-47d1-aac4-d41133e29393,615048,1197725774,contrast,reduced,within_identity_im115_contrast,no_reward,18,0.05555555555555555,-0.24903124391727602
https://dandiarchive.s3.amazonaws.com/blobs/3ae/b2f/3aeb2f0d-c1c1-4b50-964b-61caffa07ee9,615564,1198796984,contrast,reduced,within_identity_im115_contrast,engaged_1,7,0.42857142857142855,0.043504817946386165
https://dandiarchive.s3.amazonaws.com/blobs/3ae/b2f/3aeb2f0d-c1c1-4b50-964b-61caffa07ee9,615564,1198796984,contrast,reduced,within_identity_im115_contrast,engaged_2,11,0.7272727272727273,-0.014407345552586793
https://dandiarchive.s3.amazonaws.com/blobs/3ae/b2f/3aeb2f0d-c1c1-4b50-964b-61caffa07ee9,615564,1198796984,contrast,reduced,within_identity_im115_contrast,no_reward,12,0.08333333333333333,-0.26779848204044315
https://dandiarchive.s3.amazonaws.com/blobs/635/68b/63568b8b-5957-4045-b90d-d75108909249,615564,1198995158,contrast,reduced,within_identity_im115_contrast,engaged_1,8,0.5,-0.06388069456286512
https://dandiarchive.s3.amazonaws.com/blobs/635/68b/63568b8b-5957-4045-b90d-d75108909249,615564,1198995158,contrast,reduced,within_identity_im115_contrast,engaged_2,12,0.16666666666666666,-0.2718159796925326
https://dandiarchive.s3.amazonaws.com/blobs/635/68b/63568b8b-5957-4045-b90d-d75108909249,615564,1198995158,contrast,reduced,within_identity_im115_contrast,no_reward,14,0.0,-0.3579964939052246
https://dandiarchive.s3.amazonaws.com/blobs/957/44e/95744e7f-8578-44a4-99fe-df9cdaf362fe,623319,1208053773,contrast,reduced,within_identity_im115_contrast,engaged_1,6,0.6666666666666666,-0.051031851115118265
https://dandiarchive.s3.amazonaws.com/blobs/957/44e/95744e7f-8578-44a4-99fe-df9cdaf362fe,623319,1208053773,contrast,reduced,within_identity_im115_contrast,engaged_2,11,0.45454545454545453,-0.31240590011663555
https://dandiarchive.s3.amazonaws.com/blobs/957/44e/95744e7f-8578-44a4-99fe-df9cdaf362fe,623319,1208053773,contrast,reduced,within_identity_im115_contrast,no_reward,19,0.05263157894736842,-0.17206479225531648
https://dandiarchive.s3.amazonaws.com/blobs/9ae/cb7/9aecb778-a5a0-4554-8b06-3af01005fea5,623319,1209073822,contrast,reduced,within_identity_im115_contrast,engaged_1,6,1.0,-0.19199421415197823
https://dandiarchive.s3.amazonaws.com/blobs/9ae/cb7/9aecb778-a5a0-4554-8b06-3af01005fea5,623319,1209073822,contrast,reduced,within_identity_im115_contrast,engaged_2,12,0.5833333333333334,-0.2938642937401366
https://dandiarchive.s3.amazonaws.com/blobs/9ae/cb7/9aecb778-a5a0-4554-8b06-3af01005fea5,623319,1209073822,contrast,reduced,within_identity_im115_contrast,no_reward,19,0.0,-0.21658641003474396
https://dandiarchive.s3.amazonaws.com/blobs/5d9/4f7/5d94f7f7-daa2-4d2d-93a5-1bd2bc02e141,623322,1200471383,contrast,reduced,within_identity_im115_contrast,engaged_1,7,0.5714285714285714,0.09520560202520488
https://dandiarchive.s3.amazonaws.com/blobs/5d9/4f7/5d94f7f7-daa2-4d2d-93a5-1bd2bc02e141,623322,1200471383,contrast,reduced,within_identity_im115_contrast,engaged_2,14,0.2857142857142857,-0.25901249722173486
https://dandiarchive.s3.amazonaws.com/blobs/5d9/4f7/5d94f7f7-daa2-4d2d-93a5-1bd2bc02e141,623322,1200471383,contrast,reduced,within_identity_im115_contrast,no_reward,15,0.26666666666666666,-0.3141070201826383
https://dandiarchive.s3.amazonaws.com/blobs/3d6/dc4/3d6dc44c-8001-467b-be23-96ba4b22da97,623322,1200659846,contrast,reduced,within_identity_im115_contrast,engaged_1,9,0.3333333333333333,-0.11152707273789209
https://dandiarchive.s3.amazonaws.com/blobs/3d6/dc4/3d6dc44c-8001-467b-be23-96ba4b22da97,623322,1200659846,contrast,reduced,within_identity_im115_contrast,engaged_2,17,0.23529411764705882,-0.21904948781765401
https://dandiarchive.s3.amazonaws.com/blobs/3d6/dc4/3d6dc44c-8001-467b-be23-96ba4b22da97,623322,1200659846,contrast,reduced,within_identity_im115_contrast,no_reward,16,0.0,-0.23309080387162734
https://dandiarchive.s3.amazonaws.com/blobs/d0e/7e5/d0e7e549-f015-47fe-baa5-db8170c52771,623322,1200878248,contrast,reduced,within_identity_im115_contrast,engaged_1,9,0.5555555555555556,0.09820368265830096
https://dandiarchive.s3.amazonaws.com/blobs/d0e/7e5/d0e7e549-f015-47fe-baa5-db8170c52771,623322,1200878248,contrast,reduced,within_identity_im115_contrast,engaged_2,14,0.2857142857142857,-0.26540550305385535
https://dandiarchive.s3.amazonaws.com/blobs/d0e/7e5/d0e7e549-f015-47fe-baa5-db8170c52771,623322,1200878248,contrast,reduced,within_identity_im115_contrast,no_reward,17,0.0,-0.269841634942053
https://dandiarchive.s3.amazonaws.com/blobs/4bd/cd2/4bdcd217-633c-4841-a9b1-208c117f5ea3,626279,1214217748,contrast,reduced,within_identity_im115_contrast,engaged_1,8,0.75,0.11628806191159143
https://dandiarchive.s3.amazonaws.com/blobs/4bd/cd2/4bdcd217-633c-4841-a9b1-208c117f5ea3,626279,1214217748,contrast,reduced,within_identity_im115_contrast,engaged_2,13,0.6923076923076923,-0.17985463302490792
https://dandiarchive.s3.amazonaws.com/blobs/4bd/cd2/4bdcd217-633c-4841-a9b1-208c117f5ea3,626279,1214217748,contrast,reduced,within_identity_im115_contrast,no_reward,17,0.0,-0.25914097856377966
https://dandiarchive.s3.amazonaws.com/blobs/8bb/124/8bb12481-57e1-4f9d-95f0-c2ec49f2e338,632295,1218795542,contrast,reduced,within_identity_im115_contrast,engaged_1,5,0.4,-0.20067933910858732
https://dandiarchive.s3.amazonaws.com/blobs/8bb/124/8bb12481-57e1-4f9d-95f0-c2ec49f2e338,632295,1218795542,contrast,reduced,within_identity_im115_contrast,engaged_2,14,0.21428571428571427,-0.15743579835542412
https://dandiarchive.s3.amazonaws.com/blobs/8bb/124/8bb12481-57e1-4f9d-95f0-c2ec49f2e338,632295,1218795542,contrast,reduced,within_identity_im115_contrast,no_reward,17,0.058823529411764705,-0.22552391764447627
https://dandiarchive.s3.amazonaws.com/blobs/db1/7c5/db17c503-6c6e-44c4-921f-4b0ddfa6dbdb,632295,1219127153,contrast,reduced,within_identity_im115_contrast,engaged_1,6,0.5,-0.17070837652850246
https://dandiarchive.s3.amazonaws.com/blobs/db1/7c5/db17c503-6c6e-44c4-921f-4b0ddfa6dbdb,632295,1219127153,contrast,reduced,within_identity_im115_contrast,engaged_2,11,0.45454545454545453,-0.2055801161401817
https://dandiarchive.s3.amazonaws.com/blobs/db1/7c5/db17c503-6c6e-44c4-921f-4b0ddfa6dbdb,632295,1219127153,contrast,reduced,within_identity_im115_contrast,no_reward,19,0.10526315789473684,-0.24810664880979727
https://dandiarchive.s3.amazonaws.com/blobs/d8b/8a9/d8b8a9fb-eda0-459f-a722-60a69961c992,638387,1229654875,contrast,reduced,within_identity_im115_contrast,engaged_1,10,0.4,0.013124507963224272
https://dandiarchive.s3.amazonaws.com/blobs/d8b/8a9/d8b8a9fb-eda0-459f-a722-60a69961c992,638387,1229654875,contrast,reduced,within_identity_im115_contrast,engaged_2,10,0.4,-0.09181118572511726
https://dandiarchive.s3.amazonaws.com/blobs/d8b/8a9/d8b8a9fb-eda0-459f-a722-60a69961c992,638387,1229654875,contrast,reduced,within_identity_im115_contrast,no_reward,12,0.08333333333333333,-0.17480115618471323
https://dandiarchive.s3.amazonaws.com/blobs/584/1b8/5841b844-3102-4b4f-8f2c-e4cd23ec8f45,640887,1234203203,contrast,reduced,within_identity_im115_contrast,engaged_1,9,0.3333333333333333,-0.13516315071234355
https://dandiarchive.s3.amazonaws.com/blobs/584/1b8/5841b844-3102-4b4f-8f2c-e4cd23ec8f45,640887,1234203203,contrast,reduced,within_identity_im115_contrast,engaged_2,17,0.17647058823529413,-0.2528270945585602
https://dandiarchive.s3.amazonaws.com/blobs/584/1b8/5841b844-3102-4b4f-8f2c-e4cd23ec8f45,640887,1234203203,contrast,reduced,within_identity_im115_contrast,no_reward,20,0.05,-0.33173810948713794
https://dandiarchive.s3.amazonaws.com/blobs/cfc/bf1/cfcbf155-cb15-455d-8450-0ef256540990,640887,1234410451,contrast,reduced,within_identity_im115_contrast,engaged_1,10,0.0,-0.06332081193689196
https://dandiarchive.s3.amazonaws.com/blobs/cfc/bf1/cfcbf155-cb15-455d-8450-0ef256540990,640887,1234410451,contrast,reduced,within_identity_im115_contrast,engaged_2,16,0.625,-0.06690774557990481
https://dandiarchive.s3.amazonaws.com/blobs/cfc/bf1/cfcbf155-cb15-455d-8450-0ef256540990,640887,1234410451,contrast,reduced,within_identity_im115_contrast,no_reward,20,0.1,-0.27780371102983764
https://dandiarchive.s3.amazonaws.com/blobs/13d/b29/13db29ff-1454-412d-8680-ecd7a38c6f95,640890,1232430325,contrast,reduced,within_identity_im115_contrast,engaged_1,10,0.6,0.051818481291966464
https://dandiarchive.s3.amazonaws.com/blobs/13d/b29/13db29ff-1454-412d-8680-ecd7a38c6f95,640890,1232430325,contrast,reduced,within_identity_im115_contrast,engaged_2,16,0.8125,-0.06046579722387144
https://dandiarchive.s3.amazonaws.com/blobs/13d/b29/13db29ff-1454-412d-8680-ecd7a38c6f95,640890,1232430325,contrast,reduced,within_identity_im115_contrast,no_reward,18,0.1111111111111111,-0.21609423108978043
https://dandiarchive.s3.amazonaws.com/blobs/e3b/977/e3b97777-89fa-4730-8d0e-fae22e471f07,640890,1232725697,contrast,reduced,within_identity_im115_contrast,engaged_1,9,0.7777777777777778,0.02903919251199984
https://dandiarchive.s3.amazonaws.com/blobs/e3b/977/e3b97777-89fa-4730-8d0e-fae22e471f07,640890,1232725697,contrast,reduced,within_identity_im115_contrast,engaged_2,18,0.4444444444444444,-0.20250878658021831
https://dandiarchive.s3.amazonaws.com/blobs/e3b/977/e3b97777-89fa-4730-8d0e-fae22e471f07,640890,1232725697,contrast,reduced,within_identity_im115_contrast,no_reward,20,0.1,-0.2841817945992924
https://dandiarchive.s3.amazonaws.com/blobs/88d/b29/88db2938-a9e0-491c-8056-f83cc894edf3,642504,1243523806,contrast,reduced,within_identity_im115_contrast,engaged_1,10,0.9,-0.07568221475845671
https://dandiarchive.s3.amazonaws.com/blobs/88d/b29/88db2938-a9e0-491c-8056-f83cc894edf3,642504,1243523806,contrast,reduced,within_identity_im115_contrast,engaged_2,19,0.8947368421052632,-0.17014349405344859
https://dandiarchive.s3.amazonaws.com/blobs/88d/b29/88db2938-a9e0-491c-8056-f83cc894edf3,642504,1243523806,contrast,reduced,within_identity_im115_contrast,no_reward,20,0.15,-0.1783825351203281
https://dandiarchive.s3.amazonaws.com/blobs/4c0/643/4c064370-d6ec-45fb-8be0-edf4ac91097f,642504,1243799530,contrast,reduced,within_identity_im115_contrast,engaged_1,9,0.8888888888888888,0.08532016180448045
https://dandiarchive.s3.amazonaws.com/blobs/4c0/643/4c064370-d6ec-45fb-8be0-edf4ac91097f,642504,1243799530,contrast,reduced,within_identity_im115_contrast,engaged_2,16,0.8125,-0.13446412381536732
https://dandiarchive.s3.amazonaws.com/blobs/4c0/643/4c064370-d6ec-45fb-8be0-edf4ac91097f,642504,1243799530,contrast,reduced,within_identity_im115_contrast,no_reward,17,0.11764705882352941,-0.23372853893915146
https://dandiarchive.s3.amazonaws.com/blobs/559/41e/55941ebd-ef47-4d38-80af-0fabd499db6d,642504,1244070169,contrast,reduced,within_identity_im115_contrast,engaged_1,10,0.6,-0.07323873021946745
https://dandiarchive.s3.amazonaws.com/blobs/559/41e/55941ebd-ef47-4d38-80af-0fabd499db6d,642504,1244070169,contrast,reduced,within_identity_im115_contrast,engaged_2,17,0.47058823529411764,-0.15103229369882837
https://dandiarchive.s3.amazonaws.com/blobs/559/41e/55941ebd-ef47-4d38-80af-0fabd499db6d,642504,1244070169,contrast,reduced,within_identity_im115_contrast,no_reward,18,0.0,-0.41949131683912416
https://dandiarchive.s3.amazonaws.com/blobs/c78/ef5/c78ef53f-16de-4f5e-8235-afe87a226203,614547,1181731440,novelty,designated_novel,designated_identity_not_first_exposure;identity_day_confounded,engaged_1,10,0.9,0.12430791104751235
https://dandiarchive.s3.amazonaws.com/blobs/c78/ef5/c78ef53f-16de-4f5e-8235-afe87a226203,614547,1181731440,novelty,designated_novel,designated_identity_not_first_exposure;identity_day_confounded,engaged_2,14,0.9285714285714286,-0.020021812055475867
https://dandiarchive.s3.amazonaws.com/blobs/c78/ef5/c78ef53f-16de-4f5e-8235-afe87a226203,614547,1181731440,novelty,designated_novel,designated_identity_not_first_exposure;identity_day_confounded,no_reward,29,0.41379310344827586,-0.0608539407843363
https://dandiarchive.s3.amazonaws.com/blobs/68c/a06/68ca0674-2a8a-4931-8d5b-10a3edfb0cfa,614608,1187475832,novelty,designated_novel,designated_identity_not_first_exposure;identity_day_confounded,engaged_1,9,1.0,0.06630932877210603
https://dandiarchive.s3.amazonaws.com/blobs/68c/a06/68ca0674-2a8a-4931-8d5b-10a3edfb0cfa,614608,1187475832,novelty,designated_novel,designated_identity_not_first_exposure;identity_day_confounded,engaged_2,21,0.7619047619047619,-0.11294143029276145
https://dandiarchive.s3.amazonaws.com/blobs/68c/a06/68ca0674-2a8a-4931-8d5b-10a3edfb0cfa,614608,1187475832,novelty,designated_novel,designated_identity_not_first_exposure;identity_day_confounded,no_reward,30,0.36666666666666664,-0.26938885227791953
https://dandiarchive.s3.amazonaws.com/blobs/fd4/c49/fd4c4964-f02b-456e-af4d-b9407877d0de,614608,1187940755,novelty,designated_novel,designated_identity_not_first_exposure;identity_day_confounded,engaged_1,13,0.9230769230769231,0.05218308487958448
https://dandiarchive.s3.amazonaws.com/blobs/fd4/c49/fd4c4964-f02b-456e-af4d-b9407877d0de,614608,1187940755,novelty,designated_novel,designated_identity_not_first_exposure;identity_day_confounded,engaged_2,22,0.5,-0.44293459946130426
https://dandiarchive.s3.amazonaws.com/blobs/fd4/c49/fd4c4964-f02b-456e-af4d-b9407877d0de,614608,1187940755,novelty,designated_novel,designated_identity_not_first_exposure;identity_day_confounded,no_reward,28,0.32142857142857145,-0.5439301261468945
https://dandiarchive.s3.amazonaws.com/blobs/fe0/9ba/fe09ba54-89e9-4b73-bf95-5127c2ee2ad9,615048,1197514969,novelty,designated_novel,designated_identity_not_first_exposure;identity_day_confounded,engaged_1,12,0.9166666666666666,-0.06908524940170872
https://dandiarchive.s3.amazonaws.com/blobs/fe0/9ba/fe09ba54-89e9-4b73-bf95-5127c2ee2ad9,615048,1197514969,novelty,designated_novel,designated_identity_not_first_exposure;identity_day_confounded,engaged_2,23,0.6086956521739131,-0.16659316407113034
https://dandiarchive.s3.amazonaws.com/blobs/fe0/9ba/fe09ba54-89e9-4b73-bf95-5127c2ee2ad9,615048,1197514969,novelty,designated_novel,designated_identity_not_first_exposure;identity_day_confounded,no_reward,25,0.4,-0.20850925070511717
https://dandiarchive.s3.amazonaws.com/blobs/75d/9d0/75d9d091-e7db-47d1-aac4-d41133e29393,615048,1197725774,novelty,designated_novel,designated_identity_not_first_exposure;identity_day_confounded,engaged_1,10,0.9,0.2342605217554503
https://dandiarchive.s3.amazonaws.com/blobs/75d/9d0/75d9d091-e7db-47d1-aac4-d41133e29393,615048,1197725774,novelty,designated_novel,designated_identity_not_first_exposure;identity_day_confounded,engaged_2,22,0.6818181818181818,0.0725554035151135
https://dandiarchive.s3.amazonaws.com/blobs/75d/9d0/75d9d091-e7db-47d1-aac4-d41133e29393,615048,1197725774,novelty,designated_novel,designated_identity_not_first_exposure;identity_day_confounded,no_reward,29,0.4482758620689655,0.06417045616836378
https://dandiarchive.s3.amazonaws.com/blobs/3ae/b2f/3aeb2f0d-c1c1-4b50-964b-61caffa07ee9,615564,1198796984,novelty,designated_novel,designated_identity_not_first_exposure;identity_day_confounded,engaged_1,11,1.0,0.18160311150507835
https://dandiarchive.s3.amazonaws.com/blobs/3ae/b2f/3aeb2f0d-c1c1-4b50-964b-61caffa07ee9,615564,1198796984,novelty,designated_novel,designated_identity_not_first_exposure;identity_day_confounded,engaged_2,12,1.0,0.09295928848376674
https://dandiarchive.s3.amazonaws.com/blobs/3ae/b2f/3aeb2f0d-c1c1-4b50-964b-61caffa07ee9,615564,1198796984,novelty,designated_novel,designated_identity_not_first_exposure;identity_day_confounded,no_reward,20,0.35,-0.16774225803439777
https://dandiarchive.s3.amazonaws.com/blobs/635/68b/63568b8b-5957-4045-b90d-d75108909249,615564,1198995158,novelty,designated_novel,designated_identity_not_first_exposure;identity_day_confounded,engaged_1,11,1.0,0.09427832919261624
https://dandiarchive.s3.amazonaws.com/blobs/635/68b/63568b8b-5957-4045-b90d-d75108909249,615564,1198995158,novelty,designated_novel,designated_identity_not_first_exposure;identity_day_confounded,engaged_2,22,0.45454545454545453,-0.266725686130106
https://dandiarchive.s3.amazonaws.com/blobs/635/68b/63568b8b-5957-4045-b90d-d75108909249,615564,1198995158,novelty,designated_novel,designated_identity_not_first_exposure;identity_day_confounded,no_reward,22,0.3181818181818182,-0.20648262295617573
https://dandiarchive.s3.amazonaws.com/blobs/957/44e/95744e7f-8578-44a4-99fe-df9cdaf362fe,623319,1208053773,novelty,designated_novel,designated_identity_not_first_exposure;identity_day_confounded,engaged_1,8,0.875,-0.1608791575124659
https://dandiarchive.s3.amazonaws.com/blobs/957/44e/95744e7f-8578-44a4-99fe-df9cdaf362fe,623319,1208053773,novelty,designated_novel,designated_identity_not_first_exposure;identity_day_confounded,engaged_2,15,1.0,-0.45029583336979984
https://dandiarchive.s3.amazonaws.com/blobs/957/44e/95744e7f-8578-44a4-99fe-df9cdaf362fe,623319,1208053773,novelty,designated_novel,designated_identity_not_first_exposure;identity_day_confounded,no_reward,28,0.25,-0.2568711771874737
https://dandiarchive.s3.amazonaws.com/blobs/9ae/cb7/9aecb778-a5a0-4554-8b06-3af01005fea5,623319,1209073822,novelty,designated_novel,designated_identity_not_first_exposure;identity_day_confounded,engaged_1,7,1.0,-0.3620131265491754
https://dandiarchive.s3.amazonaws.com/blobs/9ae/cb7/9aecb778-a5a0-4554-8b06-3af01005fea5,623319,1209073822,novelty,designated_novel,designated_identity_not_first_exposure;identity_day_confounded,engaged_2,16,0.875,-0.2626043641273403
https://dandiarchive.s3.amazonaws.com/blobs/9ae/cb7/9aecb778-a5a0-4554-8b06-3af01005fea5,623319,1209073822,novelty,designated_novel,designated_identity_not_first_exposure;identity_day_confounded,no_reward,29,0.3448275862068966,-0.34018072464797255
https://dandiarchive.s3.amazonaws.com/blobs/5d9/4f7/5d94f7f7-daa2-4d2d-93a5-1bd2bc02e141,623322,1200471383,novelty,designated_novel,designated_identity_not_first_exposure;identity_day_confounded,engaged_1,14,0.9285714285714286,0.2377426861590895
https://dandiarchive.s3.amazonaws.com/blobs/5d9/4f7/5d94f7f7-daa2-4d2d-93a5-1bd2bc02e141,623322,1200471383,novelty,designated_novel,designated_identity_not_first_exposure;identity_day_confounded,engaged_2,23,0.9130434782608695,-0.20371052588575714
https://dandiarchive.s3.amazonaws.com/blobs/5d9/4f7/5d94f7f7-daa2-4d2d-93a5-1bd2bc02e141,623322,1200471383,novelty,designated_novel,designated_identity_not_first_exposure;identity_day_confounded,no_reward,21,0.3333333333333333,-0.232291740236638
https://dandiarchive.s3.amazonaws.com/blobs/3d6/dc4/3d6dc44c-8001-467b-be23-96ba4b22da97,623322,1200659846,novelty,designated_novel,designated_identity_not_first_exposure;identity_day_confounded,engaged_1,13,0.8461538461538461,0.27394364521704856
https://dandiarchive.s3.amazonaws.com/blobs/3d6/dc4/3d6dc44c-8001-467b-be23-96ba4b22da97,623322,1200659846,novelty,designated_novel,designated_identity_not_first_exposure;identity_day_confounded,engaged_2,27,0.3333333333333333,-0.07278545517135891
https://dandiarchive.s3.amazonaws.com/blobs/3d6/dc4/3d6dc44c-8001-467b-be23-96ba4b22da97,623322,1200659846,novelty,designated_novel,designated_identity_not_first_exposure;identity_day_confounded,no_reward,25,0.24,0.05490787499027834
https://dandiarchive.s3.amazonaws.com/blobs/d0e/7e5/d0e7e549-f015-47fe-baa5-db8170c52771,623322,1200878248,novelty,designated_novel,designated_identity_not_first_exposure;identity_day_confounded,engaged_1,13,1.0,0.29185413920251524
https://dandiarchive.s3.amazonaws.com/blobs/d0e/7e5/d0e7e549-f015-47fe-baa5-db8170c52771,623322,1200878248,novelty,designated_novel,designated_identity_not_first_exposure;identity_day_confounded,engaged_2,24,0.625,-0.23155943968059314
https://dandiarchive.s3.amazonaws.com/blobs/d0e/7e5/d0e7e549-f015-47fe-baa5-db8170c52771,623322,1200878248,novelty,designated_novel,designated_identity_not_first_exposure;identity_day_confounded,no_reward,25,0.28,-0.2391982423395379
https://dandiarchive.s3.amazonaws.com/blobs/4bd/cd2/4bdcd217-633c-4841-a9b1-208c117f5ea3,626279,1214217748,novelty,designated_novel,designated_identity_not_first_exposure;identity_day_confounded,engaged_1,11,0.9090909090909091,0.057304001223321514
https://dandiarchive.s3.amazonaws.com/blobs/4bd/cd2/4bdcd217-633c-4841-a9b1-208c117f5ea3,626279,1214217748,novelty,designated_novel,designated_identity_not_first_exposure;identity_day_confounded,engaged_2,18,0.8333333333333334,-0.06117287135468167
https://dandiarchive.s3.amazonaws.com/blobs/4bd/cd2/4bdcd217-633c-4841-a9b1-208c117f5ea3,626279,1214217748,novelty,designated_novel,designated_identity_not_first_exposure;identity_day_confounded,no_reward,29,0.3793103448275862,-0.15105912527349322
https://dandiarchive.s3.amazonaws.com/blobs/8bb/124/8bb12481-57e1-4f9d-95f0-c2ec49f2e338,632295,1218795542,novelty,designated_novel,designated_identity_not_first_exposure;identity_day_confounded,engaged_1,7,1.0,0.24659093774213983
https://dandiarchive.s3.amazonaws.com/blobs/8bb/124/8bb12481-57e1-4f9d-95f0-c2ec49f2e338,632295,1218795542,novelty,designated_novel,designated_identity_not_first_exposure;identity_day_confounded,engaged_2,21,0.9523809523809523,0.002292506186069769
https://dandiarchive.s3.amazonaws.com/blobs/8bb/124/8bb12481-57e1-4f9d-95f0-c2ec49f2e338,632295,1218795542,novelty,designated_novel,designated_identity_not_first_exposure;identity_day_confounded,no_reward,25,0.32,0.02235651634143664
https://dandiarchive.s3.amazonaws.com/blobs/db1/7c5/db17c503-6c6e-44c4-921f-4b0ddfa6dbdb,632295,1219127153,novelty,designated_novel,designated_identity_not_first_exposure;identity_day_confounded,engaged_1,8,1.0,-0.11315399206848466
https://dandiarchive.s3.amazonaws.com/blobs/db1/7c5/db17c503-6c6e-44c4-921f-4b0ddfa6dbdb,632295,1219127153,novelty,designated_novel,designated_identity_not_first_exposure;identity_day_confounded,engaged_2,20,0.9,-0.28893293531626
https://dandiarchive.s3.amazonaws.com/blobs/db1/7c5/db17c503-6c6e-44c4-921f-4b0ddfa6dbdb,632295,1219127153,novelty,designated_novel,designated_identity_not_first_exposure;identity_day_confounded,no_reward,28,0.35714285714285715,-0.2884991677338848
https://dandiarchive.s3.amazonaws.com/blobs/d8b/8a9/d8b8a9fb-eda0-459f-a722-60a69961c992,638387,1229654875,novelty,designated_novel,designated_identity_not_first_exposure;identity_day_confounded,engaged_1,13,0.6923076923076923,0.14389467657514843
https://dandiarchive.s3.amazonaws.com/blobs/d8b/8a9/d8b8a9fb-eda0-459f-a722-60a69961c992,638387,1229654875,novelty,designated_novel,designated_identity_not_first_exposure;identity_day_confounded,engaged_2,15,0.6666666666666666,-0.07362993139574932
https://dandiarchive.s3.amazonaws.com/blobs/d8b/8a9/d8b8a9fb-eda0-459f-a722-60a69961c992,638387,1229654875,novelty,designated_novel,designated_identity_not_first_exposure;identity_day_confounded,no_reward,17,0.058823529411764705,-0.11706276567910152
https://dandiarchive.s3.amazonaws.com/blobs/584/1b8/5841b844-3102-4b4f-8f2c-e4cd23ec8f45,640887,1234203203,novelty,designated_novel,designated_identity_not_first_exposure;identity_day_confounded,engaged_1,14,1.0,0.12153026475667254
https://dandiarchive.s3.amazonaws.com/blobs/584/1b8/5841b844-3102-4b4f-8f2c-e4cd23ec8f45,640887,1234203203,novelty,designated_novel,designated_identity_not_first_exposure;identity_day_confounded,engaged_2,26,0.9615384615384616,-0.021268795535493448
https://dandiarchive.s3.amazonaws.com/blobs/584/1b8/5841b844-3102-4b4f-8f2c-e4cd23ec8f45,640887,1234203203,novelty,designated_novel,designated_identity_not_first_exposure;identity_day_confounded,no_reward,29,0.10344827586206896,-0.18420532096705017
https://dandiarchive.s3.amazonaws.com/blobs/cfc/bf1/cfcbf155-cb15-455d-8450-0ef256540990,640887,1234410451,novelty,designated_novel,designated_identity_not_first_exposure;identity_day_confounded,engaged_1,17,1.0,0.1238960275604741
https://dandiarchive.s3.amazonaws.com/blobs/cfc/bf1/cfcbf155-cb15-455d-8450-0ef256540990,640887,1234410451,novelty,designated_novel,designated_identity_not_first_exposure;identity_day_confounded,engaged_2,27,0.8888888888888888,0.0031034786590226956
https://dandiarchive.s3.amazonaws.com/blobs/cfc/bf1/cfcbf155-cb15-455d-8450-0ef256540990,640887,1234410451,novelty,designated_novel,designated_identity_not_first_exposure;identity_day_confounded,no_reward,28,0.10714285714285714,-0.2822620911854405
https://dandiarchive.s3.amazonaws.com/blobs/13d/b29/13db29ff-1454-412d-8680-ecd7a38c6f95,640890,1232430325,novelty,designated_novel,designated_identity_not_first_exposure;identity_day_confounded,engaged_1,16,1.0,0.25891246651410477
https://dandiarchive.s3.amazonaws.com/blobs/13d/b29/13db29ff-1454-412d-8680-ecd7a38c6f95,640890,1232430325,novelty,designated_novel,designated_identity_not_first_exposure;identity_day_confounded,engaged_2,25,0.88,0.041731735137596024
https://dandiarchive.s3.amazonaws.com/blobs/13d/b29/13db29ff-1454-412d-8680-ecd7a38c6f95,640890,1232430325,novelty,designated_novel,designated_identity_not_first_exposure;identity_day_confounded,no_reward,29,0.27586206896551724,-0.013405747232430968
https://dandiarchive.s3.amazonaws.com/blobs/e3b/977/e3b97777-89fa-4730-8d0e-fae22e471f07,640890,1232725697,novelty,designated_novel,designated_identity_not_first_exposure;identity_day_confounded,engaged_1,11,1.0,0.20919413679934032
https://dandiarchive.s3.amazonaws.com/blobs/e3b/977/e3b97777-89fa-4730-8d0e-fae22e471f07,640890,1232725697,novelty,designated_novel,designated_identity_not_first_exposure;identity_day_confounded,engaged_2,27,0.6666666666666666,-0.1259562030979966
https://dandiarchive.s3.amazonaws.com/blobs/e3b/977/e3b97777-89fa-4730-8d0e-fae22e471f07,640890,1232725697,novelty,designated_novel,designated_identity_not_first_exposure;identity_day_confounded,no_reward,29,0.20689655172413793,-0.25871818226558707
https://dandiarchive.s3.amazonaws.com/blobs/88d/b29/88db2938-a9e0-491c-8056-f83cc894edf3,642504,1243523806,novelty,designated_novel,designated_identity_not_first_exposure;identity_day_confounded,engaged_1,14,1.0,0.19088195615268844
https://dandiarchive.s3.amazonaws.com/blobs/88d/b29/88db2938-a9e0-491c-8056-f83cc894edf3,642504,1243523806,novelty,designated_novel,designated_identity_not_first_exposure;identity_day_confounded,engaged_2,29,0.9310344827586207,0.09265313884095153
https://dandiarchive.s3.amazonaws.com/blobs/88d/b29/88db2938-a9e0-491c-8056-f83cc894edf3,642504,1243523806,novelty,designated_novel,designated_identity_not_first_exposure;identity_day_confounded,no_reward,30,0.2,0.06685832452539651
https://dandiarchive.s3.amazonaws.com/blobs/4c0/643/4c064370-d6ec-45fb-8be0-edf4ac91097f,642504,1243799530,novelty,designated_novel,designated_identity_not_first_exposure;identity_day_confounded,engaged_1,13,1.0,0.07761132121941176
https://dandiarchive.s3.amazonaws.com/blobs/4c0/643/4c064370-d6ec-45fb-8be0-edf4ac91097f,642504,1243799530,novelty,designated_novel,designated_identity_not_first_exposure;identity_day_confounded,engaged_2,22,0.9545454545454546,-0.025692644729668458
https://dandiarchive.s3.amazonaws.com/blobs/4c0/643/4c064370-d6ec-45fb-8be0-edf4ac91097f,642504,1243799530,novelty,designated_novel,designated_identity_not_first_exposure;identity_day_confounded,no_reward,25,0.16,-0.11656619314486523
https://dandiarchive.s3.amazonaws.com/blobs/559/41e/55941ebd-ef47-4d38-80af-0fabd499db6d,642504,1244070169,novelty,designated_novel,designated_identity_not_first_exposure;identity_day_confounded,engaged_1,15,1.0,-0.01981213082450216
https://dandiarchive.s3.amazonaws.com/blobs/559/41e/55941ebd-ef47-4d38-80af-0fabd499db6d,642504,1244070169,novelty,designated_novel,designated_identity_not_first_exposure;identity_day_confounded,engaged_2,27,0.9629629629629629,-0.18622372987564548
https://dandiarchive.s3.amazonaws.com/blobs/559/41e/55941ebd-ef47-4d38-80af-0fabd499db6d,642504,1244070169,novelty,designated_novel,designated_identity_not_first_exposure;identity_day_confounded,no_reward,27,0.25925925925925924,-0.3496684012810255
https://dandiarchive.s3.amazonaws.com/blobs/c78/ef5/c78ef53f-16de-4f5e-8235-afe87a226203,614547,1181731440,novelty,familiar,designated_identity_not_first_exposure;identity_day_confounded,engaged_1,20,0.85,0.4999999999999997
https://dandiarchive.s3.amazonaws.com/blobs/c78/ef5/c78ef53f-16de-4f5e-8235-afe87a226203,614547,1181731440,novelty,familiar,designated_identity_not_first_exposure;identity_day_confounded,engaged_2,29,0.896551724137931,-0.07751113706413486
https://dandiarchive.s3.amazonaws.com/blobs/c78/ef5/c78ef53f-16de-4f5e-8235-afe87a226203,614547,1181731440,novelty,familiar,designated_identity_not_first_exposure;identity_day_confounded,no_reward,60,0.31666666666666665,-0.5000000000000003
https://dandiarchive.s3.amazonaws.com/blobs/68c/a06/68ca0674-2a8a-4931-8d5b-10a3edfb0cfa,614608,1187475832,novelty,familiar,designated_identity_not_first_exposure;identity_day_confounded,engaged_1,20,0.9,0.5
https://dandiarchive.s3.amazonaws.com/blobs/68c/a06/68ca0674-2a8a-4931-8d5b-10a3edfb0cfa,614608,1187475832,novelty,familiar,designated_identity_not_first_exposure;identity_day_confounded,engaged_2,43,0.6511627906976745,-0.14896268057501955
https://dandiarchive.s3.amazonaws.com/blobs/68c/a06/68ca0674-2a8a-4931-8d5b-10a3edfb0cfa,614608,1187475832,novelty,familiar,designated_identity_not_first_exposure;identity_day_confounded,no_reward,58,0.39655172413793105,-0.49999999999999994
https://dandiarchive.s3.amazonaws.com/blobs/fd4/c49/fd4c4964-f02b-456e-af4d-b9407877d0de,614608,1187940755,novelty,familiar,designated_identity_not_first_exposure;identity_day_confounded,engaged_1,24,0.75,0.49999999999999994
https://dandiarchive.s3.amazonaws.com/blobs/fd4/c49/fd4c4964-f02b-456e-af4d-b9407877d0de,614608,1187940755,novelty,familiar,designated_identity_not_first_exposure;identity_day_confounded,engaged_2,39,0.8205128205128205,-0.23767312561042095
https://dandiarchive.s3.amazonaws.com/blobs/fd4/c49/fd4c4964-f02b-456e-af4d-b9407877d0de,614608,1187940755,novelty,familiar,designated_identity_not_first_exposure;identity_day_confounded,no_reward,58,0.1724137931034483,-0.5000000000000001
https://dandiarchive.s3.amazonaws.com/blobs/fe0/9ba/fe09ba54-89e9-4b73-bf95-5127c2ee2ad9,615048,1197514969,novelty,familiar,designated_identity_not_first_exposure;identity_day_confounded,engaged_1,18,0.4444444444444444,0.5
https://dandiarchive.s3.amazonaws.com/blobs/fe0/9ba/fe09ba54-89e9-4b73-bf95-5127c2ee2ad9,615048,1197514969,novelty,familiar,designated_identity_not_first_exposure;identity_day_confounded,engaged_2,38,0.6842105263157895,-0.21066245612627157
https://dandiarchive.s3.amazonaws.com/blobs/fe0/9ba/fe09ba54-89e9-4b73-bf95-5127c2ee2ad9,615048,1197514969,novelty,familiar,designated_identity_not_first_exposure;identity_day_confounded,no_reward,43,0.18604651162790697,-0.5
https://dandiarchive.s3.amazonaws.com/blobs/75d/9d0/75d9d091-e7db-47d1-aac4-d41133e29393,615048,1197725774,novelty,familiar,designated_identity_not_first_exposure;identity_day_confounded,engaged_1,17,0.47058823529411764,0.5
https://dandiarchive.s3.amazonaws.com/blobs/75d/9d0/75d9d091-e7db-47d1-aac4-d41133e29393,615048,1197725774,novelty,familiar,designated_identity_not_first_exposure;identity_day_confounded,engaged_2,39,0.5384615384615384,-0.172899098910379
https://dandiarchive.s3.amazonaws.com/blobs/75d/9d0/75d9d091-e7db-47d1-aac4-d41133e29393,615048,1197725774,novelty,familiar,designated_identity_not_first_exposure;identity_day_confounded,no_reward,46,0.15217391304347827,-0.5
https://dandiarchive.s3.amazonaws.com/blobs/3ae/b2f/3aeb2f0d-c1c1-4b50-964b-61caffa07ee9,615564,1198796984,novelty,familiar,designated_identity_not_first_exposure;identity_day_confounded,engaged_1,18,0.9444444444444444,0.5
https://dandiarchive.s3.amazonaws.com/blobs/3ae/b2f/3aeb2f0d-c1c1-4b50-964b-61caffa07ee9,615564,1198796984,novelty,familiar,designated_identity_not_first_exposure;identity_day_confounded,engaged_2,22,0.9545454545454546,0.020776196816807403
https://dandiarchive.s3.amazonaws.com/blobs/3ae/b2f/3aeb2f0d-c1c1-4b50-964b-61caffa07ee9,615564,1198796984,novelty,familiar,designated_identity_not_first_exposure;identity_day_confounded,no_reward,29,0.3103448275862069,-0.49999999999999994
https://dandiarchive.s3.amazonaws.com/blobs/635/68b/63568b8b-5957-4045-b90d-d75108909249,615564,1198995158,novelty,familiar,designated_identity_not_first_exposure;identity_day_confounded,engaged_1,18,0.8333333333333334,0.5000000000000001
https://dandiarchive.s3.amazonaws.com/blobs/635/68b/63568b8b-5957-4045-b90d-d75108909249,615564,1198995158,novelty,familiar,designated_identity_not_first_exposure;identity_day_confounded,engaged_2,37,0.43243243243243246,-0.2956456930154351
https://dandiarchive.s3.amazonaws.com/blobs/635/68b/63568b8b-5957-4045-b90d-d75108909249,615564,1198995158,novelty,familiar,designated_identity_not_first_exposure;identity_day_confounded,no_reward,37,0.16216216216216217,-0.5
https://dandiarchive.s3.amazonaws.com/blobs/957/44e/95744e7f-8578-44a4-99fe-df9cdaf362fe,623319,1208053773,novelty,familiar,designated_identity_not_first_exposure;identity_day_confounded,engaged_1,14,0.8571428571428571,0.5
https://dandiarchive.s3.amazonaws.com/blobs/957/44e/95744e7f-8578-44a4-99fe-df9cdaf362fe,623319,1208053773,novelty,familiar,designated_identity_not_first_exposure;identity_day_confounded,engaged_2,26,0.9230769230769231,-0.3669847417630449
https://dandiarchive.s3.amazonaws.com/blobs/957/44e/95744e7f-8578-44a4-99fe-df9cdaf362fe,623319,1208053773,novelty,familiar,designated_identity_not_first_exposure;identity_day_confounded,no_reward,45,0.13333333333333333,-0.5
https://dandiarchive.s3.amazonaws.com/blobs/9ae/cb7/9aecb778-a5a0-4554-8b06-3af01005fea5,623319,1209073822,novelty,familiar,designated_identity_not_first_exposure;identity_day_confounded,engaged_1,12,0.8333333333333334,0.5
https://dandiarchive.s3.amazonaws.com/blobs/9ae/cb7/9aecb778-a5a0-4554-8b06-3af01005fea5,623319,1209073822,novelty,familiar,designated_identity_not_first_exposure;identity_day_confounded,engaged_2,28,0.9642857142857143,-0.323630997174085
https://dandiarchive.s3.amazonaws.com/blobs/9ae/cb7/9aecb778-a5a0-4554-8b06-3af01005fea5,623319,1209073822,novelty,familiar,designated_identity_not_first_exposure;identity_day_confounded,no_reward,49,0.12244897959183673,-0.5
https://dandiarchive.s3.amazonaws.com/blobs/5d9/4f7/5d94f7f7-daa2-4d2d-93a5-1bd2bc02e141,623322,1200471383,novelty,familiar,designated_identity_not_first_exposure;identity_day_confounded,engaged_1,22,0.9090909090909091,0.5000000000000001
https://dandiarchive.s3.amazonaws.com/blobs/5d9/4f7/5d94f7f7-daa2-4d2d-93a5-1bd2bc02e141,623322,1200471383,novelty,familiar,designated_identity_not_first_exposure;identity_day_confounded,engaged_2,40,0.725,-0.2317955955174993
https://dandiarchive.s3.amazonaws.com/blobs/5d9/4f7/5d94f7f7-daa2-4d2d-93a5-1bd2bc02e141,623322,1200471383,novelty,familiar,designated_identity_not_first_exposure;identity_day_confounded,no_reward,31,0.25806451612903225,-0.5000000000000001
https://dandiarchive.s3.amazonaws.com/blobs/3d6/dc4/3d6dc44c-8001-467b-be23-96ba4b22da97,623322,1200659846,novelty,familiar,designated_identity_not_first_exposure;identity_day_confounded,engaged_1,21,0.5238095238095238,0.5000000000000001
https://dandiarchive.s3.amazonaws.com/blobs/3d6/dc4/3d6dc44c-8001-467b-be23-96ba4b22da97,623322,1200659846,novelty,familiar,designated_identity_not_first_exposure;identity_day_confounded,engaged_2,47,0.3191489361702128,-0.23563908718678253
https://dandiarchive.s3.amazonaws.com/blobs/3d6/dc4/3d6dc44c-8001-467b-be23-96ba4b22da97,623322,1200659846,novelty,familiar,designated_identity_not_first_exposure;identity_day_confounded,no_reward,41,0.24390243902439024,-0.5
https://dandiarchive.s3.amazonaws.com/blobs/d0e/7e5/d0e7e549-f015-47fe-baa5-db8170c52771,623322,1200878248,novelty,familiar,designated_identity_not_first_exposure;identity_day_confounded,engaged_1,24,0.9166666666666666,0.49999999999999994
https://dandiarchive.s3.amazonaws.com/blobs/d0e/7e5/d0e7e549-f015-47fe-baa5-db8170c52771,623322,1200878248,novelty,familiar,designated_identity_not_first_exposure;identity_day_confounded,engaged_2,36,0.6944444444444444,-0.25817898841166426
https://dandiarchive.s3.amazonaws.com/blobs/d0e/7e5/d0e7e549-f015-47fe-baa5-db8170c52771,623322,1200878248,novelty,familiar,designated_identity_not_first_exposure;identity_day_confounded,no_reward,45,0.08888888888888889,-0.5
https://dandiarchive.s3.amazonaws.com/blobs/4bd/cd2/4bdcd217-633c-4841-a9b1-208c117f5ea3,626279,1214217748,novelty,familiar,designated_identity_not_first_exposure;identity_day_confounded,engaged_1,21,0.6190476190476191,0.49999999999999983
https://dandiarchive.s3.amazonaws.com/blobs/4bd/cd2/4bdcd217-633c-4841-a9b1-208c117f5ea3,626279,1214217748,novelty,familiar,designated_identity_not_first_exposure;identity_day_confounded,engaged_2,33,0.5151515151515151,-0.1403184363939639
https://dandiarchive.s3.amazonaws.com/blobs/4bd/cd2/4bdcd217-633c-4841-a9b1-208c117f5ea3,626279,1214217748,novelty,familiar,designated_identity_not_first_exposure;identity_day_confounded,no_reward,45,0.1111111111111111,-0.49999999999999983
https://dandiarchive.s3.amazonaws.com/blobs/8bb/124/8bb12481-57e1-4f9d-95f0-c2ec49f2e338,632295,1218795542,novelty,familiar,designated_identity_not_first_exposure;identity_day_confounded,engaged_1,14,0.8571428571428571,0.5000000000000002
https://dandiarchive.s3.amazonaws.com/blobs/8bb/124/8bb12481-57e1-4f9d-95f0-c2ec49f2e338,632295,1218795542,novelty,familiar,designated_identity_not_first_exposure;identity_day_confounded,engaged_2,35,0.8857142857142857,-0.18811196107506614
https://dandiarchive.s3.amazonaws.com/blobs/8bb/124/8bb12481-57e1-4f9d-95f0-c2ec49f2e338,632295,1218795542,novelty,familiar,designated_identity_not_first_exposure;identity_day_confounded,no_reward,41,0.1951219512195122,-0.4999999999999999
https://dandiarchive.s3.amazonaws.com/blobs/db1/7c5/db17c503-6c6e-44c4-921f-4b0ddfa6dbdb,632295,1219127153,novelty,familiar,designated_identity_not_first_exposure;identity_day_confounded,engaged_1,13,1.0,0.4999999999999999
https://dandiarchive.s3.amazonaws.com/blobs/db1/7c5/db17c503-6c6e-44c4-921f-4b0ddfa6dbdb,632295,1219127153,novelty,familiar,designated_identity_not_first_exposure;identity_day_confounded,engaged_2,31,0.8709677419354839,-0.23000460774837614
https://dandiarchive.s3.amazonaws.com/blobs/db1/7c5/db17c503-6c6e-44c4-921f-4b0ddfa6dbdb,632295,1219127153,novelty,familiar,designated_identity_not_first_exposure;identity_day_confounded,no_reward,45,0.3333333333333333,-0.5000000000000001
https://dandiarchive.s3.amazonaws.com/blobs/d8b/8a9/d8b8a9fb-eda0-459f-a722-60a69961c992,638387,1229654875,novelty,familiar,designated_identity_not_first_exposure;identity_day_confounded,engaged_1,21,0.8095238095238095,0.5000000000000001
https://dandiarchive.s3.amazonaws.com/blobs/d8b/8a9/d8b8a9fb-eda0-459f-a722-60a69961c992,638387,1229654875,novelty,familiar,designated_identity_not_first_exposure;identity_day_confounded,engaged_2,25,0.52,-0.12716277587007033
https://dandiarchive.s3.amazonaws.com/blobs/d8b/8a9/d8b8a9fb-eda0-459f-a722-60a69961c992,638387,1229654875,novelty,familiar,designated_identity_not_first_exposure;identity_day_confounded,no_reward,29,0.27586206896551724,-0.5
https://dandiarchive.s3.amazonaws.com/blobs/584/1b8/5841b844-3102-4b4f-8f2c-e4cd23ec8f45,640887,1234203203,novelty,familiar,designated_identity_not_first_exposure;identity_day_confounded,engaged_1,23,1.0,0.5
https://dandiarchive.s3.amazonaws.com/blobs/584/1b8/5841b844-3102-4b4f-8f2c-e4cd23ec8f45,640887,1234203203,novelty,familiar,designated_identity_not_first_exposure;identity_day_confounded,engaged_2,42,0.9047619047619048,-0.08045842885399274
https://dandiarchive.s3.amazonaws.com/blobs/584/1b8/5841b844-3102-4b4f-8f2c-e4cd23ec8f45,640887,1234203203,novelty,familiar,designated_identity_not_first_exposure;identity_day_confounded,no_reward,50,0.14,-0.5
https://dandiarchive.s3.amazonaws.com/blobs/cfc/bf1/cfcbf155-cb15-455d-8450-0ef256540990,640887,1234410451,novelty,familiar,designated_identity_not_first_exposure;identity_day_confounded,engaged_1,25,1.0,0.49999999999999994
https://dandiarchive.s3.amazonaws.com/blobs/cfc/bf1/cfcbf155-cb15-455d-8450-0ef256540990,640887,1234410451,novelty,familiar,designated_identity_not_first_exposure;identity_day_confounded,engaged_2,45,1.0,0.10791170848316235
https://dandiarchive.s3.amazonaws.com/blobs/cfc/bf1/cfcbf155-cb15-455d-8450-0ef256540990,640887,1234410451,novelty,familiar,designated_identity_not_first_exposure;identity_day_confounded,no_reward,50,0.18,-0.5
https://dandiarchive.s3.amazonaws.com/blobs/13d/b29/13db29ff-1454-412d-8680-ecd7a38c6f95,640890,1232430325,novelty,familiar,designated_identity_not_first_exposure;identity_day_confounded,engaged_1,27,0.9629629629629629,0.5000000000000001
https://dandiarchive.s3.amazonaws.com/blobs/13d/b29/13db29ff-1454-412d-8680-ecd7a38c6f95,640890,1232430325,novelty,familiar,designated_identity_not_first_exposure;identity_day_confounded,engaged_2,43,0.9069767441860465,-0.10503365751306809
https://dandiarchive.s3.amazonaws.com/blobs/13d/b29/13db29ff-1454-412d-8680-ecd7a38c6f95,640890,1232430325,novelty,familiar,designated_identity_not_first_exposure;identity_day_confounded,no_reward,49,0.22448979591836735,-0.5000000000000001
https://dandiarchive.s3.amazonaws.com/blobs/e3b/977/e3b97777-89fa-4730-8d0e-fae22e471f07,640890,1232725697,novelty,familiar,designated_identity_not_first_exposure;identity_day_confounded,engaged_1,22,0.9545454545454546,0.5000000000000001
https://dandiarchive.s3.amazonaws.com/blobs/e3b/977/e3b97777-89fa-4730-8d0e-fae22e471f07,640890,1232725697,novelty,familiar,designated_identity_not_first_exposure;identity_day_confounded,engaged_2,44,0.6590909090909091,-0.1388059883790218
https://dandiarchive.s3.amazonaws.com/blobs/e3b/977/e3b97777-89fa-4730-8d0e-fae22e471f07,640890,1232725697,novelty,familiar,designated_identity_not_first_exposure;identity_day_confounded,no_reward,47,0.0425531914893617,-0.49999999999999994
https://dandiarchive.s3.amazonaws.com/blobs/88d/b29/88db2938-a9e0-491c-8056-f83cc894edf3,642504,1243523806,novelty,familiar,designated_identity_not_first_exposure;identity_day_confounded,engaged_1,23,0.9565217391304348,0.49999999999999994
https://dandiarchive.s3.amazonaws.com/blobs/88d/b29/88db2938-a9e0-491c-8056-f83cc894edf3,642504,1243523806,novelty,familiar,designated_identity_not_first_exposure;identity_day_confounded,engaged_2,43,1.0,-0.12127827408820821
https://dandiarchive.s3.amazonaws.com/blobs/88d/b29/88db2938-a9e0-491c-8056-f83cc894edf3,642504,1243523806,novelty,familiar,designated_identity_not_first_exposure;identity_day_confounded,no_reward,49,0.42857142857142855,-0.49999999999999994
https://dandiarchive.s3.amazonaws.com/blobs/4c0/643/4c064370-d6ec-45fb-8be0-edf4ac91097f,642504,1243799530,novelty,familiar,designated_identity_not_first_exposure;identity_day_confounded,engaged_1,22,1.0,0.49999999999999983
https://dandiarchive.s3.amazonaws.com/blobs/4c0/643/4c064370-d6ec-45fb-8be0-edf4ac91097f,642504,1243799530,novelty,familiar,designated_identity_not_first_exposure;identity_day_confounded,engaged_2,41,1.0,-0.14886281897620704
https://dandiarchive.s3.amazonaws.com/blobs/4c0/643/4c064370-d6ec-45fb-8be0-edf4ac91097f,642504,1243799530,novelty,familiar,designated_identity_not_first_exposure;identity_day_confounded,no_reward,42,0.11904761904761904,-0.5
https://dandiarchive.s3.amazonaws.com/blobs/559/41e/55941ebd-ef47-4d38-80af-0fabd499db6d,642504,1244070169,novelty,familiar,designated_identity_not_first_exposure;identity_day_confounded,engaged_1,24,1.0,0.5000000000000001
https://dandiarchive.s3.amazonaws.com/blobs/559/41e/55941ebd-ef47-4d38-80af-0fabd499db6d,642504,1244070169,novelty,familiar,designated_identity_not_first_exposure;identity_day_confounded,engaged_2,44,0.9772727272727273,-0.03514720756369151
https://dandiarchive.s3.amazonaws.com/blobs/559/41e/55941ebd-ef47-4d38-80af-0fabd499db6d,642504,1244070169,novelty,familiar,designated_identity_not_first_exposure;identity_day_confounded,no_reward,46,0.15217391304347827,-0.5
