_nwb_path,subject_id,ecephys_session_id,recording_day,session_number,reward_block,block_order,block_start_time,block_stop_time,block_duration_seconds,block_start_from_session_seconds,block_stop_from_session_seconds,first_trial_table_index,last_trial_table_index,n_trials,is_technically_valid,is_good_session
https://dandiarchive.s3.amazonaws.com/blobs/585/411/5854110b-2b31-4bbf-881e-3280f7b87b95,604914,1173189336,EPHYS_2,2,engaged_1,1,37.61179,924.93612,887.3243299999999,0.0,887.3243299999999,0,292,293,true,false
https://dandiarchive.s3.amazonaws.com/blobs/585/411/5854110b-2b31-4bbf-881e-3280f7b87b95,604914,1173189336,EPHYS_2,2,no_reward,2,924.96933,2426.52535,1501.55602,887.35754,2388.91356,293,449,157,true,false
https://dandiarchive.s3.amazonaws.com/blobs/585/411/5854110b-2b31-4bbf-881e-3280f7b87b95,604914,1173189336,EPHYS_2,2,engaged_2,3,2427.27526,3946.02867,1518.7534100000003,2389.66347,3908.41688,450,797,348,true,false
https://dandiarchive.s3.amazonaws.com/blobs/e5f/59c/e5f59ceb-77c6-417f-a55e-4574c0d390ba,604914,1173741216,EPHYS_4,4,engaged_1,1,37.79173,915.39062,877.59889,0.0,877.59889,0,159,160,true,false
https://dandiarchive.s3.amazonaws.com/blobs/e5f/59c/e5f59ceb-77c6-417f-a55e-4574c0d390ba,604914,1173741216,EPHYS_4,4,no_reward,2,924.39839,2420.66475,1496.26636,886.6066599999999,2382.87302,160,320,161,true,false
https://dandiarchive.s3.amazonaws.com/blobs/e5f/59c/e5f59ceb-77c6-417f-a55e-4574c0d390ba,604914,1173741216,EPHYS_4,4,engaged_2,3,2420.68095,3941.67053,1520.98958,2382.88922,3903.8788,321,486,166,true,false
https://dandiarchive.s3.amazonaws.com/blobs/324/6c5/3246c508-0142-4e96-b1f4-13ab63ee636e,607660,1182628226,EPHYS_2,2,engaged_1,1,37.72625,927.68664,889.96039,0.0,889.96039,0,204,205,true,false
https://dandiarchive.s3.amazonaws.com/blobs/324/6c5/3246c508-0142-4e96-b1f4-13ab63ee636e,607660,1182628226,EPHYS_2,2,no_reward,2,928.10345,2424.37201,1496.26856,890.3771999999999,2386.64576,205,361,157,true,false
https://dandiarchive.s3.amazonaws.com/blobs/324/6c5/3246c508-0142-4e96-b1f4-13ab63ee636e,607660,1182628226,EPHYS_2,2,engaged_2,3,2425.10517,3939.70566,1514.6004900000003,2387.3789199999997,3901.97941,362,642,281,true,false
https://dandiarchive.s3.amazonaws.com/blobs/c1b/70d/c1b70d41-1214-4afd-9fcc-b1a3b128c5d6,607660,1182427414,EPHYS_1,1,engaged_1,1,37.67276,927.41606,889.7433,0.0,889.7433,0,171,172,true,false
https://dandiarchive.s3.amazonaws.com/blobs/c1b/70d/c1b70d41-1214-4afd-9fcc-b1a3b128c5d6,607660,1182427414,EPHYS_1,1,no_reward,2,928.04967,2425.73673,1497.6870600000002,890.37691,2388.06397,172,330,159,true,false
https://dandiarchive.s3.amazonaws.com/blobs/c1b/70d/c1b70d41-1214-4afd-9fcc-b1a3b128c5d6,607660,1182427414,EPHYS_1,1,engaged_2,3,2425.73673,3941.50397,1515.7672400000001,2388.06397,3903.8312100000003,331,611,281,true,false
https://dandiarchive.s3.amazonaws.com/blobs/d01/275/d012752e-19c8-4ea9-bba6-59bf0983cff5,607660,1183071525,EPHYS_4,4,engaged_1,1,38.44605,924.15283,885.70678,0.0,885.70678,0,204,205,true,false
https://dandiarchive.s3.amazonaws.com/blobs/d01/275/d012752e-19c8-4ea9-bba6-59bf0983cff5,607660,1183071525,EPHYS_4,4,no_reward,2,924.36983,2420.57098,1496.2011499999999,885.92378,2382.12493,205,360,156,true,false
https://dandiarchive.s3.amazonaws.com/blobs/d01/275/d012752e-19c8-4ea9-bba6-59bf0983cff5,607660,1183071525,EPHYS_4,4,engaged_2,3,2421.30451,3938.4915,1517.1869900000002,2382.85846,3900.04545,361,644,284,true,false
https://dandiarchive.s3.amazonaws.com/blobs/f23/541/f2354121-247a-43f9-a28f-6b8b8c4570d4,607660,1182871514,EPHYS_3,3,engaged_1,1,37.86632,921.72149,883.85517,0.0,883.85517,0,194,195,true,false
https://dandiarchive.s3.amazonaws.com/blobs/f23/541/f2354121-247a-43f9-a28f-6b8b8c4570d4,607660,1182871514,EPHYS_3,3,no_reward,2,922.22163,2426.0462,1503.8245700000002,884.35531,2388.17988,195,354,160,true,false
https://dandiarchive.s3.amazonaws.com/blobs/f23/541/f2354121-247a-43f9-a28f-6b8b8c4570d4,607660,1182871514,EPHYS_3,3,engaged_2,3,2426.7965,3938.27906,1511.48256,2388.93018,3900.4127399999998,355,644,290,true,false
https://dandiarchive.s3.amazonaws.com/blobs/2b8/c4a/2b8c4a9d-2e57-4a8d-a9dd-3aa56cf82732,608671,1177900858,EPHYS_1,1,engaged_1,1,37.24345,925.30105,888.0576,0.0,888.0576,0,143,144,true,false
https://dandiarchive.s3.amazonaws.com/blobs/2b8/c4a/2b8c4a9d-2e57-4a8d-a9dd-3aa56cf82732,608671,1177900858,EPHYS_1,1,no_reward,2,925.43418,2424.73814,1499.30396,888.1907299999999,2387.49469,144,300,157,true,false
https://dandiarchive.s3.amazonaws.com/blobs/2b8/c4a/2b8c4a9d-2e57-4a8d-a9dd-3aa56cf82732,608671,1177900858,EPHYS_1,1,engaged_2,3,2424.73814,3937.45349,1512.71535,2387.49469,3900.21004,301,467,167,true,false
https://dandiarchive.s3.amazonaws.com/blobs/e4f/a5f/e4fa5f32-279b-40b0-a324-b0d14d1c4cdc,608671,1178460518,EPHYS_3,3,engaged_1,1,36.91214,924.23686,887.32472,0.0,887.32472,0,147,148,true,false
https://dandiarchive.s3.amazonaws.com/blobs/e4f/a5f/e4fa5f32-279b-40b0-a324-b0d14d1c4cdc,608671,1178460518,EPHYS_3,3,no_reward,2,924.98704,2420.5043,1495.51726,888.0749,2383.59216,148,302,155,true,false
https://dandiarchive.s3.amazonaws.com/blobs/e4f/a5f/e4fa5f32-279b-40b0-a324-b0d14d1c4cdc,608671,1178460518,EPHYS_3,3,engaged_2,3,2420.52077,3942.27665,1521.7558799999997,2383.60863,3905.36451,303,552,250,true,false
https://dandiarchive.s3.amazonaws.com/blobs/f8f/a8d/f8fa8d9d-b477-4570-875d-852aa7c507d4,608671,1178693650,EPHYS_4,4,engaged_1,1,37.73275,922.62181,884.88906,0.0,884.88906,0,206,207,true,false
https://dandiarchive.s3.amazonaws.com/blobs/f8f/a8d/f8fa8d9d-b477-4570-875d-852aa7c507d4,608671,1178693650,EPHYS_4,4,no_reward,2,922.87188,2425.16114,1502.28926,885.13913,2387.42839,207,363,157,true,false
https://dandiarchive.s3.amazonaws.com/blobs/f8f/a8d/f8fa8d9d-b477-4570-875d-852aa7c507d4,608671,1178693650,EPHYS_4,4,engaged_2,3,2425.91128,3941.72979,1515.81851,2388.1785299999997,3903.9970399999997,364,638,275,true,false
https://dandiarchive.s3.amazonaws.com/blobs/fe8/82f/fe882f8d-cadd-49b7-a088-3f7605d8b083,608671,1178173272,EPHYS_2,2,engaged_1,1,37.75824,923.91584,886.1576,0.0,886.1576,0,145,146,true,false
https://dandiarchive.s3.amazonaws.com/blobs/fe8/82f/fe882f8d-cadd-49b7-a088-3f7605d8b083,608671,1178173272,EPHYS_2,2,no_reward,2,932.68925,2425.13751,1492.4482600000001,894.93101,2387.37927,146,300,155,true,false
https://dandiarchive.s3.amazonaws.com/blobs/fe8/82f/fe882f8d-cadd-49b7-a088-3f7605d8b083,608671,1178173272,EPHYS_2,2,engaged_2,3,2425.90412,3944.6748,1518.7706799999996,2388.14588,3906.9165599999997,301,490,190,true,false
https://dandiarchive.s3.amazonaws.com/blobs/0ab/b29/0abb2952-5419-4c3b-b848-d58b590e49b5,608672,1174790219,EPHYS_2,2,engaged_1,1,37.60836,925.78364,888.17528,0.0,888.17528,0,184,185,true,false
https://dandiarchive.s3.amazonaws.com/blobs/0ab/b29/0abb2952-5419-4c3b-b848-d58b590e49b5,608672,1174790219,EPHYS_2,2,no_reward,2,926.4674,2418.21497,1491.74757,888.85904,2380.60661,185,335,151,true,false
https://dandiarchive.s3.amazonaws.com/blobs/0ab/b29/0abb2952-5419-4c3b-b848-d58b590e49b5,608672,1174790219,EPHYS_2,2,engaged_2,3,2427.22275,3939.35388,1512.1311300000002,2389.6143899999997,3901.74552,336,653,318,true,false
https://dandiarchive.s3.amazonaws.com/blobs/45e/b63/45eb632e-a7df-4d91-b0ea-ab8ff3512409,608672,1175253205,EPHYS_4,4,engaged_1,1,37.28827,924.94789,887.65962,0.0,887.65962,0,202,203,true,false
https://dandiarchive.s3.amazonaws.com/blobs/45e/b63/45eb632e-a7df-4d91-b0ea-ab8ff3512409,608672,1175253205,EPHYS_4,4,no_reward,2,925.46426,2420.8315,1495.3672399999998,888.17599,2383.5432299999998,203,359,157,true,false
https://dandiarchive.s3.amazonaws.com/blobs/45e/b63/45eb632e-a7df-4d91-b0ea-ab8ff3512409,608672,1175253205,EPHYS_4,4,engaged_2,3,2420.84802,3937.31501,1516.46699,2383.55975,3900.02674,360,637,278,true,false
https://dandiarchive.s3.amazonaws.com/blobs/bee/4c8/bee4c859-5d34-4bb8-aff9-c839f7465d57,608672,1174553025,EPHYS_1,1,engaged_1,1,38.39013,923.82976,885.43963,0.0,885.43963,0,161,162,true,false
https://dandiarchive.s3.amazonaws.com/blobs/bee/4c8/bee4c859-5d34-4bb8-aff9-c839f7465d57,608672,1174553025,EPHYS_1,1,no_reward,2,933.2712,2420.36547,1487.09427,894.88107,2381.97534,162,321,160,true,false
https://dandiarchive.s3.amazonaws.com/blobs/bee/4c8/bee4c859-5d34-4bb8-aff9-c839f7465d57,608672,1174553025,EPHYS_1,1,engaged_2,3,2421.11527,3945.1584,1524.04313,2382.7251399999996,3906.7682699999996,322,570,249,true,false
https://dandiarchive.s3.amazonaws.com/blobs/ecf/4b0/ecf4b0b7-074f-487d-974c-a5188c39f67e,608672,1175067685,EPHYS_3,3,engaged_1,1,37.50336,927.08001,889.57665,0.0,889.57665,0,205,206,true,false
https://dandiarchive.s3.amazonaws.com/blobs/ecf/4b0/ecf4b0b7-074f-487d-974c-a5188c39f67e,608672,1175067685,EPHYS_3,3,no_reward,2,927.09616,2424.89864,1497.8024799999998,889.5928,2387.3952799999997,206,361,156,true,false
https://dandiarchive.s3.amazonaws.com/blobs/ecf/4b0/ecf4b0b7-074f-487d-974c-a5188c39f67e,608672,1175067685,EPHYS_3,3,engaged_2,3,2425.64905,3937.67971,1512.03066,2388.14569,3900.1763499999997,362,564,203,true,false
https://dandiarchive.s3.amazonaws.com/blobs/0e3/8be/0e38be1e-c081-4521-86c7-d316a3aa6a09,611160,1176580734,EPHYS_2,2,engaged_1,1,37.66674,922.03887,884.37213,0.0,884.37213,0,173,174,true,false
https://dandiarchive.s3.amazonaws.com/blobs/0e3/8be/0e38be1e-c081-4521-86c7-d316a3aa6a09,611160,1176580734,EPHYS_2,2,no_reward,2,922.7891,2420.45843,1497.6693300000002,885.12236,2382.79169,174,335,162,true,false
https://dandiarchive.s3.amazonaws.com/blobs/0e3/8be/0e38be1e-c081-4521-86c7-d316a3aa6a09,611160,1176580734,EPHYS_2,2,engaged_2,3,2421.20868,3938.06102,1516.85234,2383.54194,3900.39428,336,599,264,true,false
https://dandiarchive.s3.amazonaws.com/blobs/31a/05e/31a05e05-48b4-4889-a8b3-8dffcdc8ef89,611160,1176989662,EPHYS_4,4,engaged_1,1,37.77841,927.45526,889.67685,0.0,889.67685,0,185,186,true,false
https://dandiarchive.s3.amazonaws.com/blobs/31a/05e/31a05e05-48b4-4889-a8b3-8dffcdc8ef89,611160,1176989662,EPHYS_4,4,no_reward,2,927.4718,2423.72284,1496.2510399999999,889.69339,2385.94443,186,344,159,true,false
https://dandiarchive.s3.amazonaws.com/blobs/31a/05e/31a05e05-48b4-4889-a8b3-8dffcdc8ef89,611160,1176989662,EPHYS_4,4,engaged_2,3,2424.47272,3943.99406,1519.5213399999998,2386.6943100000003,3906.21565,345,559,215,true,false
https://dandiarchive.s3.amazonaws.com/blobs/8a2/759/8a27595e-a223-4dec-9fcd-0f886050fa7d,611160,1176791184,EPHYS_3,3,engaged_1,1,37.51509,921.15353,883.6384400000001,0.0,883.6384400000001,0,194,195,true,false
https://dandiarchive.s3.amazonaws.com/blobs/8a2/759/8a27595e-a223-4dec-9fcd-0f886050fa7d,611160,1176791184,EPHYS_3,3,no_reward,2,921.90501,2426.39547,1504.49046,884.38992,2388.88038,195,352,158,true,false
https://dandiarchive.s3.amazonaws.com/blobs/8a2/759/8a27595e-a223-4dec-9fcd-0f886050fa7d,611160,1176791184,EPHYS_3,3,engaged_2,3,2427.14601,3942.17959,1515.0335800000003,2389.63092,3904.6645000000003,353,580,228,true,false
https://dandiarchive.s3.amazonaws.com/blobs/6a7/f05/6a7f05a7-12dd-44cc-8d40-59fa08937b0e,611166,1189820015,EPHYS_2,2,engaged_1,1,122.41913,1004.53921,882.12008,0.0,882.12008,0,202,203,true,false
https://dandiarchive.s3.amazonaws.com/blobs/6a7/f05/6a7f05a7-12dd-44cc-8d40-59fa08937b0e,611166,1189820015,EPHYS_2,2,no_reward,2,1005.2897,2506.89454,1501.6048399999997,882.87057,2384.47541,203,357,155,true,false
https://dandiarchive.s3.amazonaws.com/blobs/6a7/f05/6a7f05a7-12dd-44cc-8d40-59fa08937b0e,611166,1189820015,EPHYS_2,2,engaged_2,3,2507.64505,4024.84765,1517.2026,2385.22592,3902.4285200000004,358,628,271,true,false
https://dandiarchive.s3.amazonaws.com/blobs/718/75c/71875c87-1585-49ee-b80f-26210d975e15,611166,1190290940,EPHYS_4,4,engaged_1,1,338.99659,1226.33758,887.3409899999999,0.0,887.3409899999999,0,170,171,true,false
https://dandiarchive.s3.amazonaws.com/blobs/718/75c/71875c87-1585-49ee-b80f-26210d975e15,611166,1190290940,EPHYS_4,4,no_reward,2,1226.35435,2722.60652,1496.2521699999998,887.3577600000001,2383.6099299999996,171,328,158,true,false
https://dandiarchive.s3.amazonaws.com/blobs/718/75c/71875c87-1585-49ee-b80f-26210d975e15,611166,1190290940,EPHYS_4,4,engaged_2,3,2731.62894,4243.68048,1512.05154,2392.63235,3904.68389,329,562,234,true,false
https://dandiarchive.s3.amazonaws.com/blobs/861/4d2/8614d263-cbc7-4fbd-bc00-69a8b1b927e5,611166,1189336645,EPHYS_1,1,engaged_1,1,221.30492,1110.59792,889.2929999999999,0.0,889.2929999999999,0,186,187,true,false
https://dandiarchive.s3.amazonaws.com/blobs/861/4d2/8614d263-cbc7-4fbd-bc00-69a8b1b927e5,611166,1189336645,EPHYS_1,1,no_reward,2,1110.89824,2603.39635,1492.49811,889.59332,2382.09143,187,342,156,true,false
https://dandiarchive.s3.amazonaws.com/blobs/861/4d2/8614d263-cbc7-4fbd-bc00-69a8b1b927e5,611166,1189336645,EPHYS_1,1,engaged_2,3,2604.14673,4122.18368,1518.0369500000002,2382.84181,3900.87876,343,539,197,true,false
https://dandiarchive.s3.amazonaws.com/blobs/b7c/991/b7c991b8-a603-458b-8e4b-8b721669fecd,611166,1190094328,EPHYS_3,3,engaged_1,1,128.95506,1017.98139,889.02633,0.0,889.02633,0,167,168,true,false
https://dandiarchive.s3.amazonaws.com/blobs/b7c/991/b7c991b8-a603-458b-8e4b-8b721669fecd,611166,1190094328,EPHYS_3,3,no_reward,2,1018.49814,2514.76622,1496.2680799999998,889.54308,2385.81116,168,321,154,true,false
https://dandiarchive.s3.amazonaws.com/blobs/b7c/991/b7c991b8-a603-458b-8e4b-8b721669fecd,611166,1190094328,EPHYS_3,3,engaged_2,3,2524.52381,4031.41903,1506.8952199999999,2395.5687500000004,3902.46397,322,628,307,true,false
https://dandiarchive.s3.amazonaws.com/blobs/755/a0b/755a0bb5-97d8-4679-a2d6-1be3366d9cff,612090,1180107381,EPHYS_3,3,engaged_1,1,37.75713,919.14357,881.38644,0.0,881.38644,0,156,157,true,true
https://dandiarchive.s3.amazonaws.com/blobs/755/a0b/755a0bb5-97d8-4679-a2d6-1be3366d9cff,612090,1180107381,EPHYS_3,3,no_reward,2,919.87701,2419.86486,1499.98785,882.1198800000001,2382.10773,157,310,154,true,true
https://dandiarchive.s3.amazonaws.com/blobs/755/a0b/755a0bb5-97d8-4679-a2d6-1be3366d9cff,612090,1180107381,EPHYS_3,3,engaged_2,3,2419.88164,3943.08921,1523.20757,2382.12451,3905.33208,311,590,280,true,true
https://dandiarchive.s3.amazonaws.com/blobs/805/c33/805c3334-a4f4-4386-90fd-c7b064a28be8,612090,1179670730,EPHYS_1,1,engaged_1,1,37.52345,926.56604,889.04259,0.0,889.04259,0,206,207,true,true
https://dandiarchive.s3.amazonaws.com/blobs/805/c33/805c3334-a4f4-4386-90fd-c7b064a28be8,612090,1179670730,EPHYS_1,1,no_reward,2,927.16619,2414.34336,1487.17717,889.64274,2376.8199099999997,207,362,156,true,true
https://dandiarchive.s3.amazonaws.com/blobs/805/c33/805c3334-a4f4-4386-90fd-c7b064a28be8,612090,1179670730,EPHYS_1,1,engaged_2,3,2423.351,3944.30707,1520.9560699999997,2385.82755,3906.7836199999997,363,597,235,true,true
https://dandiarchive.s3.amazonaws.com/blobs/e4a/849/e4a84972-c995-4591-b870-4171b092406b,612090,1180266229,EPHYS_4,4,engaged_1,1,37.68443,927.37782,889.69339,0.0,889.69339,0,124,125,true,false
https://dandiarchive.s3.amazonaws.com/blobs/e4a/849/e4a84972-c995-4591-b870-4171b092406b,612090,1180266229,EPHYS_4,4,no_reward,2,928.12801,2422.96161,1494.8336,890.44358,2385.27718,125,282,158,true,false
https://dandiarchive.s3.amazonaws.com/blobs/e4a/849/e4a84972-c995-4591-b870-4171b092406b,612090,1180266229,EPHYS_4,4,engaged_2,3,2423.71184,3941.73221,1518.0203700000002,2386.02741,3904.0477800000003,283,515,233,true,false
https://dandiarchive.s3.amazonaws.com/blobs/ecf/ff1/ecfff12c-b251-430f-9c0d-05025ad77f11,612090,1179911454,EPHYS_2,2,engaged_1,1,37.80033,926.65955,888.8592199999999,0.0,888.8592199999999,0,140,141,true,true
https://dandiarchive.s3.amazonaws.com/blobs/ecf/ff1/ecfff12c-b251-430f-9c0d-05025ad77f11,612090,1179911454,EPHYS_2,2,no_reward,2,926.69258,2425.96335,1499.27077,888.89225,2388.16302,141,300,160,true,true
https://dandiarchive.s3.amazonaws.com/blobs/ecf/ff1/ecfff12c-b251-430f-9c0d-05025ad77f11,612090,1179911454,EPHYS_2,2,engaged_2,3,2426.71383,3942.51554,1515.8017099999997,2388.9135,3904.71521,301,500,200,true,true
https://dandiarchive.s3.amazonaws.com/blobs/c78/ef5/c78ef53f-16de-4f5e-8235-afe87a226203,614547,1181731440,EPHYS_4,4,engaged_1,1,37.1868,919.30684,882.12004,0.0,882.12004,0,152,153,true,true
https://dandiarchive.s3.amazonaws.com/blobs/c78/ef5/c78ef53f-16de-4f5e-8235-afe87a226203,614547,1181731440,EPHYS_4,4,no_reward,2,919.32328,2422.94748,1503.6241999999997,882.13648,2385.76068,153,311,159,true,true
https://dandiarchive.s3.amazonaws.com/blobs/c78/ef5/c78ef53f-16de-4f5e-8235-afe87a226203,614547,1181731440,EPHYS_4,4,engaged_2,3,2422.96378,3937.99827,1515.03449,2385.77698,3900.81147,312,611,300,true,true
https://dandiarchive.s3.amazonaws.com/blobs/e00/438/e0043830-9418-4875-88b6-c0b5aefca5ae,614547,1181096406,EPHYS_1,1,engaged_1,1,37.61688,919.13677,881.5198899999999,0.0,881.5198899999999,0,223,224,true,false
https://dandiarchive.s3.amazonaws.com/blobs/e00/438/e0043830-9418-4875-88b6-c0b5aefca5ae,614547,1181096406,EPHYS_1,1,no_reward,2,919.82067,2408.68241,1488.8617399999998,882.2037899999999,2371.06553,224,379,156,true,false
https://dandiarchive.s3.amazonaws.com/blobs/e00/438/e0043830-9418-4875-88b6-c0b5aefca5ae,614547,1181096406,EPHYS_1,1,engaged_2,3,2427.44771,3940.43018,1512.98247,2389.83083,3902.8133,380,638,259,true,false
https://dandiarchive.s3.amazonaws.com/blobs/e52/a35/e52a35c1-68c0-4750-9822-c73be5911a37,614547,1181324124,EPHYS_2,2,engaged_1,1,37.13113,924.35597,887.22484,0.0,887.22484,0,182,183,true,false
https://dandiarchive.s3.amazonaws.com/blobs/e52/a35/e52a35c1-68c0-4750-9822-c73be5911a37,614547,1181324124,EPHYS_2,2,no_reward,2,924.48936,2425.12767,1500.6383099999998,887.35823,2387.9965399999996,183,342,160,true,false
https://dandiarchive.s3.amazonaws.com/blobs/e52/a35/e52a35c1-68c0-4750-9822-c73be5911a37,614547,1181324124,EPHYS_2,2,engaged_2,3,2425.14426,3940.26199,1515.11773,2388.01313,3903.1308599999998,343,681,339,true,false
https://dandiarchive.s3.amazonaws.com/blobs/0bd/fcc/0bdfccec-c7f5-413e-b52d-4ad1895672fa,614608,1187668018,EPHYS_2,2,engaged_1,1,425.40741,1309.77917,884.37176,0.0,884.37176,0,132,133,true,false
https://dandiarchive.s3.amazonaws.com/blobs/0bd/fcc/0bdfccec-c7f5-413e-b52d-4ad1895672fa,614608,1187668018,EPHYS_2,2,no_reward,2,1309.79538,2812.83535,1503.0399699999998,884.38797,2387.4279399999996,133,286,154,true,false
https://dandiarchive.s3.amazonaws.com/blobs/0bd/fcc/0bdfccec-c7f5-413e-b52d-4ad1895672fa,614608,1187668018,EPHYS_2,2,engaged_2,3,2813.58551,4332.30652,1518.7210100000002,2388.1781,3906.8991100000003,287,515,229,true,false
https://dandiarchive.s3.amazonaws.com/blobs/170/d5f/170d5fde-4cd2-400a-9e5e-40fbcb9b6985,614608,1188138256,EPHYS_4,4,engaged_1,1,191.83687,1081.44759,889.61072,0.0,889.61072,0,152,153,true,false
https://dandiarchive.s3.amazonaws.com/blobs/170/d5f/170d5fde-4cd2-400a-9e5e-40fbcb9b6985,614608,1188138256,EPHYS_4,4,no_reward,2,1082.1976,2576.88134,1494.68374,890.36073,2385.04447,153,309,157,true,false
https://dandiarchive.s3.amazonaws.com/blobs/170/d5f/170d5fde-4cd2-400a-9e5e-40fbcb9b6985,614608,1188138256,EPHYS_4,4,engaged_2,3,2577.6314,4093.69928,1516.0678799999996,2385.79453,3901.8624099999997,310,514,205,true,false
https://dandiarchive.s3.amazonaws.com/blobs/68c/a06/68ca0674-2a8a-4931-8d5b-10a3edfb0cfa,614608,1187475832,EPHYS_1,1,engaged_1,1,47.35041,935.05967,887.70926,0.0,887.70926,0,166,167,true,true
https://dandiarchive.s3.amazonaws.com/blobs/68c/a06/68ca0674-2a8a-4931-8d5b-10a3edfb0cfa,614608,1187475832,EPHYS_1,1,no_reward,2,935.47474,2433.14503,1497.67029,888.12433,2385.79462,167,322,156,true,true
https://dandiarchive.s3.amazonaws.com/blobs/68c/a06/68ca0674-2a8a-4931-8d5b-10a3edfb0cfa,614608,1187475832,EPHYS_1,1,engaged_2,3,2433.89388,3951.05167,1517.1577899999997,2386.54347,3903.70126,323,541,219,true,true
https://dandiarchive.s3.amazonaws.com/blobs/fd4/c49/fd4c4964-f02b-456e-af4d-b9407877d0de,614608,1187940755,EPHYS_3,3,engaged_1,1,158.87267,1045.54712,886.67445,0.0,886.67445,0,136,137,true,true
https://dandiarchive.s3.amazonaws.com/blobs/fd4/c49/fd4c4964-f02b-456e-af4d-b9407877d0de,614608,1187940755,EPHYS_3,3,no_reward,2,1045.56316,2545.55211,1499.9889500000002,886.69049,2386.67944,137,293,157,true,true
https://dandiarchive.s3.amazonaws.com/blobs/fd4/c49/fd4c4964-f02b-456e-af4d-b9407877d0de,614608,1187940755,EPHYS_3,3,engaged_2,3,2546.30139,4060.56854,1514.2671500000001,2387.42872,3901.69587,294,549,256,true,true
https://dandiarchive.s3.amazonaws.com/blobs/333/44c/33344c82-0b1b-48ac-b5b1-ba6eac47f6e2,615047,1191375883,EPHYS_3,3,engaged_1,1,127.4531,1016.44388,888.9907800000001,0.0,888.9907800000001,0,198,199,true,false
https://dandiarchive.s3.amazonaws.com/blobs/333/44c/33344c82-0b1b-48ac-b5b1-ba6eac47f6e2,615047,1191375883,EPHYS_3,3,no_reward,2,1017.16203,2506.67365,1489.5116200000002,889.70893,2379.22055,199,352,154,true,false
https://dandiarchive.s3.amazonaws.com/blobs/333/44c/33344c82-0b1b-48ac-b5b1-ba6eac47f6e2,615047,1191375883,EPHYS_3,3,engaged_2,3,2515.66407,4027.71309,1512.0490200000004,2388.2109699999996,3900.25999,353,803,451,true,false
https://dandiarchive.s3.amazonaws.com/blobs/4d8/ee0/4d8ee03a-8ed6-46af-baef-48bcdc3bda86,615047,1190892228,EPHYS_1,1,engaged_1,1,137.59487,1025.72046,888.12559,0.0,888.12559,0,131,132,true,false
https://dandiarchive.s3.amazonaws.com/blobs/4d8/ee0/4d8ee03a-8ed6-46af-baef-48bcdc3bda86,615047,1190892228,EPHYS_1,1,no_reward,2,1026.45368,2513.76364,1487.30996,888.8588100000001,2376.16877,132,285,154,true,false
https://dandiarchive.s3.amazonaws.com/blobs/4d8/ee0/4d8ee03a-8ed6-46af-baef-48bcdc3bda86,615047,1190892228,EPHYS_1,1,engaged_2,3,2522.7547,4044.6111,1521.8564000000001,2385.15983,3907.01623,286,512,227,true,false
https://dandiarchive.s3.amazonaws.com/blobs/9b5/21d/9b521df8-c80b-4305-b5f5-6830e47015dc,615047,1191631184,EPHYS_4,4,engaged_1,1,142.42776,1032.33818,889.9104199999999,0.0,889.9104199999999,0,137,138,true,false
https://dandiarchive.s3.amazonaws.com/blobs/9b5/21d/9b521df8-c80b-4305-b5f5-6830e47015dc,615047,1191631184,EPHYS_4,4,no_reward,2,1032.7715,2525.31981,1492.54831,890.34374,2382.89205,138,288,151,true,false
https://dandiarchive.s3.amazonaws.com/blobs/9b5/21d/9b521df8-c80b-4305-b5f5-6830e47015dc,615047,1191631184,EPHYS_4,4,engaged_2,3,2534.34419,4043.32226,1508.9780700000001,2391.9164299999998,3900.8945,289,857,569,true,false
https://dandiarchive.s3.amazonaws.com/blobs/a25/64a/a2564a07-a0cb-4376-b229-bb8586440a65,615047,1191131853,EPHYS_2,2,engaged_1,1,155.47421,1041.43164,885.95743,0.0,885.95743,0,132,133,true,false
https://dandiarchive.s3.amazonaws.com/blobs/a25/64a/a2564a07-a0cb-4376-b229-bb8586440a65,615047,1191131853,EPHYS_2,2,no_reward,2,1042.16508,2541.50247,1499.33739,886.69087,2386.02826,133,290,158,true,false
https://dandiarchive.s3.amazonaws.com/blobs/a25/64a/a2564a07-a0cb-4376-b229-bb8586440a65,615047,1191131853,EPHYS_2,2,engaged_2,3,2542.236,4063.17445,1520.93845,2386.76179,3907.70024,291,507,217,true,false
https://dandiarchive.s3.amazonaws.com/blobs/75d/9d0/75d9d091-e7db-47d1-aac4-d41133e29393,615048,1197725774,EPHYS_2,2,engaged_1,1,120.66415,1015.27711,894.6129599999999,0.0,894.6129599999999,0,201,202,true,true
https://dandiarchive.s3.amazonaws.com/blobs/75d/9d0/75d9d091-e7db-47d1-aac4-d41133e29393,615048,1197725774,EPHYS_2,2,no_reward,2,1015.5112,2512.62975,1497.1185500000001,894.8470500000001,2391.9656,202,410,209,true,true
https://dandiarchive.s3.amazonaws.com/blobs/75d/9d0/75d9d091-e7db-47d1-aac4-d41133e29393,615048,1197725774,EPHYS_2,2,engaged_2,3,2513.23051,4021.37516,1508.1446500000002,2392.56636,3900.71101,411,674,264,true,true
https://dandiarchive.s3.amazonaws.com/blobs/79f/491/79f49133-ebbc-4302-9892-e200c2fad8e2,615048,1198130743,EPHYS_4,4,engaged_1,1,119.20427,1015.35216,896.1478900000001,0.0,896.1478900000001,0,145,146,true,false
https://dandiarchive.s3.amazonaws.com/blobs/79f/491/79f49133-ebbc-4302-9892-e200c2fad8e2,615048,1198130743,EPHYS_4,4,no_reward,2,1015.58608,2510.10339,1494.5173100000002,896.3818100000001,2390.89912,146,350,205,true,false
https://dandiarchive.s3.amazonaws.com/blobs/79f/491/79f49133-ebbc-4302-9892-e200c2fad8e2,615048,1198130743,EPHYS_4,4,engaged_2,3,2510.33694,4020.1836,1509.8466599999997,2391.13267,3900.9793299999997,351,599,249,true,false
https://dandiarchive.s3.amazonaws.com/blobs/cef/352/cef35297-7f3a-41ce-949d-59dd2a4c4bc1,615048,1197967151,EPHYS_3,3,engaged_1,1,188.03872,1080.38343,892.3447100000001,0.0,892.3447100000001,0,144,145,true,false
https://dandiarchive.s3.amazonaws.com/blobs/cef/352/cef35297-7f3a-41ce-949d-59dd2a4c4bc1,615048,1197967151,EPHYS_3,3,no_reward,2,1080.66731,2585.71003,1505.0427200000001,892.62859,2397.67131,145,402,258,true,false
https://dandiarchive.s3.amazonaws.com/blobs/cef/352/cef35297-7f3a-41ce-949d-59dd2a4c4bc1,615048,1197967151,EPHYS_3,3,engaged_2,3,2585.96071,4088.73476,1502.77405,2397.92199,3900.69604,403,598,196,true,false
https://dandiarchive.s3.amazonaws.com/blobs/fe0/9ba/fe09ba54-89e9-4b73-bf95-5127c2ee2ad9,615048,1197514969,EPHYS_1,1,engaged_1,1,146.43726,1042.23464,895.7973799999999,0.0,895.7973799999999,0,169,170,true,true
https://dandiarchive.s3.amazonaws.com/blobs/fe0/9ba/fe09ba54-89e9-4b73-bf95-5127c2ee2ad9,615048,1197514969,EPHYS_1,1,no_reward,2,1042.81875,2542.27299,1499.45424,896.3814899999999,2395.83573,170,413,244,true,true
https://dandiarchive.s3.amazonaws.com/blobs/fe0/9ba/fe09ba54-89e9-4b73-bf95-5127c2ee2ad9,615048,1197514969,EPHYS_1,1,engaged_2,3,2542.82333,4049.46736,1506.64403,2396.38607,3903.0301,414,675,262,true,true
https://dandiarchive.s3.amazonaws.com/blobs/ce1/184/ce11847a-19b5-4a16-a4f9-b904cc8aece6,615563,1194411467,EPHYS_1,1,engaged_1,1,63.85607,957.78384,893.92777,0.0,893.92777,0,147,148,true,true
https://dandiarchive.s3.amazonaws.com/blobs/ce1/184/ce11847a-19b5-4a16-a4f9-b904cc8aece6,615563,1194411467,EPHYS_1,1,no_reward,2,958.01772,2450.99942,1492.9817,894.16165,2387.1433500000003,148,371,224,true,true
https://dandiarchive.s3.amazonaws.com/blobs/ce1/184/ce11847a-19b5-4a16-a4f9-b904cc8aece6,615563,1194411467,EPHYS_1,1,engaged_2,3,2451.25018,3964.51579,1513.26561,2387.39411,3900.65972,372,676,305,true,true
https://dandiarchive.s3.amazonaws.com/blobs/ce2/279/ce2279e0-4653-4528-b6a3-5dcf3b13bc5f,615563,1195036753,EPHYS_4,4,engaged_1,1,121.01783,1018.70036,897.68253,0.0,897.68253,0,149,150,true,true
https://dandiarchive.s3.amazonaws.com/blobs/ce2/279/ce2279e0-4653-4528-b6a3-5dcf3b13bc5f,615563,1195036753,EPHYS_4,4,no_reward,2,1018.95098,2510.98208,1492.0311000000002,897.93315,2389.96425,150,400,251,true,true
https://dandiarchive.s3.amazonaws.com/blobs/ce2/279/ce2279e0-4653-4528-b6a3-5dcf3b13bc5f,615563,1195036753,EPHYS_4,4,engaged_2,3,2511.4158,4022.15161,1510.7358099999997,2390.39797,3901.13378,401,690,290,true,true
https://dandiarchive.s3.amazonaws.com/blobs/d53/5f5/d535f597-e428-4fbb-aa14-16ef4a07f81b,615563,1194850630,EPHYS_3,3,engaged_1,1,177.72409,1065.54552,887.82143,0.0,887.82143,0,166,167,true,true
https://dandiarchive.s3.amazonaws.com/blobs/d53/5f5/d535f597-e428-4fbb-aa14-16ef4a07f81b,615563,1194850630,EPHYS_3,3,no_reward,2,1065.96269,2576.25954,1510.29685,888.2386000000001,2398.53545,167,361,195,true,true
https://dandiarchive.s3.amazonaws.com/blobs/d53/5f5/d535f597-e428-4fbb-aa14-16ef4a07f81b,615563,1194850630,EPHYS_3,3,engaged_2,3,2576.49342,4082.32,1505.8265800000004,2398.7693299999996,3904.59591,362,610,249,true,true
https://dandiarchive.s3.amazonaws.com/blobs/050/7be/0507bec5-48af-4de6-8094-ccb38f901537,615564,1199249150,EPHYS_3,3,engaged_1,1,117.23098,1014.02853,896.79755,0.0,896.79755,0,181,182,true,false
https://dandiarchive.s3.amazonaws.com/blobs/050/7be/0507bec5-48af-4de6-8094-ccb38f901537,615564,1199249150,EPHYS_3,3,no_reward,2,1014.26484,2510.63056,1496.36572,897.03386,2393.3995800000002,182,402,221,true,false
https://dandiarchive.s3.amazonaws.com/blobs/050/7be/0507bec5-48af-4de6-8094-ccb38f901537,615564,1199249150,EPHYS_3,3,engaged_2,3,2511.33154,4020.86124,1509.5297,2394.1005600000003,3903.6302600000004,403,704,302,true,false
https://dandiarchive.s3.amazonaws.com/blobs/3ae/b2f/3aeb2f0d-c1c1-4b50-964b-61caffa07ee9,615564,1198796984,EPHYS_1,1,engaged_1,1,126.5236,1024.95568,898.43208,0.0,898.43208,0,170,171,true,true
https://dandiarchive.s3.amazonaws.com/blobs/3ae/b2f/3aeb2f0d-c1c1-4b50-964b-61caffa07ee9,615564,1198796984,EPHYS_1,1,no_reward,2,1025.15604,2524.19302,1499.03698,898.6324400000001,2397.66942,171,593,423,true,true
https://dandiarchive.s3.amazonaws.com/blobs/3ae/b2f/3aeb2f0d-c1c1-4b50-964b-61caffa07ee9,615564,1198796984,EPHYS_1,1,engaged_2,3,2524.42681,4027.20148,1502.7746700000002,2397.90321,3900.67788,594,920,327,true,true
https://dandiarchive.s3.amazonaws.com/blobs/635/68b/63568b8b-5957-4045-b90d-d75108909249,615564,1198995158,EPHYS_2,2,engaged_1,1,124.67567,1018.80241,894.12674,0.0,894.12674,0,172,173,true,true
https://dandiarchive.s3.amazonaws.com/blobs/635/68b/63568b8b-5957-4045-b90d-d75108909249,615564,1198995158,EPHYS_2,2,no_reward,2,1018.88692,2520.15861,1501.27169,894.2112500000001,2395.48294,173,491,319,true,true
https://dandiarchive.s3.amazonaws.com/blobs/635/68b/63568b8b-5957-4045-b90d-d75108909249,615564,1198995158,EPHYS_2,2,engaged_2,3,2520.3929,4033.00819,1512.6152900000002,2395.7172299999997,3908.33252,492,746,255,true,true
https://dandiarchive.s3.amazonaws.com/blobs/932/2b8/9322b892-db03-4e77-a1cd-e428cff1307b,615564,1199448636,EPHYS_4,4,engaged_1,1,125.1054,1023.52199,898.4165899999999,0.0,898.4165899999999,0,165,166,true,false
https://dandiarchive.s3.amazonaws.com/blobs/932/2b8/9322b892-db03-4e77-a1cd-e428cff1307b,615564,1199448636,EPHYS_4,4,no_reward,2,1023.73939,2515.92012,1492.1807300000003,898.6339899999999,2390.8147200000003,166,557,392,true,false
https://dandiarchive.s3.amazonaws.com/blobs/932/2b8/9322b892-db03-4e77-a1cd-e428cff1307b,615564,1199448636,EPHYS_4,4,engaged_2,3,2516.22083,4025.09951,1508.8786799999998,2391.1154300000003,3899.99411,558,902,345,true,false
https://dandiarchive.s3.amazonaws.com/blobs/404/f88/404f882a-02c3-400f-b4d6-61772802d386,623319,1208664393,EPHYS_3,3,engaged_1,1,344.02636,1240.84115,896.8147899999999,0.0,896.8147899999999,0,213,214,true,false
https://dandiarchive.s3.amazonaws.com/blobs/404/f88/404f882a-02c3-400f-b4d6-61772802d386,623319,1208664393,EPHYS_3,3,no_reward,2,1241.20828,2739.5449,1498.3366199999998,897.18192,2395.51854,214,432,219,true,false
https://dandiarchive.s3.amazonaws.com/blobs/404/f88/404f882a-02c3-400f-b4d6-61772802d386,623319,1208664393,EPHYS_3,3,engaged_2,3,2739.77894,4246.55593,1506.7769900000003,2395.7525800000003,3902.5295700000006,433,754,322,true,false
https://dandiarchive.s3.amazonaws.com/blobs/957/44e/95744e7f-8578-44a4-99fe-df9cdaf362fe,623319,1208053773,EPHYS_2,2,engaged_1,1,130.57485,1029.15811,898.5832600000001,0.0,898.5832600000001,0,200,201,true,true
https://dandiarchive.s3.amazonaws.com/blobs/957/44e/95744e7f-8578-44a4-99fe-df9cdaf362fe,623319,1208053773,EPHYS_2,2,no_reward,2,1029.20841,2528.94617,1499.7377600000002,898.63356,2398.37132,201,418,218,true,true
https://dandiarchive.s3.amazonaws.com/blobs/957/44e/95744e7f-8578-44a4-99fe-df9cdaf362fe,623319,1208053773,EPHYS_2,2,engaged_2,3,2529.18035,4033.40541,1504.2250599999998,2398.6055,3902.83056,419,751,333,true,true
https://dandiarchive.s3.amazonaws.com/blobs/9ae/cb7/9aecb778-a5a0-4554-8b06-3af01005fea5,623319,1209073822,EPHYS_4,4,engaged_1,1,141.3899,1039.27292,897.8830200000001,0.0,897.8830200000001,0,203,204,true,true
https://dandiarchive.s3.amazonaws.com/blobs/9ae/cb7/9aecb778-a5a0-4554-8b06-3af01005fea5,623319,1209073822,EPHYS_4,4,no_reward,2,1039.32273,2533.89136,1494.56863,897.9328300000001,2392.50146,204,378,175,true,true
https://dandiarchive.s3.amazonaws.com/blobs/9ae/cb7/9aecb778-a5a0-4554-8b06-3af01005fea5,623319,1209073822,EPHYS_4,4,engaged_2,3,2534.10921,4045.90545,1511.7962400000001,2392.71931,3904.51555,379,678,300,true,true
https://dandiarchive.s3.amazonaws.com/blobs/3d6/dc4/3d6dc44c-8001-467b-be23-96ba4b22da97,623322,1200659846,EPHYS_3,3,engaged_1,1,163.4613,1061.69435,898.23305,0.0,898.23305,0,170,171,true,true
https://dandiarchive.s3.amazonaws.com/blobs/3d6/dc4/3d6dc44c-8001-467b-be23-96ba4b22da97,623322,1200659846,EPHYS_3,3,no_reward,2,1062.06131,2554.52638,1492.4650699999997,898.6000100000001,2391.06508,171,438,268,true,true
https://dandiarchive.s3.amazonaws.com/blobs/3d6/dc4/3d6dc44c-8001-467b-be23-96ba4b22da97,623322,1200659846,EPHYS_3,3,engaged_2,3,2554.76034,4065.82476,1511.0644200000002,2391.29904,3902.36346,439,651,213,true,true
https://dandiarchive.s3.amazonaws.com/blobs/5d9/4f7/5d94f7f7-daa2-4d2d-93a5-1bd2bc02e141,623322,1200471383,EPHYS_2,2,engaged_1,1,208.68786,1102.33062,893.64276,0.0,893.64276,0,155,156,true,true
https://dandiarchive.s3.amazonaws.com/blobs/5d9/4f7/5d94f7f7-daa2-4d2d-93a5-1bd2bc02e141,623322,1200471383,EPHYS_2,2,no_reward,2,1102.83104,2604.73713,1501.90609,894.14318,2396.04927,156,526,371,true,true
https://dandiarchive.s3.amazonaws.com/blobs/5d9/4f7/5d94f7f7-daa2-4d2d-93a5-1bd2bc02e141,623322,1200471383,EPHYS_2,2,engaged_2,3,2605.10406,4111.58141,1506.4773499999997,2396.4162,3902.89355,527,805,279,true,true
https://dandiarchive.s3.amazonaws.com/blobs/8b5/9fb/8b59fb00-5a25-456c-a6b8-abbb37b67e36,623322,1200260055,EPHYS_1,1,engaged_1,1,169.70224,1062.07974,892.3774999999999,0.0,892.3774999999999,0,138,139,true,false
https://dandiarchive.s3.amazonaws.com/blobs/8b5/9fb/8b59fb00-5a25-456c-a6b8-abbb37b67e36,623322,1200260055,EPHYS_1,1,no_reward,2,1062.3135,2565.75463,1503.44113,892.61126,2396.05239,139,475,337,true,false
https://dandiarchive.s3.amazonaws.com/blobs/8b5/9fb/8b59fb00-5a25-456c-a6b8-abbb37b67e36,623322,1200260055,EPHYS_1,1,engaged_2,3,2566.00668,4074.08487,1508.0781900000002,2396.30444,3904.38263,476,721,246,true,false
https://dandiarchive.s3.amazonaws.com/blobs/d0e/7e5/d0e7e549-f015-47fe-baa5-db8170c52771,623322,1200878248,EPHYS_4,4,engaged_1,1,127.43348,1025.81746,898.38398,0.0,898.38398,0,159,160,true,true
https://dandiarchive.s3.amazonaws.com/blobs/d0e/7e5/d0e7e549-f015-47fe-baa5-db8170c52771,623322,1200878248,EPHYS_4,4,no_reward,2,1026.07008,2523.55409,1497.4840100000001,898.6365999999999,2396.12061,160,454,295,true,true
https://dandiarchive.s3.amazonaws.com/blobs/d0e/7e5/d0e7e549-f015-47fe-baa5-db8170c52771,623322,1200878248,EPHYS_4,4,engaged_2,3,2523.793,4030.60007,1506.8070699999998,2396.35952,3903.16659,455,726,272,true,true
https://dandiarchive.s3.amazonaws.com/blobs/1bd/46d/1bd46d10-cc18-492e-86d4-27213cbfba1c,623784,1202644967,EPHYS_2,2,engaged_1,1,179.91899,1076.84921,896.9302200000001,0.0,896.9302200000001,0,242,243,true,true
https://dandiarchive.s3.amazonaws.com/blobs/1bd/46d/1bd46d10-cc18-492e-86d4-27213cbfba1c,623784,1202644967,EPHYS_2,2,no_reward,2,1077.0829,2572.43366,1495.35076,897.1639100000001,2392.51467,243,604,362,true,true
https://dandiarchive.s3.amazonaws.com/blobs/1bd/46d/1bd46d10-cc18-492e-86d4-27213cbfba1c,623784,1202644967,EPHYS_2,2,engaged_2,3,2572.60038,4081.66305,1509.0626700000003,2392.6813899999997,3901.74406,605,948,344,true,true
https://dandiarchive.s3.amazonaws.com/blobs/912/b96/912b96b6-4caa-42bf-9a1c-9cdb604bda77,623784,1203574877,EPHYS_3,3,engaged_1,1,132.01279,1029.97897,897.9661799999999,0.0,897.9661799999999,0,205,206,true,false
https://dandiarchive.s3.amazonaws.com/blobs/912/b96/912b96b6-4caa-42bf-9a1c-9cdb604bda77,623784,1203574877,EPHYS_3,3,no_reward,2,1030.66291,2528.53269,1497.86978,898.65012,2396.5199000000002,206,502,297,true,false
https://dandiarchive.s3.amazonaws.com/blobs/912/b96/912b96b6-4caa-42bf-9a1c-9cdb604bda77,623784,1203574877,EPHYS_3,3,engaged_2,3,2529.16629,4032.27869,1503.1124,2397.1535000000003,3900.2659000000003,503,844,342,true,false
https://dandiarchive.s3.amazonaws.com/blobs/9a4/25c/9a425c2d-dc68-407e-8c40-52922bc1fea9,623784,1204636084,EPHYS_4,4,engaged_1,1,128.48604,1025.28397,896.79793,0.0,896.79793,0,216,217,true,false
https://dandiarchive.s3.amazonaws.com/blobs/9a4/25c/9a425c2d-dc68-407e-8c40-52922bc1fea9,623784,1204636084,EPHYS_4,4,no_reward,2,1025.70127,2524.0207,1498.31943,897.21523,2395.5346600000003,217,643,427,true,false
https://dandiarchive.s3.amazonaws.com/blobs/9a4/25c/9a425c2d-dc68-407e-8c40-52922bc1fea9,623784,1204636084,EPHYS_4,4,engaged_2,3,2524.255,4028.51228,1504.2572799999998,2395.7689600000003,3900.02624,644,1027,384,true,false
https://dandiarchive.s3.amazonaws.com/blobs/abc/f33/abcf33cb-a783-47f9-be38-2ffdc58b957c,623784,1202438738,EPHYS_1,1,engaged_1,1,125.60458,1022.97061,897.3660299999999,0.0,897.3660299999999,0,192,193,true,false
https://dandiarchive.s3.amazonaws.com/blobs/abc/f33/abcf33cb-a783-47f9-be38-2ffdc58b957c,623784,1202438738,EPHYS_1,1,no_reward,2,1023.52169,2523.07567,1499.5539800000001,897.9171100000001,2397.47109,193,675,483,true,false
https://dandiarchive.s3.amazonaws.com/blobs/abc/f33/abcf33cb-a783-47f9-be38-2ffdc58b957c,623784,1202438738,EPHYS_1,1,engaged_2,3,2523.54245,4029.05207,1505.5096200000003,2397.9378699999997,3903.44749,676,1000,325,true,false
https://dandiarchive.s3.amazonaws.com/blobs/1ac/392/1ac392f0-b27d-4d64-bd96-976288848e9a,623786,1210343162,EPHYS_1,1,engaged_1,1,136.32311,1034.77382,898.4507099999998,0.0,898.4507099999998,0,182,183,true,false
https://dandiarchive.s3.amazonaws.com/blobs/1ac/392/1ac392f0-b27d-4d64-bd96-976288848e9a,623786,1210343162,EPHYS_1,1,no_reward,2,1035.00908,2531.84156,1496.8324799999998,898.68597,2395.51845,183,873,691,true,false
https://dandiarchive.s3.amazonaws.com/blobs/1ac/392/1ac392f0-b27d-4d64-bd96-976288848e9a,623786,1210343162,EPHYS_1,1,engaged_2,3,2531.97521,4038.00194,1506.02673,2395.6521000000002,3901.6788300000003,874,1181,308,true,false
https://dandiarchive.s3.amazonaws.com/blobs/4d3/55e/4d355e88-34ef-43e9-ba82-b9496b312da3,623786,1211232400,EPHYS_4,4,engaged_1,1,162.7342,1058.80036,896.06616,0.0,896.06616,0,171,172,true,false
https://dandiarchive.s3.amazonaws.com/blobs/4d3/55e/4d355e88-34ef-43e9-ba82-b9496b312da3,623786,1211232400,EPHYS_4,4,no_reward,2,1059.13647,2557.37041,1498.23394,896.4022699999999,2394.63621,172,388,217,true,false
https://dandiarchive.s3.amazonaws.com/blobs/4d3/55e/4d355e88-34ef-43e9-ba82-b9496b312da3,623786,1211232400,EPHYS_4,4,engaged_2,3,2557.60929,4067.05233,1509.44304,2394.87509,3904.31813,389,669,281,true,false
https://dandiarchive.s3.amazonaws.com/blobs/a3f/49c/a3f49c1c-0ca2-4e5b-8867-f27db4227228,623786,1210608527,EPHYS_2,2,engaged_1,1,126.162,1023.59274,897.43074,0.0,897.43074,0,173,174,true,true
https://dandiarchive.s3.amazonaws.com/blobs/a3f/49c/a3f49c1c-0ca2-4e5b-8867-f27db4227228,623786,1210608527,EPHYS_2,2,no_reward,2,1024.07667,2517.52546,1493.44879,897.9146699999999,2391.36346,174,474,301,true,true
https://dandiarchive.s3.amazonaws.com/blobs/a3f/49c/a3f49c1c-0ca2-4e5b-8867-f27db4227228,623786,1210608527,EPHYS_2,2,engaged_2,3,2518.10926,4029.89058,1511.78132,2391.9472600000004,3903.7285800000004,475,731,257,true,true
https://dandiarchive.s3.amazonaws.com/blobs/cd5/f63/cd5f6323-15e9-4c59-b36c-477c6daead5a,623786,1210863396,EPHYS_3,3,engaged_1,1,157.13161,1050.92628,893.7946699999999,0.0,893.7946699999999,0,186,187,true,true
https://dandiarchive.s3.amazonaws.com/blobs/cd5/f63/cd5f6323-15e9-4c59-b36c-477c6daead5a,623786,1210863396,EPHYS_3,3,no_reward,2,1051.35942,2554.43315,1503.0737299999998,894.22781,2397.30154,187,441,255,true,true
https://dandiarchive.s3.amazonaws.com/blobs/cd5/f63/cd5f6323-15e9-4c59-b36c-477c6daead5a,623786,1210863396,EPHYS_3,3,engaged_2,3,2554.45026,4060.25994,1505.8096799999998,2397.31865,3903.12833,442,700,259,true,true
https://dandiarchive.s3.amazonaws.com/blobs/4bd/cd2/4bdcd217-633c-4841-a9b1-208c117f5ea3,626279,1214217748,EPHYS_1,1,engaged_1,1,635.70498,1529.18533,893.48035,0.0,893.48035,0,168,169,true,true
https://dandiarchive.s3.amazonaws.com/blobs/4bd/cd2/4bdcd217-633c-4841-a9b1-208c117f5ea3,626279,1214217748,EPHYS_1,1,no_reward,2,1529.18533,3029.03899,1499.85366,893.48035,2393.33401,169,434,266,true,true
https://dandiarchive.s3.amazonaws.com/blobs/4bd/cd2/4bdcd217-633c-4841-a9b1-208c117f5ea3,626279,1214217748,EPHYS_1,1,engaged_2,3,3029.27277,4536.75092,1507.4781500000004,2393.56779,3901.0459400000004,435,750,316,true,true
https://dandiarchive.s3.amazonaws.com/blobs/588/a20/588a202a-4fc5-4cc5-96cd-84a5cabd3756,626279,1214409109,EPHYS_2,2,engaged_1,1,138.67345,1034.15452,895.48107,0.0,895.48107,0,146,147,true,false
https://dandiarchive.s3.amazonaws.com/blobs/588/a20/588a202a-4fc5-4cc5-96cd-84a5cabd3756,626279,1214409109,EPHYS_2,2,no_reward,2,1034.40534,2533.50936,1499.10402,895.73189,2394.83591,147,332,186,true,false
https://dandiarchive.s3.amazonaws.com/blobs/588/a20/588a202a-4fc5-4cc5-96cd-84a5cabd3756,626279,1214409109,EPHYS_2,2,engaged_2,3,2533.74356,4046.27502,1512.5314600000002,2395.0701099999997,3907.60157,333,572,240,true,false
https://dandiarchive.s3.amazonaws.com/blobs/922/bef/922bef73-695d-4dd9-9d17-15fd387f5ee5,626279,1214740195,EPHYS_4,4,engaged_1,1,131.20612,1027.30319,896.09707,0.0,896.09707,0,213,214,true,false
https://dandiarchive.s3.amazonaws.com/blobs/922/bef/922bef73-695d-4dd9-9d17-15fd387f5ee5,626279,1214740195,EPHYS_4,4,no_reward,2,1027.53684,2529.45986,1501.92302,896.3307199999999,2398.25374,214,413,200,true,false
https://dandiarchive.s3.amazonaws.com/blobs/922/bef/922bef73-695d-4dd9-9d17-15fd387f5ee5,626279,1214740195,EPHYS_4,4,engaged_2,3,2529.72701,4031.4172,1501.6901899999998,2398.5208900000002,3900.21108,414,713,300,true,false
https://dandiarchive.s3.amazonaws.com/blobs/97c/539/97c5397d-8abf-4938-ab34-681220e26999,626279,1214566710,EPHYS_3,3,engaged_1,1,142.51878,1040.41597,897.89719,0.0,897.89719,0,175,176,true,false
https://dandiarchive.s3.amazonaws.com/blobs/97c/539/97c5397d-8abf-4938-ab34-681220e26999,626279,1214566710,EPHYS_3,3,no_reward,2,1041.15006,2534.13196,1492.9819000000002,898.63128,2391.6131800000003,176,383,208,true,false
https://dandiarchive.s3.amazonaws.com/blobs/97c/539/97c5397d-8abf-4938-ab34-681220e26999,626279,1214566710,EPHYS_3,3,engaged_2,3,2534.36582,4046.84727,1512.4814500000002,2391.84704,3904.3284900000003,384,631,248,true,false
https://dandiarchive.s3.amazonaws.com/blobs/17d/ce1/17dce1a6-9218-4477-a99a-980a2903ed1b,632295,1218577463,EPHYS_1,1,engaged_1,1,1658.63446,2555.13276,896.4983,0.0,896.4983,0,220,221,true,false
https://dandiarchive.s3.amazonaws.com/blobs/17d/ce1/17dce1a6-9218-4477-a99a-980a2903ed1b,632295,1218577463,EPHYS_1,1,no_reward,2,2555.80031,4057.05561,1501.2552999999998,897.1658500000001,2398.42115,221,507,287,true,false
https://dandiarchive.s3.amazonaws.com/blobs/17d/ce1/17dce1a6-9218-4477-a99a-980a2903ed1b,632295,1218577463,EPHYS_1,1,engaged_2,3,4057.27382,5558.6291,1501.3552800000002,2398.63936,3899.99464,508,792,285,true,false
https://dandiarchive.s3.amazonaws.com/blobs/708/8bf/7088bfa9-4f4c-467d-acb3-e1ca622632db,632295,1219401111,EPHYS_4,4,engaged_1,1,1559.3238,2453.30342,893.9796200000003,0.0,893.9796200000003,0,181,182,true,false
https://dandiarchive.s3.amazonaws.com/blobs/708/8bf/7088bfa9-4f4c-467d-acb3-e1ca622632db,632295,1219401111,EPHYS_4,4,no_reward,2,2453.47022,3952.60806,1499.1378399999999,894.1464200000003,2393.2842600000004,182,443,262,true,false
https://dandiarchive.s3.amazonaws.com/blobs/708/8bf/7088bfa9-4f4c-467d-acb3-e1ca622632db,632295,1219401111,EPHYS_4,4,engaged_2,3,3952.84187,5465.37502,1512.5331500000002,2393.51807,3906.0512200000003,444,706,263,true,false
https://dandiarchive.s3.amazonaws.com/blobs/8bb/124/8bb12481-57e1-4f9d-95f0-c2ec49f2e338,632295,1218795542,EPHYS_2,2,engaged_1,1,1678.3916,2576.71144,898.3198400000001,0.0,898.3198400000001,0,235,236,true,true
https://dandiarchive.s3.amazonaws.com/blobs/8bb/124/8bb12481-57e1-4f9d-95f0-c2ec49f2e338,632295,1218795542,EPHYS_2,2,no_reward,2,2577.13084,4074.61354,1497.4827,898.7392399999999,2396.22194,236,516,281,true,true
https://dandiarchive.s3.amazonaws.com/blobs/8bb/124/8bb12481-57e1-4f9d-95f0-c2ec49f2e338,632295,1218795542,EPHYS_2,2,engaged_2,3,4074.85204,5579.24151,1504.3894699999996,2396.4604400000003,3900.84991,517,791,275,true,true
https://dandiarchive.s3.amazonaws.com/blobs/db1/7c5/db17c503-6c6e-44c4-921f-4b0ddfa6dbdb,632295,1219127153,EPHYS_3,3,engaged_1,1,1559.61664,2447.2247,887.6080600000003,0.0,887.6080600000003,0,214,215,true,true
https://dandiarchive.s3.amazonaws.com/blobs/db1/7c5/db17c503-6c6e-44c4-921f-4b0ddfa6dbdb,632295,1219127153,EPHYS_3,3,no_reward,2,2447.87539,3954.4686,1506.59321,888.2587500000002,2394.85196,215,432,218,true,true
https://dandiarchive.s3.amazonaws.com/blobs/db1/7c5/db17c503-6c6e-44c4-921f-4b0ddfa6dbdb,632295,1219127153,EPHYS_3,3,engaged_2,3,3954.70259,5465.73335,1511.0307600000006,2395.0859499999997,3906.1167100000002,433,720,288,true,true
https://dandiarchive.s3.amazonaws.com/blobs/208/c19/208c19d2-d4b2-41a9-8568-e9ec9d6291a3,633232,1225178442,EPHYS_4,4,engaged_1,1,1559.58371,2456.08113,896.4974199999999,0.0,896.4974199999999,0,227,228,true,false
https://dandiarchive.s3.amazonaws.com/blobs/208/c19/208c19d2-d4b2-41a9-8568-e9ec9d6291a3,633232,1225178442,EPHYS_4,4,no_reward,2,2456.79883,3953.68416,1496.8853299999996,897.2151200000001,2394.10045,228,465,238,true,false
https://dandiarchive.s3.amazonaws.com/blobs/208/c19/208c19d2-d4b2-41a9-8568-e9ec9d6291a3,633232,1225178442,EPHYS_4,4,engaged_2,3,3953.90102,5462.78008,1508.8790600000007,2394.3173099999995,3903.1963700000006,466,820,355,true,false
https://dandiarchive.s3.amazonaws.com/blobs/4cb/2ca/4cb2cabe-f8a3-4e7e-9065-718d65e5ea3f,633232,1224635971,EPHYS_2,2,engaged_1,1,1558.96233,2454.16,895.1976699999998,0.0,895.1976699999998,0,197,198,true,false
https://dandiarchive.s3.amazonaws.com/blobs/4cb/2ca/4cb2cabe-f8a3-4e7e-9065-718d65e5ea3f,633232,1224635971,EPHYS_2,2,no_reward,2,2454.64419,3956.91759,1502.2734,895.6818599999999,2397.9552599999997,198,397,200,true,false
https://dandiarchive.s3.amazonaws.com/blobs/4cb/2ca/4cb2cabe-f8a3-4e7e-9065-718d65e5ea3f,633232,1224635971,EPHYS_2,2,engaged_2,3,3957.00092,5465.12996,1508.1290400000003,2398.03859,3906.16763,398,589,192,true,false
https://dandiarchive.s3.amazonaws.com/blobs/758/757/7587577c-c208-438d-9246-8e12c720a91b,633232,1224385827,EPHYS_1,1,engaged_1,1,1559.12334,2457.00723,897.8838900000001,0.0,897.8838900000001,0,342,343,true,false
https://dandiarchive.s3.amazonaws.com/blobs/758/757/7587577c-c208-438d-9246-8e12c720a91b,633232,1224385827,EPHYS_1,1,no_reward,2,2457.00723,3950.7903,1493.78307,897.8838900000001,2391.66696,343,642,300,true,false
https://dandiarchive.s3.amazonaws.com/blobs/758/757/7587577c-c208-438d-9246-8e12c720a91b,633232,1224385827,EPHYS_1,1,engaged_2,3,3951.02397,5468.9109,1517.8869299999997,2391.90063,3909.7875599999998,643,962,320,true,false
https://dandiarchive.s3.amazonaws.com/blobs/e64/266/e642660d-05ba-4a34-a104-de354fd9c83a,633232,1224928532,EPHYS_3,3,engaged_1,1,1559.38575,2458.33609,898.9503399999999,0.0,898.9503399999999,0,192,193,true,false
https://dandiarchive.s3.amazonaws.com/blobs/e64/266/e642660d-05ba-4a34-a104-de354fd9c83a,633232,1224928532,EPHYS_3,3,no_reward,2,2458.75345,3957.79042,1499.0369699999997,899.3677000000002,2398.40467,193,456,264,true,false
https://dandiarchive.s3.amazonaws.com/blobs/e64/266/e642660d-05ba-4a34-a104-de354fd9c83a,633232,1224928532,EPHYS_3,3,engaged_2,3,3958.02462,5466.11892,1508.0942999999997,2398.63887,3906.73317,457,727,271,true,false
https://dandiarchive.s3.amazonaws.com/blobs/2d2/988/2d298808-6dde-4ebb-bedd-fa2de1e683d2,636740,1226780656,EPHYS_4,4,engaged_1,1,1559.09988,2452.52983,893.42995,0.0,893.42995,0,140,141,true,false
https://dandiarchive.s3.amazonaws.com/blobs/2d2/988/2d298808-6dde-4ebb-bedd-fa2de1e683d2,636740,1226780656,EPHYS_4,4,no_reward,2,2453.26333,3958.03836,1504.7750299999998,894.1634500000002,2398.93848,141,365,225,true,false
https://dandiarchive.s3.amazonaws.com/blobs/2d2/988/2d298808-6dde-4ebb-bedd-fa2de1e683d2,636740,1226780656,EPHYS_4,4,engaged_2,3,3958.48869,5459.74449,1501.2558,2399.3888100000004,3900.6446100000003,366,619,254,true,false
https://dandiarchive.s3.amazonaws.com/blobs/548/e95/548e9593-494c-49ca-9ff0-8285e38c3acd,636740,1226528572,EPHYS_3,3,engaged_1,1,1559.18143,2457.24606,898.0646299999999,0.0,898.0646299999999,0,152,153,true,true
https://dandiarchive.s3.amazonaws.com/blobs/548/e95/548e9593-494c-49ca-9ff0-8285e38c3acd,636740,1226528572,EPHYS_3,3,no_reward,2,2457.88006,3956.96818,1499.08812,898.6986299999999,2397.7867499999998,153,347,195,true,true
https://dandiarchive.s3.amazonaws.com/blobs/548/e95/548e9593-494c-49ca-9ff0-8285e38c3acd,636740,1226528572,EPHYS_3,3,engaged_2,3,3957.20425,5464.56209,1507.3578400000006,2398.0228199999997,3905.3806600000003,348,568,221,true,true
https://dandiarchive.s3.amazonaws.com/blobs/f0c/39c/f0c39cce-3f08-4bbe-8fac-b1942b204ff6,636740,1226010097,EPHYS_1,1,engaged_1,1,1559.66713,2457.38301,897.71588,0.0,897.71588,0,109,110,true,false
https://dandiarchive.s3.amazonaws.com/blobs/f0c/39c/f0c39cce-3f08-4bbe-8fac-b1942b204ff6,636740,1226010097,EPHYS_1,1,no_reward,2,2457.61718,3949.13079,1491.51361,897.9500500000001,2389.4636600000003,110,283,174,true,false
https://dandiarchive.s3.amazonaws.com/blobs/f0c/39c/f0c39cce-3f08-4bbe-8fac-b1942b204ff6,636740,1226010097,EPHYS_1,1,engaged_2,3,3949.36461,5463.38127,1514.0166599999998,2389.69748,3903.71414,284,471,188,true,false
https://dandiarchive.s3.amazonaws.com/blobs/f5f/cc2/f5fcc2ca-f86f-4533-8e69-479f32781517,636740,1226251663,EPHYS_2,2,engaged_1,1,1559.07574,2453.98945,894.91371,0.0,894.91371,0,161,162,true,false
https://dandiarchive.s3.amazonaws.com/blobs/f5f/cc2/f5fcc2ca-f86f-4533-8e69-479f32781517,636740,1226251663,EPHYS_2,2,no_reward,2,2454.00622,3953.12664,1499.1204199999997,894.9304800000002,2394.0509,162,350,189,true,false
https://dandiarchive.s3.amazonaws.com/blobs/f5f/cc2/f5fcc2ca-f86f-4533-8e69-479f32781517,636740,1226251663,EPHYS_2,2,engaged_2,3,3953.34387,5462.5063,1509.1624299999999,2394.2681300000004,3903.43056,351,554,204,true,false
https://dandiarchive.s3.amazonaws.com/blobs/994/5a0/9945a088-2bea-49d3-8375-64eea7550062,637483,1227855488,EPHYS_2,2,engaged_1,1,1559.25781,2456.19056,896.9327499999999,0.0,896.9327499999999,0,147,148,true,false
https://dandiarchive.s3.amazonaws.com/blobs/994/5a0/9945a088-2bea-49d3-8375-64eea7550062,637483,1227855488,EPHYS_2,2,no_reward,2,2456.42409,3955.37759,1498.9535,897.1662799999999,2396.11978,148,431,284,true,false
https://dandiarchive.s3.amazonaws.com/blobs/994/5a0/9945a088-2bea-49d3-8375-64eea7550062,637483,1227855488,EPHYS_2,2,engaged_2,3,3955.61164,5463.0436,1507.43196,2396.35383,3903.78579,432,696,265,true,false
https://dandiarchive.s3.amazonaws.com/blobs/9d2/6e8/9d26e823-d653-42f0-a3ff-fcb202d7a66a,637483,1228018071,EPHYS_3,3,engaged_1,1,1559.66514,2451.05903,891.3938899999998,0.0,891.3938899999998,0,161,162,true,false
https://dandiarchive.s3.amazonaws.com/blobs/9d2/6e8/9d26e823-d653-42f0-a3ff-fcb202d7a66a,637483,1228018071,EPHYS_3,3,no_reward,2,2451.57625,3954.43307,1502.85682,891.91111,2394.76793,162,440,279,true,false
https://dandiarchive.s3.amazonaws.com/blobs/9d2/6e8/9d26e823-d653-42f0-a3ff-fcb202d7a66a,637483,1228018071,EPHYS_3,3,engaged_2,3,3954.68373,5466.56519,1511.88146,2395.01859,3906.90005,441,726,286,true,false
https://dandiarchive.s3.amazonaws.com/blobs/abe/045/abe045a7-cd57-4618-a695-02068dbb75c1,637483,1227622013,EPHYS_1,1,engaged_1,1,1559.55321,2449.31226,889.7590500000001,0.0,889.7590500000001,0,137,138,true,true
https://dandiarchive.s3.amazonaws.com/blobs/abe/045/abe045a7-cd57-4618-a695-02068dbb75c1,637483,1227622013,EPHYS_1,1,no_reward,2,2449.9965,3956.00551,1506.0090099999998,890.4432900000002,2396.4523,138,575,438,true,true
https://dandiarchive.s3.amazonaws.com/blobs/abe/045/abe045a7-cd57-4618-a695-02068dbb75c1,637483,1227622013,EPHYS_1,1,engaged_2,3,3956.75611,5463.08272,1506.3266100000005,2397.2028999999998,3903.5295100000003,576,789,214,true,true
https://dandiarchive.s3.amazonaws.com/blobs/207/67e/20767ee0-0250-4a1d-9283-45f07c724d92,637488,1230732154,EPHYS_1,1,engaged_1,1,1593.17565,2483.35217,890.1765200000002,0.0,890.1765200000002,0,99,100,true,false
https://dandiarchive.s3.amazonaws.com/blobs/207/67e/20767ee0-0250-4a1d-9283-45f07c724d92,637488,1230732154,EPHYS_1,1,no_reward,2,2483.58597,3990.89626,1507.31029,890.4103200000002,2397.7206100000003,100,269,170,true,false
https://dandiarchive.s3.amazonaws.com/blobs/207/67e/20767ee0-0250-4a1d-9283-45f07c724d92,637488,1230732154,EPHYS_1,1,engaged_2,3,3991.14651,5500.75949,1509.6129800000003,2397.9708600000004,3907.5838400000002,270,438,169,true,false
https://dandiarchive.s3.amazonaws.com/blobs/548/45e/54845e01-187e-4d6b-858a-071e0675a0de,637488,1231476077,EPHYS_4,4,engaged_1,1,1559.30636,2454.73841,895.4320499999999,0.0,895.4320499999999,0,122,123,true,false
https://dandiarchive.s3.amazonaws.com/blobs/548/45e/54845e01-187e-4d6b-858a-071e0675a0de,637488,1231476077,EPHYS_4,4,no_reward,2,2454.97192,3950.35589,1495.3839699999999,895.6655599999999,2391.04953,123,306,184,true,false
https://dandiarchive.s3.amazonaws.com/blobs/548/45e/54845e01-187e-4d6b-858a-071e0675a0de,637488,1231476077,EPHYS_4,4,engaged_2,3,3950.58944,5461.65309,1511.0636499999996,2391.28308,3902.3467299999998,307,494,188,true,false
https://dandiarchive.s3.amazonaws.com/blobs/b2e/656/b2e6563b-6164-4f85-ab61-a16d682acc5a,637488,1230962048,EPHYS_2,2,engaged_1,1,1592.59381,2484.28651,891.6926999999998,0.0,891.6926999999998,0,105,106,true,false
https://dandiarchive.s3.amazonaws.com/blobs/b2e/656/b2e6563b-6164-4f85-ab61-a16d682acc5a,637488,1230962048,EPHYS_2,2,no_reward,2,2484.52034,3987.27681,1502.7564699999998,891.92653,2394.683,106,272,167,true,false
https://dandiarchive.s3.amazonaws.com/blobs/b2e/656/b2e6563b-6164-4f85-ab61-a16d682acc5a,637488,1230962048,EPHYS_2,2,engaged_2,3,3987.51073,5494.10448,1506.59375,2394.9169199999997,3901.5106699999997,273,451,179,true,false
https://dandiarchive.s3.amazonaws.com/blobs/d66/dd6/d66dd6e8-811f-4763-9d8f-69071ba64b62,637488,1231219674,EPHYS_3,3,engaged_1,1,1606.93674,2505.36716,898.4304199999997,0.0,898.4304199999997,0,139,140,true,false
https://dandiarchive.s3.amazonaws.com/blobs/d66/dd6/d66dd6e8-811f-4763-9d8f-69071ba64b62,637488,1231219674,EPHYS_3,3,no_reward,2,2505.60128,3998.54946,1492.9481800000003,898.6645399999998,2391.61272,140,314,175,true,false
https://dandiarchive.s3.amazonaws.com/blobs/d66/dd6/d66dd6e8-811f-4763-9d8f-69071ba64b62,637488,1231219674,EPHYS_3,3,engaged_2,3,3998.78341,5514.31736,1515.53395,2391.84667,3907.38062,315,525,211,true,false
https://dandiarchive.s3.amazonaws.com/blobs/670/d01/670d01b8-e344-45cf-b21d-c26022721b85,638387,1229887685,EPHYS_3,3,engaged_1,1,1903.99318,2801.65716,897.6639800000003,0.0,897.6639800000003,0,159,160,true,false
https://dandiarchive.s3.amazonaws.com/blobs/670/d01/670d01b8-e344-45cf-b21d-c26022721b85,638387,1229887685,EPHYS_3,3,no_reward,2,2801.89117,4300.92947,1499.0383000000002,897.8979899999999,2396.93629,160,518,359,true,false
https://dandiarchive.s3.amazonaws.com/blobs/670/d01/670d01b8-e344-45cf-b21d-c26022721b85,638387,1229887685,EPHYS_3,3,engaged_2,3,4301.1651,5811.47545,1510.3103499999997,2397.1719200000002,3907.48227,519,833,315,true,false
https://dandiarchive.s3.amazonaws.com/blobs/902/f95/902f95dc-adc9-4fdb-97ba-0de52800a5e4,638387,1230064747,EPHYS_4,4,engaged_1,1,1612.09468,2506.04124,893.9465600000001,0.0,893.9465600000001,0,182,183,true,false
https://dandiarchive.s3.amazonaws.com/blobs/902/f95/902f95dc-adc9-4fdb-97ba-0de52800a5e4,638387,1230064747,EPHYS_4,4,no_reward,2,2506.27525,4006.34634,1500.07109,894.1805700000002,2394.25166,183,593,411,true,false
https://dandiarchive.s3.amazonaws.com/blobs/902/f95/902f95dc-adc9-4fdb-97ba-0de52800a5e4,638387,1230064747,EPHYS_4,4,engaged_2,3,4007.01359,5514.20837,1507.1947800000003,2394.9189100000003,3902.11369,594,953,360,true,false
https://dandiarchive.s3.amazonaws.com/blobs/9c5/a03/9c5a0313-cb5b-45b6-9e66-5bb6aac04f2c,638387,1229429400,EPHYS_1,1,engaged_1,1,1558.93463,2452.19729,893.2626600000001,0.0,893.2626600000001,0,152,153,true,false
https://dandiarchive.s3.amazonaws.com/blobs/9c5/a03/9c5a0313-cb5b-45b6-9e66-5bb6aac04f2c,638387,1229429400,EPHYS_1,1,no_reward,2,2452.41473,3949.96739,1497.5526599999998,893.4801,2391.03276,153,369,217,true,false
https://dandiarchive.s3.amazonaws.com/blobs/9c5/a03/9c5a0313-cb5b-45b6-9e66-5bb6aac04f2c,638387,1229429400,EPHYS_1,1,engaged_2,3,3950.20144,5468.8555,1518.6540599999998,2391.26681,3909.92087,370,627,258,true,false
https://dandiarchive.s3.amazonaws.com/blobs/d8b/8a9/d8b8a9fb-eda0-459f-a722-60a69961c992,638387,1229654875,EPHYS_2,2,engaged_1,1,1559.03053,2457.46375,898.4332199999999,0.0,898.4332199999999,0,155,156,true,true
https://dandiarchive.s3.amazonaws.com/blobs/d8b/8a9/d8b8a9fb-eda0-459f-a722-60a69961c992,638387,1229654875,EPHYS_2,2,no_reward,2,2457.69869,3957.95232,1500.2536299999997,898.6681600000002,2398.92179,156,676,521,true,true
https://dandiarchive.s3.amazonaws.com/blobs/d8b/8a9/d8b8a9fb-eda0-459f-a722-60a69961c992,638387,1229654875,EPHYS_2,2,engaged_2,3,3958.45268,5460.56083,1502.1081500000005,2399.42215,3901.5303000000004,677,1100,424,true,true
https://dandiarchive.s3.amazonaws.com/blobs/362/b4b/362b4b76-85f6-4074-b456-db33393f45c0,640887,1234028213,EPHYS_1,1,engaged_1,1,1568.31857,2460.79701,892.4784399999999,0.0,892.4784399999999,0,147,148,true,false
https://dandiarchive.s3.amazonaws.com/blobs/362/b4b/362b4b76-85f6-4074-b456-db33393f45c0,640887,1234028213,EPHYS_1,1,no_reward,2,2461.03092,3961.65224,1500.6213199999997,892.7123500000002,2393.33367,148,368,221,true,false
https://dandiarchive.s3.amazonaws.com/blobs/362/b4b/362b4b76-85f6-4074-b456-db33393f45c0,640887,1234028213,EPHYS_1,1,engaged_2,3,3961.88631,5468.4988,1506.6124900000004,2393.56774,3900.1802300000004,369,595,227,true,false
https://dandiarchive.s3.amazonaws.com/blobs/584/1b8/5841b844-3102-4b4f-8f2c-e4cd23ec8f45,640887,1234203203,EPHYS_2,2,engaged_1,1,1568.24556,2462.65879,894.4132299999999,0.0,894.4132299999999,0,137,138,true,true
https://dandiarchive.s3.amazonaws.com/blobs/584/1b8/5841b844-3102-4b4f-8f2c-e4cd23ec8f45,640887,1234203203,EPHYS_2,2,no_reward,2,2463.24282,3959.37677,1496.13395,894.9972599999999,2391.1312099999996,138,334,197,true,true
https://dandiarchive.s3.amazonaws.com/blobs/584/1b8/5841b844-3102-4b4f-8f2c-e4cd23ec8f45,640887,1234203203,EPHYS_2,2,engaged_2,3,3959.61065,5471.492,1511.88135,2391.3650900000002,3903.24644,335,556,222,true,true
https://dandiarchive.s3.amazonaws.com/blobs/cfc/bf1/cfcbf155-cb15-455d-8450-0ef256540990,640887,1234410451,EPHYS_3,3,engaged_1,1,1568.51877,2466.18565,897.66688,0.0,897.66688,0,127,128,true,true
https://dandiarchive.s3.amazonaws.com/blobs/cfc/bf1/cfcbf155-cb15-455d-8450-0ef256540990,640887,1234410451,EPHYS_3,3,no_reward,2,2466.42111,3961.73599,1495.31488,897.9023400000003,2393.2172200000005,128,330,203,true,true
https://dandiarchive.s3.amazonaws.com/blobs/cfc/bf1/cfcbf155-cb15-455d-8450-0ef256540990,640887,1234410451,EPHYS_3,3,engaged_2,3,3961.96943,5473.76785,1511.79842,2393.4506600000004,3905.2490800000005,331,543,213,true,true
https://dandiarchive.s3.amazonaws.com/blobs/13d/b29/13db29ff-1454-412d-8680-ecd7a38c6f95,640890,1232430325,EPHYS_1,1,engaged_1,1,1566.66904,2458.44739,891.7783499999998,0.0,891.7783499999998,0,125,126,true,true
https://dandiarchive.s3.amazonaws.com/blobs/13d/b29/13db29ff-1454-412d-8680-ecd7a38c6f95,640890,1232430325,EPHYS_1,1,no_reward,2,2458.68105,3960.68706,1502.00601,892.0120100000001,2394.0180200000004,126,332,207,true,true
https://dandiarchive.s3.amazonaws.com/blobs/13d/b29/13db29ff-1454-412d-8680-ecd7a38c6f95,640890,1232430325,EPHYS_1,1,engaged_2,3,3960.92135,5468.74863,1507.82728,2394.25231,3902.0795900000003,333,569,237,true,true
https://dandiarchive.s3.amazonaws.com/blobs/19d/56b/19d56bf0-7ecb-4c4f-b08d-3f05701ae315,640890,1232954220,EPHYS_3,3,engaged_1,1,1559.78176,2455.82991,896.0481499999999,0.0,896.0481499999999,0,151,152,true,false
https://dandiarchive.s3.amazonaws.com/blobs/19d/56b/19d56bf0-7ecb-4c4f-b08d-3f05701ae315,640890,1232954220,EPHYS_3,3,no_reward,2,2456.26402,3958.28633,1502.0223099999998,896.48226,2398.50457,152,378,227,true,false
https://dandiarchive.s3.amazonaws.com/blobs/19d/56b/19d56bf0-7ecb-4c4f-b08d-3f05701ae315,640890,1232954220,EPHYS_3,3,engaged_2,3,3958.5205,5462.1321,1503.6115999999997,2398.73874,3902.35034,379,626,248,true,false
https://dandiarchive.s3.amazonaws.com/blobs/2b3/c82/2b3c82b7-a1e0-42ac-a96d-cfc0fac219b7,640890,1233182785,EPHYS_4,4,engaged_1,1,1559.96095,2451.32208,891.36113,0.0,891.36113,0,176,177,true,false
https://dandiarchive.s3.amazonaws.com/blobs/2b3/c82/2b3c82b7-a1e0-42ac-a96d-cfc0fac219b7,640890,1233182785,EPHYS_4,4,no_reward,2,2451.83901,3956.91469,1505.07568,891.8780600000002,2396.95374,177,398,222,true,false
https://dandiarchive.s3.amazonaws.com/blobs/2b3/c82/2b3c82b7-a1e0-42ac-a96d-cfc0fac219b7,640890,1233182785,EPHYS_4,4,engaged_2,3,3957.16549,5461.73986,1504.5743699999998,2397.2045399999997,3901.77891,399,614,216,true,false
https://dandiarchive.s3.amazonaws.com/blobs/e3b/977/e3b97777-89fa-4730-8d0e-fae22e471f07,640890,1232725697,EPHYS_2,2,engaged_1,1,1559.30232,2454.71664,895.4143200000001,0.0,895.4143200000001,0,164,165,true,true
https://dandiarchive.s3.amazonaws.com/blobs/e3b/977/e3b97777-89fa-4730-8d0e-fae22e471f07,640890,1232725697,EPHYS_2,2,no_reward,2,2454.95067,3953.33687,1498.3862,895.6483500000002,2394.0345500000003,165,351,187,true,true
https://dandiarchive.s3.amazonaws.com/blobs/e3b/977/e3b97777-89fa-4730-8d0e-fae22e471f07,640890,1232725697,EPHYS_2,2,engaged_2,3,3953.55404,5468.43776,1514.8837199999998,2394.25172,3909.13544,352,566,215,true,true
https://dandiarchive.s3.amazonaws.com/blobs/4c0/643/4c064370-d6ec-45fb-8be0-edf4ac91097f,642504,1243799530,EPHYS_2,2,engaged_1,1,1935.44817,2827.72623,892.2780600000003,0.0,892.2780600000003,0,189,190,true,true
https://dandiarchive.s3.amazonaws.com/blobs/4c0/643/4c064370-d6ec-45fb-8be0-edf4ac91097f,642504,1243799530,EPHYS_2,2,no_reward,2,2827.97662,4333.73379,1505.7571700000003,892.52845,2398.2856200000006,190,508,319,true,true
https://dandiarchive.s3.amazonaws.com/blobs/4c0/643/4c064370-d6ec-45fb-8be0-edf4ac91097f,642504,1243799530,EPHYS_2,2,engaged_2,3,4333.96764,5836.50591,1502.53827,2398.51947,3901.05774,509,771,263,true,true
https://dandiarchive.s3.amazonaws.com/blobs/559/41e/55941ebd-ef47-4d38-80af-0fabd499db6d,642504,1244070169,EPHYS_3,3,engaged_1,1,1564.06663,2457.22905,893.1624199999999,0.0,893.1624199999999,0,152,153,true,true
https://dandiarchive.s3.amazonaws.com/blobs/559/41e/55941ebd-ef47-4d38-80af-0fabd499db6d,642504,1244070169,EPHYS_3,3,no_reward,2,2457.33369,3962.16935,1504.8356600000002,893.2670599999999,2398.10272,153,387,235,true,true
https://dandiarchive.s3.amazonaws.com/blobs/559/41e/55941ebd-ef47-4d38-80af-0fabd499db6d,642504,1244070169,EPHYS_3,3,engaged_2,3,3962.40299,5473.21567,1510.8126799999995,2398.3363600000002,3909.1490399999993,388,619,232,true,true
https://dandiarchive.s3.amazonaws.com/blobs/88d/b29/88db2938-a9e0-491c-8056-f83cc894edf3,642504,1243523806,EPHYS_1,1,engaged_1,1,1557.20805,2453.2225,896.0144499999999,0.0,896.0144499999999,0,154,155,true,true
https://dandiarchive.s3.amazonaws.com/blobs/88d/b29/88db2938-a9e0-491c-8056-f83cc894edf3,642504,1243523806,EPHYS_1,1,no_reward,2,2453.45622,3953.00871,1499.55249,896.2481700000001,2395.80066,155,349,195,true,true
https://dandiarchive.s3.amazonaws.com/blobs/88d/b29/88db2938-a9e0-491c-8056-f83cc894edf3,642504,1243523806,EPHYS_1,1,engaged_2,3,3953.24244,5460.30188,1507.05944,2396.03439,3903.09383,350,555,206,true,true
