_nwb_path,subject_id,transition_id,real_signed_step,pseudo_signed_step,real_minus_pseudo,n_real_pre_trials,n_real_post_trials,n_pseudo_pre_trials,n_pseudo_post_trials,status
https://dandiarchive.s3.amazonaws.com/blobs/c78/ef5/c78ef53f-16de-4f5e-8235-afe87a226203,614547,reward_restoration,0.2760896447108737,0.00023298122095577467,0.27585666348991794,16,6,15,13,pass
https://dandiarchive.s3.amazonaws.com/blobs/c78/ef5/c78ef53f-16de-4f5e-8235-afe87a226203,614547,reward_withdrawal,-0.04510555715147646,0.21593116311306332,-0.2610367202645398,9,14,10,6,pass
https://dandiarchive.s3.amazonaws.com/blobs/68c/a06/68ca0674-2a8a-4931-8d5b-10a3edfb0cfa,614608,reward_restoration,0.1562054321477955,-0.06678158133531287,0.22298701348310837,15,11,12,15,pass
https://dandiarchive.s3.amazonaws.com/blobs/68c/a06/68ca0674-2a8a-4931-8d5b-10a3edfb0cfa,614608,reward_withdrawal,0.04878088804939749,0.043203960666450575,0.005576927382946913,10,14,9,8,pass
https://dandiarchive.s3.amazonaws.com/blobs/fd4/c49/fd4c4964-f02b-456e-af4d-b9407877d0de,614608,reward_restoration,0.057182254337558996,-0.019595787819853883,0.07677804215741288,12,10,14,16,pass
https://dandiarchive.s3.amazonaws.com/blobs/fd4/c49/fd4c4964-f02b-456e-af4d-b9407877d0de,614608,reward_withdrawal,-0.01764466375637873,0.1636015994698093,-0.18124626322618803,10,14,10,10,pass
https://dandiarchive.s3.amazonaws.com/blobs/75d/9d0/75d9d091-e7db-47d1-aac4-d41133e29393,615048,reward_restoration,0.14255481404644782,0.07709205368481975,0.06546276036162807,11,11,13,10,pass
https://dandiarchive.s3.amazonaws.com/blobs/75d/9d0/75d9d091-e7db-47d1-aac4-d41133e29393,615048,reward_withdrawal,0.041877568026412765,,,8,11,4,8,insufficient_anchor_support
https://dandiarchive.s3.amazonaws.com/blobs/fe0/9ba/fe09ba54-89e9-4b73-bf95-5127c2ee2ad9,615048,reward_restoration,0.05572127970937368,0.029229259430515048,0.026492020278858636,10,10,10,10,pass
https://dandiarchive.s3.amazonaws.com/blobs/fe0/9ba/fe09ba54-89e9-4b73-bf95-5127c2ee2ad9,615048,reward_withdrawal,0.03727189834776405,-0.036211368131754004,0.07348326647951806,8,11,7,8,pass
https://dandiarchive.s3.amazonaws.com/blobs/3ae/b2f/3aeb2f0d-c1c1-4b50-964b-61caffa07ee9,615564,reward_restoration,,-0.04560361670342905,,5,3,8,9,insufficient_anchor_support
https://dandiarchive.s3.amazonaws.com/blobs/3ae/b2f/3aeb2f0d-c1c1-4b50-964b-61caffa07ee9,615564,reward_withdrawal,0.18517338841563974,0.031583615861483866,0.15358977255415587,9,5,7,10,pass
https://dandiarchive.s3.amazonaws.com/blobs/635/68b/63568b8b-5957-4045-b90d-d75108909249,615564,reward_restoration,0.1282960700125032,0.049912867502582586,0.07838320250992062,8,6,6,9,pass
https://dandiarchive.s3.amazonaws.com/blobs/635/68b/63568b8b-5957-4045-b90d-d75108909249,615564,reward_withdrawal,0.1230982721648314,0.03624549733677561,0.08685277482805578,7,12,8,8,pass
https://dandiarchive.s3.amazonaws.com/blobs/957/44e/95744e7f-8578-44a4-99fe-df9cdaf362fe,623319,reward_restoration,0.08642320547970334,-0.08661108707852,0.17303429255822333,13,7,12,12,pass
https://dandiarchive.s3.amazonaws.com/blobs/957/44e/95744e7f-8578-44a4-99fe-df9cdaf362fe,623319,reward_withdrawal,0.054910181640389744,0.05900417504621352,-0.0040939934058237745,6,7,7,5,pass
https://dandiarchive.s3.amazonaws.com/blobs/9ae/cb7/9aecb778-a5a0-4554-8b06-3af01005fea5,623319,reward_restoration,-0.12067559471806033,0.037718080168338414,-0.15839367488639874,14,6,13,12,pass
https://dandiarchive.s3.amazonaws.com/blobs/9ae/cb7/9aecb778-a5a0-4554-8b06-3af01005fea5,623319,reward_withdrawal,0.00928389348693559,0.08173134041591285,-0.07244744692897725,7,9,5,6,pass
https://dandiarchive.s3.amazonaws.com/blobs/3d6/dc4/3d6dc44c-8001-467b-be23-96ba4b22da97,623322,reward_restoration,0.2780264823401064,-0.16711760441560003,0.44514408675570644,11,11,10,12,pass
https://dandiarchive.s3.amazonaws.com/blobs/3d6/dc4/3d6dc44c-8001-467b-be23-96ba4b22da97,623322,reward_withdrawal,0.16809624647401034,0.0738143024638996,0.09428194401011074,9,7,9,9,pass
https://dandiarchive.s3.amazonaws.com/blobs/5d9/4f7/5d94f7f7-daa2-4d2d-93a5-1bd2bc02e141,623322,reward_restoration,0.1773092467666432,,,7,11,4,9,insufficient_anchor_support
https://dandiarchive.s3.amazonaws.com/blobs/5d9/4f7/5d94f7f7-daa2-4d2d-93a5-1bd2bc02e141,623322,reward_withdrawal,0.3081177037777287,0.025578092096311345,0.28253961168141734,11,10,8,11,pass
https://dandiarchive.s3.amazonaws.com/blobs/d0e/7e5/d0e7e549-f015-47fe-baa5-db8170c52771,623322,reward_restoration,0.2537984571109082,-0.1303926973881498,0.384191154499058,13,9,10,10,pass
https://dandiarchive.s3.amazonaws.com/blobs/d0e/7e5/d0e7e549-f015-47fe-baa5-db8170c52771,623322,reward_withdrawal,0.20385893775010325,0.019487605593445423,0.18437133215665782,8,11,10,9,pass
https://dandiarchive.s3.amazonaws.com/blobs/4bd/cd2/4bdcd217-633c-4841-a9b1-208c117f5ea3,626279,reward_restoration,0.15395283951790245,-0.18289075050583947,0.3368435900237419,10,7,10,14,pass
https://dandiarchive.s3.amazonaws.com/blobs/4bd/cd2/4bdcd217-633c-4841-a9b1-208c117f5ea3,626279,reward_withdrawal,0.06263321871697149,0.02737459404732244,0.03525862466964905,10,10,10,8,pass
https://dandiarchive.s3.amazonaws.com/blobs/8bb/124/8bb12481-57e1-4f9d-95f0-c2ec49f2e338,632295,reward_restoration,0.06627240802600823,0.022423555878766932,0.043848852147241296,11,6,9,12,pass
https://dandiarchive.s3.amazonaws.com/blobs/8bb/124/8bb12481-57e1-4f9d-95f0-c2ec49f2e338,632295,reward_withdrawal,-0.10651613849992891,0.13168964309348974,-0.23820578159341865,5,7,6,5,pass
https://dandiarchive.s3.amazonaws.com/blobs/db1/7c5/db17c503-6c6e-44c4-921f-4b0ddfa6dbdb,632295,reward_restoration,0.08502840033796513,-0.05411853207531253,0.13914693241327766,10,7,9,12,pass
https://dandiarchive.s3.amazonaws.com/blobs/db1/7c5/db17c503-6c6e-44c4-921f-4b0ddfa6dbdb,632295,reward_withdrawal,0.05199602326266997,,,5,11,6,4,insufficient_anchor_support
https://dandiarchive.s3.amazonaws.com/blobs/d8b/8a9/d8b8a9fb-eda0-459f-a722-60a69961c992,638387,reward_restoration,,,,7,3,4,9,insufficient_anchor_support
https://dandiarchive.s3.amazonaws.com/blobs/d8b/8a9/d8b8a9fb-eda0-459f-a722-60a69961c992,638387,reward_withdrawal,-0.09243681625946794,0.07144762820554487,-0.16388444446501282,8,8,11,8,pass
https://dandiarchive.s3.amazonaws.com/blobs/584/1b8/5841b844-3102-4b4f-8f2c-e4cd23ec8f45,640887,reward_restoration,0.1626828374370506,-0.07016487849394862,0.2328477159309992,14,9,13,13,pass
https://dandiarchive.s3.amazonaws.com/blobs/584/1b8/5841b844-3102-4b4f-8f2c-e4cd23ec8f45,640887,reward_withdrawal,0.13788576932594368,0.08016130386235928,0.057724465463584396,10,10,10,9,pass
https://dandiarchive.s3.amazonaws.com/blobs/cfc/bf1/cfcbf155-cb15-455d-8450-0ef256540990,640887,reward_restoration,0.5077598551944179,-0.028161330503107984,0.5359211856975259,10,12,12,13,pass
https://dandiarchive.s3.amazonaws.com/blobs/cfc/bf1/cfcbf155-cb15-455d-8450-0ef256540990,640887,reward_withdrawal,0.1622733497471618,0.04068935925798502,0.12158399048917677,11,13,10,12,pass
https://dandiarchive.s3.amazonaws.com/blobs/13d/b29/13db29ff-1454-412d-8680-ecd7a38c6f95,640890,reward_restoration,0.13537302531876408,-0.01669060415996035,0.15206362947872443,14,10,11,13,pass
https://dandiarchive.s3.amazonaws.com/blobs/13d/b29/13db29ff-1454-412d-8680-ecd7a38c6f95,640890,reward_withdrawal,0.18534079088908928,0.023022535341323966,0.1623182555477653,12,11,11,12,pass
https://dandiarchive.s3.amazonaws.com/blobs/e3b/977/e3b97777-89fa-4730-8d0e-fae22e471f07,640890,reward_restoration,0.20109217339575575,0.022663665163093843,0.1784285082326619,14,10,11,11,pass
https://dandiarchive.s3.amazonaws.com/blobs/e3b/977/e3b97777-89fa-4730-8d0e-fae22e471f07,640890,reward_withdrawal,0.33429784821333974,-0.05018555347380013,0.3844834016871399,10,10,9,9,pass
https://dandiarchive.s3.amazonaws.com/blobs/4c0/643/4c064370-d6ec-45fb-8be0-edf4ac91097f,642504,reward_restoration,0.15857126392805532,,,12,11,3,14,insufficient_anchor_support
https://dandiarchive.s3.amazonaws.com/blobs/4c0/643/4c064370-d6ec-45fb-8be0-edf4ac91097f,642504,reward_withdrawal,0.19067553974344628,0.016224354187570046,0.17445118555587624,9,11,9,9,pass
https://dandiarchive.s3.amazonaws.com/blobs/559/41e/55941ebd-ef47-4d38-80af-0fabd499db6d,642504,reward_restoration,0.3348869827529527,-0.12262814881090434,0.45751513156385704,10,10,11,11,pass
https://dandiarchive.s3.amazonaws.com/blobs/559/41e/55941ebd-ef47-4d38-80af-0fabd499db6d,642504,reward_withdrawal,0.27737322913433965,0.012912407226851191,0.26446082190748843,11,11,11,12,pass
https://dandiarchive.s3.amazonaws.com/blobs/88d/b29/88db2938-a9e0-491c-8056-f83cc894edf3,642504,reward_restoration,0.1998821856951092,0.0638697956703469,0.13601239002476231,10,7,13,10,pass
https://dandiarchive.s3.amazonaws.com/blobs/88d/b29/88db2938-a9e0-491c-8056-f83cc894edf3,642504,reward_withdrawal,-0.032542868884223475,0.07645588230133885,-0.10899875118556232,12,12,8,11,pass
