subject_id,transition,anchor_type,bin_center_minutes,mean_axis_score,n_sessions,n_trials,transition_order,transition_label,anchor_order,anchor_label
614547,withdrawal,real,-5.0,-0.20687467796348535,1,3,1,Reward withdrawal,1,Real boundary
614547,withdrawal,real,-3.0,-0.20174460407738884,1,2,1,Reward withdrawal,1,Real boundary
614547,withdrawal,real,-1.0,-0.05842044998187138,1,4,1,Reward withdrawal,1,Real boundary
614547,withdrawal,real,1.0,-0.04880905537618523,1,5,1,Reward withdrawal,1,Real boundary
614547,withdrawal,real,3.0,-0.1036243477462308,1,4,1,Reward withdrawal,1,Real boundary
614547,withdrawal,real,5.0,-0.1333099194608754,1,5,1,Reward withdrawal,1,Real boundary
614608,withdrawal,real,-5.0,-0.06405456979549484,2,6,1,Reward withdrawal,1,Real boundary
614608,withdrawal,real,-3.0,-0.06838260006371494,2,8,1,Reward withdrawal,1,Real boundary
614608,withdrawal,real,-1.0,-0.0289995472443464,2,6,1,Reward withdrawal,1,Real boundary
614608,withdrawal,real,1.0,0.012193564517769883,2,10,1,Reward withdrawal,1,Real boundary
614608,withdrawal,real,3.0,-0.0747819545527075,2,8,1,Reward withdrawal,1,Real boundary
614608,withdrawal,real,5.0,-0.1375835173393672,2,10,1,Reward withdrawal,1,Real boundary
615048,withdrawal,real,-5.0,0.0795165253167352,2,6,1,Reward withdrawal,1,Real boundary
615048,withdrawal,real,-3.0,0.010400392041573822,2,5,1,Reward withdrawal,1,Real boundary
615048,withdrawal,real,-1.0,-0.16940411000574673,2,5,1,Reward withdrawal,1,Real boundary
615048,withdrawal,real,1.0,0.05141448296391736,2,6,1,Reward withdrawal,1,Real boundary
615048,withdrawal,real,3.0,-0.09246356829221036,2,7,1,Reward withdrawal,1,Real boundary
615048,withdrawal,real,5.0,-0.10802313342147783,2,9,1,Reward withdrawal,1,Real boundary
615564,withdrawal,real,-5.0,0.08276452298014399,2,8,1,Reward withdrawal,1,Real boundary
615564,withdrawal,real,-3.0,0.1396188014619668,2,5,1,Reward withdrawal,1,Real boundary
615564,withdrawal,real,-1.0,0.027944621146319057,2,3,1,Reward withdrawal,1,Real boundary
615564,withdrawal,real,1.0,-0.027813819137769,1,5,1,Reward withdrawal,1,Real boundary
615564,withdrawal,real,3.0,-0.07623766013145211,2,6,1,Reward withdrawal,1,Real boundary
615564,withdrawal,real,5.0,-0.13128999284616555,2,6,1,Reward withdrawal,1,Real boundary
623319,withdrawal,real,-5.0,-0.18990941296825437,2,4,1,Reward withdrawal,1,Real boundary
623319,withdrawal,real,-3.0,-0.19198392961702945,2,5,1,Reward withdrawal,1,Real boundary
623319,withdrawal,real,-1.0,-0.1655685005160455,2,4,1,Reward withdrawal,1,Real boundary
623319,withdrawal,real,1.0,-0.13842150481130608,2,3,1,Reward withdrawal,1,Real boundary
623319,withdrawal,real,3.0,-0.28856776886533153,2,5,1,Reward withdrawal,1,Real boundary
623319,withdrawal,real,5.0,-0.2104047520945114,2,8,1,Reward withdrawal,1,Real boundary
623322,withdrawal,real,-5.0,0.13507092030853288,3,9,1,Reward withdrawal,1,Real boundary
623322,withdrawal,real,-3.0,0.10602358937158812,3,9,1,Reward withdrawal,1,Real boundary
623322,withdrawal,real,-1.0,0.08626821324455654,3,10,1,Reward withdrawal,1,Real boundary
623322,withdrawal,real,1.0,0.00588730274290906,3,8,1,Reward withdrawal,1,Real boundary
623322,withdrawal,real,3.0,-0.06675233351977149,3,9,1,Reward withdrawal,1,Real boundary
623322,withdrawal,real,5.0,-0.19882509611215451,3,11,1,Reward withdrawal,1,Real boundary
626279,withdrawal,real,-5.0,0.16987219124067562,1,3,1,Reward withdrawal,1,Real boundary
626279,withdrawal,real,-3.0,0.11071159489444793,1,3,1,Reward withdrawal,1,Real boundary
626279,withdrawal,real,-1.0,-0.1403234304334191,1,4,1,Reward withdrawal,1,Real boundary
626279,withdrawal,real,1.0,-0.04196575463851857,1,3,1,Reward withdrawal,1,Real boundary
626279,withdrawal,real,3.0,-0.016743046691240954,1,5,1,Reward withdrawal,1,Real boundary
626279,withdrawal,real,5.0,-0.0681310265631301,1,2,1,Reward withdrawal,1,Real boundary
632295,withdrawal,real,-5.0,-0.13508105506827356,2,3,1,Reward withdrawal,1,Real boundary
632295,withdrawal,real,-3.0,-0.06447560321202182,1,2,1,Reward withdrawal,1,Real boundary
632295,withdrawal,real,-1.0,-0.19394764428727865,2,5,1,Reward withdrawal,1,Real boundary
632295,withdrawal,real,1.0,-0.08831896618631323,2,7,1,Reward withdrawal,1,Real boundary
632295,withdrawal,real,3.0,-0.10717732908999106,2,4,1,Reward withdrawal,1,Real boundary
632295,withdrawal,real,5.0,-0.16664965098341428,2,7,1,Reward withdrawal,1,Real boundary
638387,withdrawal,real,-5.0,0.05608293490398961,1,3,1,Reward withdrawal,1,Real boundary
638387,withdrawal,real,-3.0,0.0715534296559208,1,1,1,Reward withdrawal,1,Real boundary
638387,withdrawal,real,-1.0,0.04135430908716654,1,4,1,Reward withdrawal,1,Real boundary
638387,withdrawal,real,1.0,0.2232820174661426,1,4,1,Reward withdrawal,1,Real boundary
638387,withdrawal,real,3.0,0.08936590824629535,1,2,1,Reward withdrawal,1,Real boundary
638387,withdrawal,real,5.0,0.036427057217569093,1,2,1,Reward withdrawal,1,Real boundary
640887,withdrawal,real,-5.0,-0.10418185155009785,2,6,1,Reward withdrawal,1,Real boundary
640887,withdrawal,real,-3.0,0.0660664857749639,2,10,1,Reward withdrawal,1,Real boundary
640887,withdrawal,real,-1.0,0.09642472881298525,2,5,1,Reward withdrawal,1,Real boundary
640887,withdrawal,real,1.0,0.07645905466072575,2,9,1,Reward withdrawal,1,Real boundary
640887,withdrawal,real,3.0,-0.21334215326657235,2,7,1,Reward withdrawal,1,Real boundary
640887,withdrawal,real,5.0,-0.24625377884493832,2,7,1,Reward withdrawal,1,Real boundary
640890,withdrawal,real,-5.0,0.10467135631593578,2,7,1,Reward withdrawal,1,Real boundary
640890,withdrawal,real,-3.0,0.14984606040861162,2,6,1,Reward withdrawal,1,Real boundary
640890,withdrawal,real,-1.0,0.04680898885774197,2,9,1,Reward withdrawal,1,Real boundary
640890,withdrawal,real,1.0,-0.06400032895114169,2,4,1,Reward withdrawal,1,Real boundary
640890,withdrawal,real,3.0,-0.18877257397347896,2,9,1,Reward withdrawal,1,Real boundary
640890,withdrawal,real,5.0,-0.20886761820241112,2,8,1,Reward withdrawal,1,Real boundary
642504,withdrawal,real,-5.0,0.07820502598881802,3,12,1,Reward withdrawal,1,Real boundary
642504,withdrawal,real,-3.0,0.02388539014059934,3,11,1,Reward withdrawal,1,Real boundary
642504,withdrawal,real,-1.0,0.000937961139052664,3,9,1,Reward withdrawal,1,Real boundary
642504,withdrawal,real,1.0,-0.09846564430405197,3,8,1,Reward withdrawal,1,Real boundary
642504,withdrawal,real,3.0,-0.07119906604587968,3,15,1,Reward withdrawal,1,Real boundary
642504,withdrawal,real,5.0,-0.16775065900955935,3,11,1,Reward withdrawal,1,Real boundary
614547,withdrawal,pseudo,-5.0,-0.001984553698236418,1,3,1,Reward withdrawal,2,Within-state pseudo-boundary
614547,withdrawal,pseudo,-3.0,0.07970475313955463,1,4,1,Reward withdrawal,2,Within-state pseudo-boundary
614547,withdrawal,pseudo,-1.0,-0.1323947927312529,1,3,1,Reward withdrawal,2,Within-state pseudo-boundary
614547,withdrawal,pseudo,1.0,-0.3217937787064241,1,1,1,Reward withdrawal,2,Within-state pseudo-boundary
614547,withdrawal,pseudo,3.0,-0.14941512759201597,1,2,1,Reward withdrawal,2,Within-state pseudo-boundary
614547,withdrawal,pseudo,5.0,-0.24185145360869117,1,3,1,Reward withdrawal,2,Within-state pseudo-boundary
614608,withdrawal,pseudo,-5.0,0.02967479778700092,2,6,1,Reward withdrawal,2,Within-state pseudo-boundary
614608,withdrawal,pseudo,-3.0,0.007839881621002645,2,8,1,Reward withdrawal,2,Within-state pseudo-boundary
614608,withdrawal,pseudo,-1.0,-0.022261001480537515,2,5,1,Reward withdrawal,2,Within-state pseudo-boundary
614608,withdrawal,pseudo,1.0,-0.09555545566479617,2,4,1,Reward withdrawal,2,Within-state pseudo-boundary
614608,withdrawal,pseudo,3.0,-0.08640832421096052,2,7,1,Reward withdrawal,2,Within-state pseudo-boundary
614608,withdrawal,pseudo,5.0,-0.06462518271658696,2,7,1,Reward withdrawal,2,Within-state pseudo-boundary
615048,withdrawal,pseudo,-5.0,-0.04627109311949217,2,4,1,Reward withdrawal,2,Within-state pseudo-boundary
615048,withdrawal,pseudo,-3.0,-0.09933439668479631,2,3,1,Reward withdrawal,2,Within-state pseudo-boundary
615048,withdrawal,pseudo,-1.0,-0.12999470305749686,2,4,1,Reward withdrawal,2,Within-state pseudo-boundary
615048,withdrawal,pseudo,1.0,0.004136467587215614,2,7,1,Reward withdrawal,2,Within-state pseudo-boundary
615048,withdrawal,pseudo,3.0,0.00882858269595196,2,8,1,Reward withdrawal,2,Within-state pseudo-boundary
615048,withdrawal,pseudo,5.0,0.03139588028914554,1,1,1,Reward withdrawal,2,Within-state pseudo-boundary
615564,withdrawal,pseudo,-5.0,0.15614070022699644,2,4,1,Reward withdrawal,2,Within-state pseudo-boundary
615564,withdrawal,pseudo,-3.0,0.05564142472093902,2,7,1,Reward withdrawal,2,Within-state pseudo-boundary
615564,withdrawal,pseudo,-1.0,0.0867415669567613,2,4,1,Reward withdrawal,2,Within-state pseudo-boundary
615564,withdrawal,pseudo,1.0,-0.002111410220408408,2,4,1,Reward withdrawal,2,Within-state pseudo-boundary
615564,withdrawal,pseudo,3.0,0.08280770635700263,2,9,1,Reward withdrawal,2,Within-state pseudo-boundary
615564,withdrawal,pseudo,5.0,0.1071366649323714,2,5,1,Reward withdrawal,2,Within-state pseudo-boundary
623319,withdrawal,pseudo,-5.0,0.03913306013709778,2,3,1,Reward withdrawal,2,Within-state pseudo-boundary
623319,withdrawal,pseudo,-3.0,-0.04078657647194541,2,5,1,Reward withdrawal,2,Within-state pseudo-boundary
623319,withdrawal,pseudo,-1.0,-0.18293697795499786,2,4,1,Reward withdrawal,2,Within-state pseudo-boundary
623319,withdrawal,pseudo,1.0,-0.05598225186562352,1,2,1,Reward withdrawal,2,Within-state pseudo-boundary
623319,withdrawal,pseudo,3.0,-0.21100310505075215,2,4,1,Reward withdrawal,2,Within-state pseudo-boundary
623319,withdrawal,pseudo,5.0,-0.1611910969745331,2,5,1,Reward withdrawal,2,Within-state pseudo-boundary
623322,withdrawal,pseudo,-5.0,0.14699882474273201,3,10,1,Reward withdrawal,2,Within-state pseudo-boundary
623322,withdrawal,pseudo,-3.0,0.20150524123777247,3,10,1,Reward withdrawal,2,Within-state pseudo-boundary
623322,withdrawal,pseudo,-1.0,0.22585402338381652,3,7,1,Reward withdrawal,2,Within-state pseudo-boundary
623322,withdrawal,pseudo,1.0,0.1845668355921727,3,13,1,Reward withdrawal,2,Within-state pseudo-boundary
623322,withdrawal,pseudo,3.0,0.15784055064318334,3,5,1,Reward withdrawal,2,Within-state pseudo-boundary
623322,withdrawal,pseudo,5.0,0.11982308574249052,3,11,1,Reward withdrawal,2,Within-state pseudo-boundary
626279,withdrawal,pseudo,-5.0,0.206797786952224,1,2,1,Reward withdrawal,2,Within-state pseudo-boundary
626279,withdrawal,pseudo,-3.0,0.12060334344700367,1,2,1,Reward withdrawal,2,Within-state pseudo-boundary
626279,withdrawal,pseudo,-1.0,0.09847550387600912,1,6,1,Reward withdrawal,2,Within-state pseudo-boundary
626279,withdrawal,pseudo,1.0,0.1122829447137168,1,3,1,Reward withdrawal,2,Within-state pseudo-boundary
626279,withdrawal,pseudo,3.0,0.08069002840284928,1,1,1,Reward withdrawal,2,Within-state pseudo-boundary
626279,withdrawal,pseudo,5.0,0.08999715308025726,1,4,1,Reward withdrawal,2,Within-state pseudo-boundary
632295,withdrawal,pseudo,-5.0,0.046298143547195685,1,3,1,Reward withdrawal,2,Within-state pseudo-boundary
632295,withdrawal,pseudo,-3.0,0.0012281075502176275,1,4,1,Reward withdrawal,2,Within-state pseudo-boundary
632295,withdrawal,pseudo,-1.0,-0.06547879348779083,2,5,1,Reward withdrawal,2,Within-state pseudo-boundary
632295,withdrawal,pseudo,1.0,-0.16766380419484556,2,5,1,Reward withdrawal,2,Within-state pseudo-boundary
632295,withdrawal,pseudo,3.0,-0.13276419813243015,1,2,1,Reward withdrawal,2,Within-state pseudo-boundary
632295,withdrawal,pseudo,5.0,-0.06447560321202182,1,2,1,Reward withdrawal,2,Within-state pseudo-boundary
638387,withdrawal,pseudo,-5.0,0.08379244946114016,1,3,1,Reward withdrawal,2,Within-state pseudo-boundary
638387,withdrawal,pseudo,-3.0,0.052554869134121024,1,4,1,Reward withdrawal,2,Within-state pseudo-boundary
638387,withdrawal,pseudo,-1.0,0.2683491664219831,1,4,1,Reward withdrawal,2,Within-state pseudo-boundary
638387,withdrawal,pseudo,1.0,0.1206608935406066,1,3,1,Reward withdrawal,2,Within-state pseudo-boundary
638387,withdrawal,pseudo,3.0,0.052260795904842006,1,3,1,Reward withdrawal,2,Within-state pseudo-boundary
638387,withdrawal,pseudo,5.0,0.013006404139770007,1,2,1,Reward withdrawal,2,Within-state pseudo-boundary
640887,withdrawal,pseudo,-5.0,0.1678340381669347,2,4,1,Reward withdrawal,2,Within-state pseudo-boundary
640887,withdrawal,pseudo,-3.0,0.11991641047164885,2,7,1,Reward withdrawal,2,Within-state pseudo-boundary
640887,withdrawal,pseudo,-1.0,0.08551125849209645,2,9,1,Reward withdrawal,2,Within-state pseudo-boundary
640887,withdrawal,pseudo,1.0,0.2085310936019799,2,5,1,Reward withdrawal,2,Within-state pseudo-boundary
640887,withdrawal,pseudo,3.0,-0.1137287091390875,2,7,1,Reward withdrawal,2,Within-state pseudo-boundary
640887,withdrawal,pseudo,5.0,0.0774865563445157,2,9,1,Reward withdrawal,2,Within-state pseudo-boundary
640890,withdrawal,pseudo,-5.0,0.17799336887511996,2,5,1,Reward withdrawal,2,Within-state pseudo-boundary
640890,withdrawal,pseudo,-3.0,0.009191022993649628,2,6,1,Reward withdrawal,2,Within-state pseudo-boundary
640890,withdrawal,pseudo,-1.0,0.1060735976093985,2,9,1,Reward withdrawal,2,Within-state pseudo-boundary
640890,withdrawal,pseudo,1.0,0.06239933282365981,2,7,1,Reward withdrawal,2,Within-state pseudo-boundary
640890,withdrawal,pseudo,3.0,0.11822710506908363,2,6,1,Reward withdrawal,2,Within-state pseudo-boundary
640890,withdrawal,pseudo,5.0,0.12278845783870813,2,8,1,Reward withdrawal,2,Within-state pseudo-boundary
642504,withdrawal,pseudo,-5.0,0.10561508271886626,3,9,1,Reward withdrawal,2,Within-state pseudo-boundary
642504,withdrawal,pseudo,-3.0,0.07958781589749965,3,9,1,Reward withdrawal,2,Within-state pseudo-boundary
642504,withdrawal,pseudo,-1.0,0.03375771435716775,3,10,1,Reward withdrawal,2,Within-state pseudo-boundary
642504,withdrawal,pseudo,1.0,0.015533132891739576,3,10,1,Reward withdrawal,2,Within-state pseudo-boundary
642504,withdrawal,pseudo,3.0,0.08260103311581576,3,11,1,Reward withdrawal,2,Within-state pseudo-boundary
642504,withdrawal,pseudo,5.0,0.04490558771276467,3,11,1,Reward withdrawal,2,Within-state pseudo-boundary
614547,restoration,real,-5.0,-0.21807317908373172,1,4,2,Reward restoration,1,Real boundary
614547,restoration,real,-3.0,-0.308100405136628,1,5,2,Reward restoration,1,Real boundary
614547,restoration,real,-1.0,-0.33794644721098954,1,7,2,Reward restoration,1,Real boundary
614547,restoration,real,1.0,0.019478418413599694,1,3,2,Reward restoration,1,Real boundary
614547,restoration,real,3.0,-0.0890423410964912,1,1,2,Reward restoration,1,Real boundary
614547,restoration,real,5.0,-0.05238124903234395,1,2,2,Reward restoration,1,Real boundary
614608,restoration,real,-5.0,-0.22715019655031343,2,9,2,Reward restoration,1,Real boundary
614608,restoration,real,-3.0,-0.3283194151537181,2,7,2,Reward restoration,1,Real boundary
614608,restoration,real,-1.0,-0.3355339216379456,2,11,2,Reward restoration,1,Real boundary
614608,restoration,real,1.0,-0.269061843264949,2,6,2,Reward restoration,1,Real boundary
614608,restoration,real,3.0,-0.23303277018062363,2,6,2,Reward restoration,1,Real boundary
614608,restoration,real,5.0,-0.09046202052443533,2,9,2,Reward restoration,1,Real boundary
615048,restoration,real,-5.0,-0.2688180071953236,2,9,2,Reward restoration,1,Real boundary
615048,restoration,real,-3.0,-0.26688849275661997,2,7,2,Reward restoration,1,Real boundary
615048,restoration,real,-1.0,-0.3020132245403029,2,5,2,Reward restoration,1,Real boundary
615048,restoration,real,1.0,-0.17741056840127267,2,6,2,Reward restoration,1,Real boundary
615048,restoration,real,3.0,-0.13395318367895112,2,7,2,Reward restoration,1,Real boundary
615048,restoration,real,5.0,-0.14657557235910051,2,8,2,Reward restoration,1,Real boundary
615564,restoration,real,-5.0,-0.34082776656025016,2,2,2,Reward restoration,1,Real boundary
615564,restoration,real,-3.0,-0.2578842209508942,2,5,2,Reward restoration,1,Real boundary
615564,restoration,real,-1.0,-0.16965710388522806,2,6,2,Reward restoration,1,Real boundary
615564,restoration,real,1.0,-0.0768477763295343,2,2,2,Reward restoration,1,Real boundary
615564,restoration,real,3.0,-0.1022742602715751,2,3,2,Reward restoration,1,Real boundary
615564,restoration,real,5.0,-0.07949443114057486,2,4,2,Reward restoration,1,Real boundary
623319,restoration,real,-5.0,-0.2677842079709797,2,9,2,Reward restoration,1,Real boundary
623319,restoration,real,-3.0,-0.24031448307399617,2,8,2,Reward restoration,1,Real boundary
623319,restoration,real,-1.0,-0.28283313848398633,2,10,2,Reward restoration,1,Real boundary
623319,restoration,real,1.0,-0.33454814382203907,2,3,2,Reward restoration,1,Real boundary
623319,restoration,real,3.0,-0.22616039237350233,2,7,2,Reward restoration,1,Real boundary
623319,restoration,real,5.0,-0.3628958067970318,2,3,2,Reward restoration,1,Real boundary
623322,restoration,real,-5.0,-0.32479631978666396,3,11,2,Reward restoration,1,Real boundary
623322,restoration,real,-3.0,-0.35754351237203563,3,11,2,Reward restoration,1,Real boundary
623322,restoration,real,-1.0,-0.3026878726747773,3,9,2,Reward restoration,1,Real boundary
623322,restoration,real,1.0,-0.12398327263876048,3,11,2,Reward restoration,1,Real boundary
623322,restoration,real,3.0,-0.03917391363249113,3,9,2,Reward restoration,1,Real boundary
623322,restoration,real,5.0,-0.0890137694464652,3,11,2,Reward restoration,1,Real boundary
626279,restoration,real,-5.0,-0.21139905925077412,1,2,2,Reward restoration,1,Real boundary
626279,restoration,real,-3.0,-0.396913429231784,1,3,2,Reward restoration,1,Real boundary
626279,restoration,real,-1.0,-0.27083996412704425,1,5,2,Reward restoration,1,Real boundary
626279,restoration,real,1.0,-0.43679741780731207,1,2,2,Reward restoration,1,Real boundary
626279,restoration,real,3.0,-0.1008596026012298,1,2,2,Reward restoration,1,Real boundary
626279,restoration,real,5.0,0.02518905288663871,1,3,2,Reward restoration,1,Real boundary
632295,restoration,real,-5.0,-0.23646322787294927,2,6,2,Reward restoration,1,Real boundary
632295,restoration,real,-3.0,-0.30855686262741333,2,6,2,Reward restoration,1,Real boundary
632295,restoration,real,-1.0,-0.23500522943757218,2,9,2,Reward restoration,1,Real boundary
632295,restoration,real,3.0,-0.17104311754270832,2,7,2,Reward restoration,1,Real boundary
632295,restoration,real,5.0,-0.18731170817468007,2,6,2,Reward restoration,1,Real boundary
638387,restoration,real,-5.0,-0.20850196667377094,1,3,2,Reward restoration,1,Real boundary
638387,restoration,real,-3.0,-0.29109496678746005,1,2,2,Reward restoration,1,Real boundary
638387,restoration,real,-1.0,-0.194245478852897,1,2,2,Reward restoration,1,Real boundary
638387,restoration,real,5.0,-0.14105164323509106,1,3,2,Reward restoration,1,Real boundary
640887,restoration,real,-5.0,-0.24222700570895248,2,11,2,Reward restoration,1,Real boundary
640887,restoration,real,-3.0,-0.3352618363305601,2,7,2,Reward restoration,1,Real boundary
640887,restoration,real,-1.0,-0.22928078401057175,2,6,2,Reward restoration,1,Real boundary
640887,restoration,real,1.0,0.14353020471319586,2,5,2,Reward restoration,1,Real boundary
640887,restoration,real,3.0,-0.014443854623897686,2,10,2,Reward restoration,1,Real boundary
640887,restoration,real,5.0,0.11375834439524207,2,6,2,Reward restoration,1,Real boundary
640890,restoration,real,-5.0,-0.20098815043249132,2,10,2,Reward restoration,1,Real boundary
640890,restoration,real,-3.0,-0.22558114743302282,2,8,2,Reward restoration,1,Real boundary
640890,restoration,real,-1.0,-0.25183445609845156,2,10,2,Reward restoration,1,Real boundary
640890,restoration,real,1.0,-0.09060500378659483,2,6,2,Reward restoration,1,Real boundary
640890,restoration,real,3.0,-0.09701983994872523,2,10,2,Reward restoration,1,Real boundary
640890,restoration,real,5.0,0.06483947740329098,2,4,2,Reward restoration,1,Real boundary
642504,restoration,real,-5.0,-0.32344433183900284,3,9,2,Reward restoration,1,Real boundary
642504,restoration,real,-3.0,-0.28425118771911534,3,11,2,Reward restoration,1,Real boundary
642504,restoration,real,-1.0,-0.318779985831094,3,12,2,Reward restoration,1,Real boundary
642504,restoration,real,1.0,0.02194570519679767,3,8,2,Reward restoration,1,Real boundary
642504,restoration,real,3.0,-0.09197370941192638,3,11,2,Reward restoration,1,Real boundary
642504,restoration,real,5.0,-0.08971310230737106,3,9,2,Reward restoration,1,Real boundary
614547,restoration,pseudo,-5.0,-0.34067714515680697,1,5,2,Reward restoration,2,Within-state pseudo-boundary
614547,restoration,pseudo,-3.0,-0.23964025870484454,1,6,2,Reward restoration,2,Within-state pseudo-boundary
614547,restoration,pseudo,-1.0,-0.07807777391797212,1,4,2,Reward restoration,2,Within-state pseudo-boundary
614547,restoration,pseudo,1.0,-0.18340513643846226,1,3,2,Reward restoration,2,Within-state pseudo-boundary
614547,restoration,pseudo,3.0,-0.2312207603601466,1,3,2,Reward restoration,2,Within-state pseudo-boundary
614547,restoration,pseudo,5.0,-0.2494514491798199,1,7,2,Reward restoration,2,Within-state pseudo-boundary
614608,restoration,pseudo,-5.0,-0.24648109967029103,2,9,2,Reward restoration,2,Within-state pseudo-boundary
614608,restoration,pseudo,-3.0,-0.15852585188157806,2,9,2,Reward restoration,2,Within-state pseudo-boundary
614608,restoration,pseudo,-1.0,-0.26192337695050527,2,8,2,Reward restoration,2,Within-state pseudo-boundary
614608,restoration,pseudo,1.0,-0.2780224143642449,2,10,2,Reward restoration,2,Within-state pseudo-boundary
614608,restoration,pseudo,3.0,-0.26975823858480796,2,11,2,Reward restoration,2,Within-state pseudo-boundary
614608,restoration,pseudo,5.0,-0.22446869311759754,2,10,2,Reward restoration,2,Within-state pseudo-boundary
615048,restoration,pseudo,-5.0,-0.10064533852818797,2,6,2,Reward restoration,2,Within-state pseudo-boundary
615048,restoration,pseudo,-3.0,-0.2902214161605885,2,9,2,Reward restoration,2,Within-state pseudo-boundary
615048,restoration,pseudo,-1.0,-0.23453037373222219,2,8,2,Reward restoration,2,Within-state pseudo-boundary
615048,restoration,pseudo,1.0,-0.16397616151342642,2,6,2,Reward restoration,2,Within-state pseudo-boundary
615048,restoration,pseudo,3.0,-0.14061606708877636,2,7,2,Reward restoration,2,Within-state pseudo-boundary
615048,restoration,pseudo,5.0,-0.19891775062228162,2,7,2,Reward restoration,2,Within-state pseudo-boundary
615564,restoration,pseudo,-5.0,-0.2998686346957629,2,4,2,Reward restoration,2,Within-state pseudo-boundary
615564,restoration,pseudo,-3.0,-0.11658233765213291,2,4,2,Reward restoration,2,Within-state pseudo-boundary
615564,restoration,pseudo,-1.0,-0.2623894833061894,2,6,2,Reward restoration,2,Within-state pseudo-boundary
615564,restoration,pseudo,1.0,-0.10367753535024199,2,4,2,Reward restoration,2,Within-state pseudo-boundary
615564,restoration,pseudo,3.0,-0.3644619506745659,2,5,2,Reward restoration,2,Within-state pseudo-boundary
615564,restoration,pseudo,5.0,-0.27152689346913517,2,9,2,Reward restoration,2,Within-state pseudo-boundary
623319,restoration,pseudo,-5.0,-0.3182342367562878,2,9,2,Reward restoration,2,Within-state pseudo-boundary
623319,restoration,pseudo,-3.0,-0.13733947133623153,2,8,2,Reward restoration,2,Within-state pseudo-boundary
623319,restoration,pseudo,-1.0,-0.15142027021671733,2,8,2,Reward restoration,2,Within-state pseudo-boundary
623319,restoration,pseudo,1.0,-0.22253635300136843,2,10,2,Reward restoration,2,Within-state pseudo-boundary
623319,restoration,pseudo,3.0,-0.19360979369531642,2,5,2,Reward restoration,2,Within-state pseudo-boundary
623319,restoration,pseudo,5.0,-0.24874110135376198,2,9,2,Reward restoration,2,Within-state pseudo-boundary
623322,restoration,pseudo,-5.0,-0.1589267258830503,2,6,2,Reward restoration,2,Within-state pseudo-boundary
623322,restoration,pseudo,-3.0,-0.15926866883277446,3,7,2,Reward restoration,2,Within-state pseudo-boundary
623322,restoration,pseudo,-1.0,-0.20830818178128865,3,11,2,Reward restoration,2,Within-state pseudo-boundary
623322,restoration,pseudo,1.0,-0.36166604348043774,3,6,2,Reward restoration,2,Within-state pseudo-boundary
623322,restoration,pseudo,3.0,-0.25406921442974484,3,14,2,Reward restoration,2,Within-state pseudo-boundary
623322,restoration,pseudo,5.0,-0.34646079232597193,3,11,2,Reward restoration,2,Within-state pseudo-boundary
626279,restoration,pseudo,-5.0,-0.1359787380113518,1,5,2,Reward restoration,2,Within-state pseudo-boundary
626279,restoration,pseudo,-3.0,-0.1128934550480643,1,2,2,Reward restoration,2,Within-state pseudo-boundary
626279,restoration,pseudo,-1.0,-0.2054134066399997,1,3,2,Reward restoration,2,Within-state pseudo-boundary
626279,restoration,pseudo,1.0,-0.30262189056384015,1,4,2,Reward restoration,2,Within-state pseudo-boundary
626279,restoration,pseudo,3.0,-0.4474717586934187,1,4,2,Reward restoration,2,Within-state pseudo-boundary
626279,restoration,pseudo,5.0,-0.28179750969245965,1,6,2,Reward restoration,2,Within-state pseudo-boundary
632295,restoration,pseudo,-5.0,-0.1538189308957307,2,4,2,Reward restoration,2,Within-state pseudo-boundary
632295,restoration,pseudo,-3.0,-0.3074607945539876,2,7,2,Reward restoration,2,Within-state pseudo-boundary
632295,restoration,pseudo,-1.0,-0.34576865340215096,2,7,2,Reward restoration,2,Within-state pseudo-boundary
632295,restoration,pseudo,1.0,-0.2481974129072929,2,10,2,Reward restoration,2,Within-state pseudo-boundary
632295,restoration,pseudo,3.0,-0.26086264676972026,2,6,2,Reward restoration,2,Within-state pseudo-boundary
632295,restoration,pseudo,5.0,-0.36732864742453974,2,8,2,Reward restoration,2,Within-state pseudo-boundary
638387,restoration,pseudo,-3.0,-0.011147429101337081,1,1,2,Reward restoration,2,Within-state pseudo-boundary
638387,restoration,pseudo,-1.0,-0.20603190765246993,1,3,2,Reward restoration,2,Within-state pseudo-boundary
638387,restoration,pseudo,1.0,-0.129759372182636,1,2,2,Reward restoration,2,Within-state pseudo-boundary
638387,restoration,pseudo,3.0,-0.23461163777189348,1,5,2,Reward restoration,2,Within-state pseudo-boundary
638387,restoration,pseudo,5.0,-0.18749952564664268,1,2,2,Reward restoration,2,Within-state pseudo-boundary
640887,restoration,pseudo,-5.0,-0.2225740636517069,2,12,2,Reward restoration,2,Within-state pseudo-boundary
640887,restoration,pseudo,-3.0,-0.20562541775550444,2,7,2,Reward restoration,2,Within-state pseudo-boundary
640887,restoration,pseudo,-1.0,-0.2563363128660595,2,6,2,Reward restoration,2,Within-state pseudo-boundary
640887,restoration,pseudo,1.0,-0.26292309513174705,2,10,2,Reward restoration,2,Within-state pseudo-boundary
640887,restoration,pseudo,3.0,-0.2969659026076483,2,9,2,Reward restoration,2,Within-state pseudo-boundary
640887,restoration,pseudo,5.0,-0.22641401161797775,2,7,2,Reward restoration,2,Within-state pseudo-boundary
640890,restoration,pseudo,-5.0,-0.19173430600265523,2,6,2,Reward restoration,2,Within-state pseudo-boundary
640890,restoration,pseudo,-3.0,-0.11140906606630677,2,8,2,Reward restoration,2,Within-state pseudo-boundary
640890,restoration,pseudo,-1.0,-0.2689217995126695,2,8,2,Reward restoration,2,Within-state pseudo-boundary
640890,restoration,pseudo,1.0,-0.20789750227147719,2,8,2,Reward restoration,2,Within-state pseudo-boundary
640890,restoration,pseudo,3.0,-0.267291127586285,2,8,2,Reward restoration,2,Within-state pseudo-boundary
640890,restoration,pseudo,5.0,-0.0943093860686777,2,8,2,Reward restoration,2,Within-state pseudo-boundary
642504,restoration,pseudo,-5.0,-0.14883277472830525,2,6,2,Reward restoration,2,Within-state pseudo-boundary
642504,restoration,pseudo,-3.0,-0.2002436524118424,2,9,2,Reward restoration,2,Within-state pseudo-boundary
642504,restoration,pseudo,-1.0,-0.24560876272133614,3,12,2,Reward restoration,2,Within-state pseudo-boundary
642504,restoration,pseudo,1.0,-0.2708539534093368,3,11,2,Reward restoration,2,Within-state pseudo-boundary
642504,restoration,pseudo,3.0,-0.12083175718391677,3,11,2,Reward restoration,2,Within-state pseudo-boundary
642504,restoration,pseudo,5.0,-0.30240798431596283,3,13,2,Reward restoration,2,Within-state pseudo-boundary
