response_group,reward_block,bin_center_seconds,mean_sign_aligned_rate_hz,ci_low,ci_high,n_mice,n_sessions,n_unit_session_contributions,group_order,response_group_label,block_order,reward_block_label
early_sensory,engaged_1,-0.2375,-0.028750938449022188,-0.0899709629267498,0.03381197254484892,12,23,9881,1,Early sensory,1,E1
early_sensory,engaged_1,-0.21250000000000002,-0.042631762600835545,-0.11247835481908339,0.04520776897648259,12,23,9881,1,Early sensory,1,E1
early_sensory,engaged_1,-0.1875,-0.03875050331732316,-0.09907003985977908,0.041852651013967145,12,23,9881,1,Early sensory,1,E1
early_sensory,engaged_1,-0.16249999999999998,-0.023910014624884204,-0.06867009592937069,0.018525714486736233,12,23,9881,1,Early sensory,1,E1
early_sensory,engaged_1,-0.1375,-0.03903503421670134,-0.07700093648904907,-0.010885225012976476,12,23,9881,1,Early sensory,1,E1
early_sensory,engaged_1,-0.11249999999999999,0.0403188797659798,-0.03135883401738512,0.1203375241887709,12,23,9881,1,Early sensory,1,E1
early_sensory,engaged_1,-0.08749999999999998,0.05541409611103937,0.017068425079362567,0.09142396095376211,12,23,9881,1,Early sensory,1,E1
early_sensory,engaged_1,-0.062499999999999986,0.006466901878991769,-0.05872265309380912,0.06074989743491719,12,23,9881,1,Early sensory,1,E1
early_sensory,engaged_1,-0.03749999999999999,0.04692075736700957,0.003875748909277648,0.09259516046883863,12,23,9881,1,Early sensory,1,E1
early_sensory,engaged_1,-0.012499999999999997,0.02395761808574574,-0.05285778601406109,0.09292469865506366,12,23,9881,1,Early sensory,1,E1
early_sensory,engaged_1,0.012500000000000011,0.03456717357812008,-0.04866119092919137,0.12123302465565562,12,23,9881,1,Early sensory,1,E1
early_sensory,engaged_1,0.03750000000000003,0.2266735526710186,0.12408248964976498,0.33946503155606017,12,23,9881,1,Early sensory,1,E1
early_sensory,engaged_1,0.06250000000000003,2.099235050115248,1.5859250985757036,2.63857436345309,12,23,9881,1,Early sensory,1,E1
early_sensory,engaged_1,0.08750000000000002,4.180492174791344,3.3914141552400583,5.022552924178491,12,23,9881,1,Early sensory,1,E1
early_sensory,engaged_1,0.11250000000000002,3.9041585140896307,3.231446536998044,4.6034469842663785,12,23,9881,1,Early sensory,1,E1
early_sensory,engaged_1,0.1375,2.7981890621333445,2.3876034434177207,3.217307981428604,12,23,9881,1,Early sensory,1,E1
early_sensory,engaged_1,0.16250000000000003,1.8416551268308714,1.571665513910376,2.1313017214859995,12,23,9881,1,Early sensory,1,E1
early_sensory,engaged_1,0.18750000000000003,1.4533777202836087,1.2557263504138376,1.6444364692153266,12,23,9881,1,Early sensory,1,E1
early_sensory,engaged_1,0.21250000000000002,1.2675748613130942,1.018881975119367,1.5134048772617887,12,23,9881,1,Early sensory,1,E1
early_sensory,engaged_1,0.23750000000000002,1.2003556405656828,0.9938767648456436,1.413515599171213,12,23,9881,1,Early sensory,1,E1
early_sensory,engaged_1,0.2625,1.0695386932084807,0.8647399111593882,1.2813068328124588,12,23,9881,1,Early sensory,1,E1
early_sensory,engaged_1,0.28750000000000003,1.0696989334698388,0.8313959049105294,1.325358987507646,12,23,9881,1,Early sensory,1,E1
early_sensory,engaged_1,0.31250000000000006,1.1633568873889504,0.8996990688313901,1.463240817115325,12,23,9881,1,Early sensory,1,E1
early_sensory,engaged_1,0.3375000000000001,0.4794975734869562,0.36889260746246716,0.6100770923698858,12,23,9881,1,Early sensory,1,E1
early_sensory,engaged_1,0.36250000000000004,-0.10918281656192826,-0.2827377949667569,0.05739659694124128,12,23,9881,1,Early sensory,1,E1
early_sensory,engaged_1,0.3875,-0.31639826344248584,-0.551101258713391,-0.09681544095716858,12,23,9881,1,Early sensory,1,E1
early_sensory,engaged_1,0.41250000000000003,-0.2504340611909688,-0.47057283392130117,-0.046779018789619715,12,23,9881,1,Early sensory,1,E1
early_sensory,engaged_1,0.43750000000000006,-0.07740524945382975,-0.2824904638900605,0.1290856800023797,12,23,9881,1,Early sensory,1,E1
early_sensory,engaged_1,0.4625000000000001,0.07672124555933812,-0.04520847811993801,0.23111296525610098,12,23,9881,1,Early sensory,1,E1
early_sensory,engaged_1,0.48750000000000004,0.465553377789478,0.2948921932709057,0.6861737538704765,12,23,9881,1,Early sensory,1,E1
early_sensory,engaged_1,0.5125,0.41335900414671806,0.208251954626465,0.6314101115931561,12,23,9881,1,Early sensory,1,E1
early_sensory,engaged_1,0.5375000000000001,0.21918184135908078,-0.006823848724609658,0.4270951672994946,12,23,9881,1,Early sensory,1,E1
early_sensory,engaged_1,0.5625,0.03433869583966448,-0.13957462323921835,0.23628853878713005,12,23,9881,1,Early sensory,1,E1
early_sensory,engaged_1,0.5875000000000001,-0.0038180376743834066,-0.18032558840359575,0.17484311053722587,12,23,9881,1,Early sensory,1,E1
early_sensory,engaged_1,0.6125,-0.011649983805610562,-0.17361674240129207,0.13482607940250455,12,23,9881,1,Early sensory,1,E1
early_sensory,engaged_1,0.6375,0.04864979589568815,-0.1488628386730426,0.23024742842193413,12,23,9881,1,Early sensory,1,E1
early_sensory,engaged_1,0.6625000000000001,0.1180929379581076,-0.06367639947410222,0.2786312249001857,12,23,9881,1,Early sensory,1,E1
early_sensory,engaged_1,0.6875,0.0835569741723584,-0.05495786905217186,0.20826541425064926,12,23,9881,1,Early sensory,1,E1
early_sensory,engaged_1,0.7125000000000001,0.0900436288898982,-0.05256213925535191,0.2562309442762449,12,23,9881,1,Early sensory,1,E1
early_sensory,engaged_1,0.7375,0.03406421391786112,-0.10701507212450849,0.16943232463350577,12,23,9881,1,Early sensory,1,E1
early_sensory,no_reward,-0.2375,0.013406207337625861,-0.03333053696981986,0.0546449041292738,12,23,9881,1,Early sensory,2,NR
early_sensory,no_reward,-0.21250000000000002,0.008225805435482169,-0.04506754414601649,0.06115190518742063,12,23,9881,1,Early sensory,2,NR
early_sensory,no_reward,-0.1875,-0.020314167160567786,-0.07408232303098419,0.04632200156801116,12,23,9881,1,Early sensory,2,NR
early_sensory,no_reward,-0.16249999999999998,-0.021901995406830382,-0.05549372700435815,0.011236900489763635,12,23,9881,1,Early sensory,2,NR
early_sensory,no_reward,-0.1375,-0.013618785691273179,-0.051782128492154404,0.017785561187484655,12,23,9881,1,Early sensory,2,NR
early_sensory,no_reward,-0.11249999999999999,-0.009362844214107382,-0.043662377883978414,0.02371465850127593,12,23,9881,1,Early sensory,2,NR
early_sensory,no_reward,-0.08749999999999998,-0.0009418804523096345,-0.05475135773023392,0.040553543493699454,12,23,9881,1,Early sensory,2,NR
early_sensory,no_reward,-0.062499999999999986,-0.002681611215511533,-0.0472636871429296,0.03689495034249512,12,23,9881,1,Early sensory,2,NR
early_sensory,no_reward,-0.03749999999999999,-0.016837309229087775,-0.043942605625053956,0.008620877761707476,12,23,9881,1,Early sensory,2,NR
early_sensory,no_reward,-0.012499999999999997,0.0640265805965794,0.020352496456515424,0.10477306025710936,12,23,9881,1,Early sensory,2,NR
early_sensory,no_reward,0.012500000000000011,0.11346135058993502,0.05535890123089701,0.17482118991666498,12,23,9881,1,Early sensory,2,NR
early_sensory,no_reward,0.03750000000000003,0.2218867492045049,0.16912521742386477,0.28508952958763834,12,23,9881,1,Early sensory,2,NR
early_sensory,no_reward,0.06250000000000003,2.0648732321608256,1.5351205263967724,2.6079717195987726,12,23,9881,1,Early sensory,2,NR
early_sensory,no_reward,0.08750000000000002,3.906803366540645,3.157432776804198,4.662504903701051,12,23,9881,1,Early sensory,2,NR
early_sensory,no_reward,0.11250000000000002,3.448127152713911,2.7755357224575823,4.117727654616019,12,23,9881,1,Early sensory,2,NR
early_sensory,no_reward,0.1375,2.369895800497513,1.9208325263107204,2.8520723018765946,12,23,9881,1,Early sensory,2,NR
early_sensory,no_reward,0.16250000000000003,1.4282940816703122,1.179570093636036,1.6847680989841531,12,23,9881,1,Early sensory,2,NR
early_sensory,no_reward,0.18750000000000003,1.1209959857135219,0.9116754609566843,1.3221190805009337,12,23,9881,1,Early sensory,2,NR
early_sensory,no_reward,0.21250000000000002,1.1026392302974704,0.8949320384555636,1.3181793900289716,12,23,9881,1,Early sensory,2,NR
early_sensory,no_reward,0.23750000000000002,1.0515325875680601,0.8118750905848824,1.2898822768973481,12,23,9881,1,Early sensory,2,NR
early_sensory,no_reward,0.2625,0.9683662986805546,0.7465130358885004,1.1887091491669748,12,23,9881,1,Early sensory,2,NR
early_sensory,no_reward,0.28750000000000003,0.9578421054306961,0.7431362445161436,1.168433027304145,12,23,9881,1,Early sensory,2,NR
early_sensory,no_reward,0.31250000000000006,0.972079221831388,0.6829121401966197,1.2726546389662183,12,23,9881,1,Early sensory,2,NR
early_sensory,no_reward,0.3375000000000001,0.5925348393758646,0.44893934464733976,0.7543405351008381,12,23,9881,1,Early sensory,2,NR
early_sensory,no_reward,0.36250000000000004,-0.04566573488890318,-0.14792386687586162,0.04942414978054599,12,23,9881,1,Early sensory,2,NR
early_sensory,no_reward,0.3875,-0.22219964910694856,-0.38780984328342777,-0.07953276270849728,12,23,9881,1,Early sensory,2,NR
early_sensory,no_reward,0.41250000000000003,-0.1843638819457789,-0.3659385723209078,-0.03941550026013874,12,23,9881,1,Early sensory,2,NR
early_sensory,no_reward,0.43750000000000006,-0.02317397334165633,-0.16141482220877099,0.09744574039713026,12,23,9881,1,Early sensory,2,NR
early_sensory,no_reward,0.4625000000000001,0.13608194735570942,0.026788605479620312,0.23847358619719305,12,23,9881,1,Early sensory,2,NR
early_sensory,no_reward,0.48750000000000004,0.3306559122646202,0.1927408136583892,0.4719493883511931,12,23,9881,1,Early sensory,2,NR
early_sensory,no_reward,0.5125,0.16657418726337833,0.07529176279883096,0.2610105810156356,12,23,9881,1,Early sensory,2,NR
early_sensory,no_reward,0.5375000000000001,0.09329514860173428,0.013629684997943295,0.18952540323243788,12,23,9881,1,Early sensory,2,NR
early_sensory,no_reward,0.5625,0.09747615781111141,0.018977214639522583,0.19017967956718373,12,23,9881,1,Early sensory,2,NR
early_sensory,no_reward,0.5875000000000001,0.030239024058582156,-0.011750407678338688,0.07243127227468808,12,23,9881,1,Early sensory,2,NR
early_sensory,no_reward,0.6125,0.07133927468104037,0.008780748245570291,0.14288042382721997,12,23,9881,1,Early sensory,2,NR
early_sensory,no_reward,0.6375,0.09305614959551396,0.023953629401308487,0.16728134627298527,12,23,9881,1,Early sensory,2,NR
early_sensory,no_reward,0.6625000000000001,0.09079687883162102,0.016316528405212766,0.16360238696319582,12,23,9881,1,Early sensory,2,NR
early_sensory,no_reward,0.6875,0.09231272001040403,-0.01649151693323932,0.19171793754440444,12,23,9881,1,Early sensory,2,NR
early_sensory,no_reward,0.7125000000000001,0.14986588361667216,0.07280275514825671,0.23047545473635397,12,23,9881,1,Early sensory,2,NR
early_sensory,no_reward,0.7375,0.1783046481361026,0.10207029868453311,0.2575204120582459,12,23,9881,1,Early sensory,2,NR
early_sensory,engaged_2,-0.2375,-0.0647485233326751,-0.11428642200802622,-0.01236564209923607,12,23,9881,1,Early sensory,3,E2
early_sensory,engaged_2,-0.21250000000000002,-0.09886122477788443,-0.17403564707505684,-0.023016329691432823,12,23,9881,1,Early sensory,3,E2
early_sensory,engaged_2,-0.1875,-0.03079274088279592,-0.07140435868437926,0.007691805370266236,12,23,9881,1,Early sensory,3,E2
early_sensory,engaged_2,-0.16249999999999998,-0.06111667361975545,-0.12151297705900065,-0.006888630274384054,12,23,9881,1,Early sensory,3,E2
early_sensory,engaged_2,-0.1375,-0.02762343135593569,-0.07425399503166769,0.015111048508010384,12,23,9881,1,Early sensory,3,E2
early_sensory,engaged_2,-0.11249999999999999,0.0317098727618806,-0.008377466686888303,0.07071065931846189,12,23,9881,1,Early sensory,3,E2
early_sensory,engaged_2,-0.08749999999999998,0.005698483653116821,-0.03402844224995208,0.0446366703413054,12,23,9881,1,Early sensory,3,E2
early_sensory,engaged_2,-0.062499999999999986,0.07008238155960496,0.03290825137712599,0.11825709858032134,12,23,9881,1,Early sensory,3,E2
early_sensory,engaged_2,-0.03749999999999999,0.07996459933187224,0.04165425459613323,0.11903616203499126,12,23,9881,1,Early sensory,3,E2
early_sensory,engaged_2,-0.012499999999999997,0.0956872566625719,0.04918962208855322,0.1521930458631724,12,23,9881,1,Early sensory,3,E2
early_sensory,engaged_2,0.012500000000000011,0.08670737645220551,0.027297282635614973,0.14624929356984676,12,23,9881,1,Early sensory,3,E2
early_sensory,engaged_2,0.03750000000000003,0.2385897661080242,0.19462616990446496,0.2830628047997919,12,23,9881,1,Early sensory,3,E2
early_sensory,engaged_2,0.06250000000000003,2.2996466241193265,1.7477218776611136,2.853077523754971,12,23,9881,1,Early sensory,3,E2
early_sensory,engaged_2,0.08750000000000002,4.377126509683113,3.622962903009948,5.164074050586158,12,23,9881,1,Early sensory,3,E2
early_sensory,engaged_2,0.11250000000000002,3.938242640646978,3.3190871177637793,4.600886046306684,12,23,9881,1,Early sensory,3,E2
early_sensory,engaged_2,0.1375,2.8423579974843562,2.4276430350969718,3.2845623561989905,12,23,9881,1,Early sensory,3,E2
early_sensory,engaged_2,0.16250000000000003,1.9508102027718108,1.6915444314430772,2.2031378242770834,12,23,9881,1,Early sensory,3,E2
early_sensory,engaged_2,0.18750000000000003,1.5173340443256287,1.3121323030248542,1.7228516240473957,12,23,9881,1,Early sensory,3,E2
early_sensory,engaged_2,0.21250000000000002,1.4322441798737453,1.2132739368603784,1.6563771275677288,12,23,9881,1,Early sensory,3,E2
early_sensory,engaged_2,0.23750000000000002,1.3673929177721245,1.1538245690409605,1.585213704754033,12,23,9881,1,Early sensory,3,E2
early_sensory,engaged_2,0.2625,1.1982024682213197,0.9848636115880578,1.40526999967608,12,23,9881,1,Early sensory,3,E2
early_sensory,engaged_2,0.28750000000000003,1.1716165640422347,0.9505692119085494,1.378308354470054,12,23,9881,1,Early sensory,3,E2
early_sensory,engaged_2,0.31250000000000006,1.238997295748317,1.046672381572545,1.464592763394976,12,23,9881,1,Early sensory,3,E2
early_sensory,engaged_2,0.3375000000000001,0.5338419946964512,0.3961949222211381,0.6835535229271172,12,23,9881,1,Early sensory,3,E2
early_sensory,engaged_2,0.36250000000000004,-0.09398586229941697,-0.323990158372957,0.11289098748153358,12,23,9881,1,Early sensory,3,E2
early_sensory,engaged_2,0.3875,-0.3397806026156391,-0.611308072904008,-0.10277244231708799,12,23,9881,1,Early sensory,3,E2
early_sensory,engaged_2,0.41250000000000003,-0.27025490243180966,-0.5351637479402899,-0.03931259777766551,12,23,9881,1,Early sensory,3,E2
early_sensory,engaged_2,0.43750000000000006,-0.13279792904797666,-0.35609218287745287,0.07380225067100646,12,23,9881,1,Early sensory,3,E2
early_sensory,engaged_2,0.4625000000000001,0.13813565574875522,0.008212310778164783,0.29203167676129616,12,23,9881,1,Early sensory,3,E2
early_sensory,engaged_2,0.48750000000000004,0.4645805108539199,0.33579033842677686,0.6026509031625834,12,23,9881,1,Early sensory,3,E2
early_sensory,engaged_2,0.5125,0.35645830209517615,0.146831483250347,0.5973974069156085,12,23,9881,1,Early sensory,3,E2
early_sensory,engaged_2,0.5375000000000001,0.15110239635209347,-0.04005711954224566,0.33712557538632154,12,23,9881,1,Early sensory,3,E2
early_sensory,engaged_2,0.5625,0.06501318740159312,-0.10241457174075255,0.22092921132485027,12,23,9881,1,Early sensory,3,E2
early_sensory,engaged_2,0.5875000000000001,0.05576310848476431,-0.09822774489492328,0.20463192360851507,12,23,9881,1,Early sensory,3,E2
early_sensory,engaged_2,0.6125,0.06417081363597284,-0.08966374101636154,0.2119674103682896,12,23,9881,1,Early sensory,3,E2
early_sensory,engaged_2,0.6375,0.09580363541169527,-0.056804905081332936,0.23357994925736944,12,23,9881,1,Early sensory,3,E2
early_sensory,engaged_2,0.6625000000000001,0.15059301708453285,0.013031457165660764,0.27593235990772563,12,23,9881,1,Early sensory,3,E2
early_sensory,engaged_2,0.6875,0.15891171588475247,0.024018116625209376,0.281872955400279,12,23,9881,1,Early sensory,3,E2
early_sensory,engaged_2,0.7125000000000001,0.16590519371329818,0.03438642844726299,0.2865790019621179,12,23,9881,1,Early sensory,3,E2
early_sensory,engaged_2,0.7375,0.19021938550730924,0.0526003522663633,0.3238877898657817,12,23,9881,1,Early sensory,3,E2
late_action,engaged_1,-0.2375,0.1262238883794594,0.007817887035016879,0.23992640868286227,12,23,4910,2,Late / action,1,E1
late_action,engaged_1,-0.21250000000000002,0.07263343154967221,-0.05456451737128286,0.20379236438112378,12,23,4910,2,Late / action,1,E1
late_action,engaged_1,-0.1875,-0.05883766931607828,-0.17191531614384295,0.05975535568787957,12,23,4910,2,Late / action,1,E1
late_action,engaged_1,-0.16249999999999998,-0.012947351551686784,-0.1333526189937167,0.10706900337705301,12,23,4910,2,Late / action,1,E1
late_action,engaged_1,-0.1375,0.034532381168674325,-0.1431627340144641,0.22535983797609987,12,23,4910,2,Late / action,1,E1
late_action,engaged_1,-0.11249999999999999,-0.03392817891097417,-0.1709000224859699,0.11060198165954085,12,23,4910,2,Late / action,1,E1
late_action,engaged_1,-0.08749999999999998,-0.018417739729052213,-0.1766695607724266,0.14257062599998888,12,23,4910,2,Late / action,1,E1
late_action,engaged_1,-0.062499999999999986,0.0778061590361766,-0.035823265462579156,0.18862412447111968,12,23,4910,2,Late / action,1,E1
late_action,engaged_1,-0.03749999999999999,-0.16351713572391055,-0.2428601598350189,-0.08451789290652713,12,23,4910,2,Late / action,1,E1
late_action,engaged_1,-0.012499999999999997,-0.023547784902280117,-0.11221707285794053,0.05975670491963094,12,23,4910,2,Late / action,1,E1
late_action,engaged_1,0.012500000000000011,0.04502917978271556,-0.1286094064245992,0.23256137184372525,12,23,4910,2,Late / action,1,E1
late_action,engaged_1,0.03750000000000003,0.03448626955147289,-0.1249982123131688,0.19006606421719596,12,23,4910,2,Late / action,1,E1
late_action,engaged_1,0.06250000000000003,-0.12653557152695985,-0.43377795981511985,0.1686913687100486,12,23,4910,2,Late / action,1,E1
late_action,engaged_1,0.08750000000000002,-0.18716284950382436,-0.5512546364096865,0.18970709574319006,12,23,4910,2,Late / action,1,E1
late_action,engaged_1,0.11250000000000002,0.8480716110911413,0.30063766192093144,1.4651470961976332,12,23,4910,2,Late / action,1,E1
late_action,engaged_1,0.1375,2.4150262455530886,1.4790629743042383,3.4948261888796495,12,23,4910,2,Late / action,1,E1
late_action,engaged_1,0.16250000000000003,3.801137450313256,2.8349148579328736,4.8733304685727905,12,23,4910,2,Late / action,1,E1
late_action,engaged_1,0.18750000000000003,5.222817584356508,4.086899477407947,6.42045597049367,12,23,4910,2,Late / action,1,E1
late_action,engaged_1,0.21250000000000002,6.096777949533151,4.908408162342113,7.264789699633634,12,23,4910,2,Late / action,1,E1
late_action,engaged_1,0.23750000000000002,6.704719334522792,5.607892151279651,7.793981999342703,12,23,4910,2,Late / action,1,E1
late_action,engaged_1,0.2625,7.279674896716956,6.16605843782428,8.317941794764533,12,23,4910,2,Late / action,1,E1
late_action,engaged_1,0.28750000000000003,7.857556283629527,6.799151839075738,8.85397253365475,12,23,4910,2,Late / action,1,E1
late_action,engaged_1,0.31250000000000006,8.160885115387346,7.163692279451009,9.145226821524696,12,23,4910,2,Late / action,1,E1
late_action,engaged_1,0.3375000000000001,8.3969384686346,7.575804074719,9.289421217964788,12,23,4910,2,Late / action,1,E1
late_action,engaged_1,0.36250000000000004,8.349309044005244,7.377769846895623,9.490644902971702,12,23,4910,2,Late / action,1,E1
late_action,engaged_1,0.3875,8.243362290500224,7.104487771443825,9.56834130261655,12,23,4910,2,Late / action,1,E1
late_action,engaged_1,0.41250000000000003,8.01501814919032,6.932777567832755,9.309924321481011,12,23,4910,2,Late / action,1,E1
late_action,engaged_1,0.43750000000000006,7.7251022278987485,6.631527557830114,9.031530659343636,12,23,4910,2,Late / action,1,E1
late_action,engaged_1,0.4625000000000001,7.392363953336354,6.260908916726156,8.666821024761873,12,23,4910,2,Late / action,1,E1
late_action,engaged_1,0.48750000000000004,7.0327356491671145,5.910048803731429,8.325421195081976,12,23,4910,2,Late / action,1,E1
late_action,engaged_1,0.5125,6.964237915667276,5.936379849157562,8.210467668389327,12,23,4910,2,Late / action,1,E1
late_action,engaged_1,0.5375000000000001,6.561282964078533,5.476326954467162,7.75244610187498,12,23,4910,2,Late / action,1,E1
late_action,engaged_1,0.5625,6.3293772384719285,5.302353944915825,7.45094007209617,12,23,4910,2,Late / action,1,E1
late_action,engaged_1,0.5875000000000001,6.303038613939546,5.280020422187966,7.427031351530334,12,23,4910,2,Late / action,1,E1
late_action,engaged_1,0.6125,6.162685724173026,5.250554461230833,7.149955822968126,12,23,4910,2,Late / action,1,E1
late_action,engaged_1,0.6375,5.769193560147648,4.7608124226351185,6.873225598271539,12,23,4910,2,Late / action,1,E1
late_action,engaged_1,0.6625000000000001,5.575384920399227,4.692240192968056,6.558877595595024,12,23,4910,2,Late / action,1,E1
late_action,engaged_1,0.6875,5.570333157107664,4.544333007803835,6.683888947537775,12,23,4910,2,Late / action,1,E1
late_action,engaged_1,0.7125000000000001,5.3823854591997735,4.3251563613695945,6.510612442394829,12,23,4910,2,Late / action,1,E1
late_action,engaged_1,0.7375,5.226092553342858,4.251330701731038,6.276858986700707,12,23,4910,2,Late / action,1,E1
late_action,no_reward,-0.2375,0.07102475879949503,-0.04444309974751223,0.16324074826097362,12,23,4910,2,Late / action,2,NR
late_action,no_reward,-0.21250000000000002,0.07208396075693381,-0.046050303349675234,0.17907517631191014,12,23,4910,2,Late / action,2,NR
late_action,no_reward,-0.1875,0.012405910097425575,-0.07203601954765841,0.09081805752627528,12,23,4910,2,Late / action,2,NR
late_action,no_reward,-0.16249999999999998,0.13383380595462105,-0.0146975862955032,0.31589129587139997,12,23,4910,2,Late / action,2,NR
late_action,no_reward,-0.1375,-0.06878741949771247,-0.16991596820625743,0.03475356914211488,12,23,4910,2,Late / action,2,NR
late_action,no_reward,-0.11249999999999999,-0.05175632588208792,-0.12598761431044417,0.03487999646343263,12,23,4910,2,Late / action,2,NR
late_action,no_reward,-0.08749999999999998,-0.054213546773356526,-0.16743157102620831,0.04883485042905552,12,23,4910,2,Late / action,2,NR
late_action,no_reward,-0.062499999999999986,-0.033781535510730355,-0.11474718122248521,0.04920074753701458,12,23,4910,2,Late / action,2,NR
late_action,no_reward,-0.03749999999999999,-0.037751378888345226,-0.1379397399458536,0.06367493143212201,12,23,4910,2,Late / action,2,NR
late_action,no_reward,-0.012499999999999997,-0.04305822905624288,-0.1622734193961886,0.08733360419093542,12,23,4910,2,Late / action,2,NR
late_action,no_reward,0.012500000000000011,0.011302806207599115,-0.12254599345560871,0.14838339742284748,12,23,4910,2,Late / action,2,NR
late_action,no_reward,0.03750000000000003,0.039994896316336306,-0.07894824598648115,0.15835548754248016,12,23,4910,2,Late / action,2,NR
late_action,no_reward,0.06250000000000003,-0.20936948214316198,-0.36781101898085167,-0.0655279632961036,12,23,4910,2,Late / action,2,NR
late_action,no_reward,0.08750000000000002,-0.16886742258365972,-0.3837277993057028,0.0494964124759114,12,23,4910,2,Late / action,2,NR
late_action,no_reward,0.11250000000000002,0.42306333689679315,0.19192438644297133,0.6448928116573711,12,23,4910,2,Late / action,2,NR
late_action,no_reward,0.1375,1.0878366920708171,0.6547734516193494,1.6195941198701262,12,23,4910,2,Late / action,2,NR
late_action,no_reward,0.16250000000000003,1.618491279484869,1.1245729440328764,2.2092407175373268,12,23,4910,2,Late / action,2,NR
late_action,no_reward,0.18750000000000003,2.0062509105768034,1.5457703172945498,2.50315231026398,12,23,4910,2,Late / action,2,NR
late_action,no_reward,0.21250000000000002,2.27622456922687,1.8013671287657065,2.775522210372467,12,23,4910,2,Late / action,2,NR
late_action,no_reward,0.23750000000000002,2.407615913306915,1.8856420224739585,2.902131762403364,12,23,4910,2,Late / action,2,NR
late_action,no_reward,0.2625,2.5327784879875503,2.0093484245849518,3.0531340396818583,12,23,4910,2,Late / action,2,NR
late_action,no_reward,0.28750000000000003,2.5274338121225424,2.0167369367791337,3.029580318495431,12,23,4910,2,Late / action,2,NR
late_action,no_reward,0.31250000000000006,2.718074105957362,2.184114450015789,3.2301369216190583,12,23,4910,2,Late / action,2,NR
late_action,no_reward,0.3375000000000001,2.9692026936062645,2.460944347556261,3.5244746576105137,12,23,4910,2,Late / action,2,NR
late_action,no_reward,0.36250000000000004,2.758920278628621,2.27792322811733,3.2620201361549452,12,23,4910,2,Late / action,2,NR
late_action,no_reward,0.3875,2.7132196297731195,2.224818332107396,3.250977914746308,12,23,4910,2,Late / action,2,NR
late_action,no_reward,0.41250000000000003,2.780107919771808,2.258940863407092,3.3350655353933774,12,23,4910,2,Late / action,2,NR
late_action,no_reward,0.43750000000000006,2.488934375696135,1.9666457522860352,3.1101193170704744,12,23,4910,2,Late / action,2,NR
late_action,no_reward,0.4625000000000001,2.1730323817509727,1.612598211542321,2.8279956502990813,12,23,4910,2,Late / action,2,NR
late_action,no_reward,0.48750000000000004,2.042086881995677,1.5053269707113235,2.674265887818194,12,23,4910,2,Late / action,2,NR
late_action,no_reward,0.5125,1.8659441738119125,1.3362255875006581,2.4751864539343145,12,23,4910,2,Late / action,2,NR
late_action,no_reward,0.5375000000000001,1.9139291720510292,1.373979676615435,2.5451742579989816,12,23,4910,2,Late / action,2,NR
late_action,no_reward,0.5625,1.8911619447026753,1.328268604158557,2.497729469650401,12,23,4910,2,Late / action,2,NR
late_action,no_reward,0.5875000000000001,1.6606550354435534,1.1617740639922096,2.2208492764537286,12,23,4910,2,Late / action,2,NR
late_action,no_reward,0.6125,1.59624814804239,1.0790163575587355,2.162396214544538,12,23,4910,2,Late / action,2,NR
late_action,no_reward,0.6375,1.4430304334268955,0.996328881721921,1.9347465416336114,12,23,4910,2,Late / action,2,NR
late_action,no_reward,0.6625000000000001,1.3980423804977429,0.9530945198030609,1.870056985236844,12,23,4910,2,Late / action,2,NR
late_action,no_reward,0.6875,1.2795462289867048,0.8375157335306296,1.7553655877007954,12,23,4910,2,Late / action,2,NR
late_action,no_reward,0.7125000000000001,1.077631549266607,0.7345041505455495,1.4337846779446908,12,23,4910,2,Late / action,2,NR
late_action,no_reward,0.7375,1.0453759774533902,0.6586558017928165,1.4788920543069526,12,23,4910,2,Late / action,2,NR
late_action,engaged_2,-0.2375,-0.04688650147024992,-0.1803384753967617,0.09019540869151665,12,23,4910,2,Late / action,3,E2
late_action,engaged_2,-0.21250000000000002,0.017102117304498714,-0.1049615768810999,0.1653273391112492,12,23,4910,2,Late / action,3,E2
late_action,engaged_2,-0.1875,0.01727028586162509,-0.17171228697148427,0.2053306076113596,12,23,4910,2,Late / action,3,E2
late_action,engaged_2,-0.16249999999999998,-0.10431107294244561,-0.28089080724253074,0.06248560676338,12,23,4910,2,Late / action,3,E2
late_action,engaged_2,-0.1375,-0.019143437502857564,-0.1417374993273479,0.11691693075952449,12,23,4910,2,Late / action,3,E2
late_action,engaged_2,-0.11249999999999999,-0.03600181997032276,-0.1304637688946401,0.07309549284373924,12,23,4910,2,Late / action,3,E2
late_action,engaged_2,-0.08749999999999998,0.05414533850850464,-0.07560606731701482,0.17667792217336964,12,23,4910,2,Late / action,3,E2
late_action,engaged_2,-0.062499999999999986,0.08503018390873941,-0.017656599258562857,0.20911416500594546,12,23,4910,2,Late / action,3,E2
late_action,engaged_2,-0.03749999999999999,0.15084561322373932,0.06311717782666362,0.23005483020479478,12,23,4910,2,Late / action,3,E2
late_action,engaged_2,-0.012499999999999997,-0.118050706921231,-0.2156690290677995,-0.026846355299178115,12,23,4910,2,Late / action,3,E2
late_action,engaged_2,0.012500000000000011,0.004961689035567709,-0.16207097566601908,0.1888277964561147,12,23,4910,2,Late / action,3,E2
late_action,engaged_2,0.03750000000000003,0.14859861544677164,-0.0688439695334331,0.38809158425633594,12,23,4910,2,Late / action,3,E2
late_action,engaged_2,0.06250000000000003,-0.1589406073244774,-0.3880702820584304,0.05327797513118363,12,23,4910,2,Late / action,3,E2
late_action,engaged_2,0.08750000000000002,-0.08567527654106298,-0.42354441069340987,0.27129354771237335,12,23,4910,2,Late / action,3,E2
late_action,engaged_2,0.11250000000000002,1.2813179301059827,0.7601353814958711,1.8278848785573725,12,23,4910,2,Late / action,3,E2
late_action,engaged_2,0.1375,2.692574661619593,1.8401005370366468,3.686965769814702,12,23,4910,2,Late / action,3,E2
late_action,engaged_2,0.16250000000000003,4.404823008739546,3.429650059282913,5.468186326183796,12,23,4910,2,Late / action,3,E2
late_action,engaged_2,0.18750000000000003,5.674834914285641,4.385828384362731,6.983713540055437,12,23,4910,2,Late / action,3,E2
late_action,engaged_2,0.21250000000000002,6.359413561908038,4.9862520730879405,7.828663157625775,12,23,4910,2,Late / action,3,E2
late_action,engaged_2,0.23750000000000002,7.127172811289406,5.680096088568325,8.641357897740676,12,23,4910,2,Late / action,3,E2
late_action,engaged_2,0.2625,7.68636130600579,6.304978679394293,9.110467757979825,12,23,4910,2,Late / action,3,E2
late_action,engaged_2,0.28750000000000003,8.183987566448701,6.823805380982907,9.521223284761394,12,23,4910,2,Late / action,3,E2
late_action,engaged_2,0.31250000000000006,8.59741065895431,7.2717983178628955,9.895079263091406,12,23,4910,2,Late / action,3,E2
late_action,engaged_2,0.3375000000000001,8.801959441297628,7.680660159062915,9.884782533136887,12,23,4910,2,Late / action,3,E2
late_action,engaged_2,0.36250000000000004,8.542838973680462,7.502676290236576,9.66909233091919,12,23,4910,2,Late / action,3,E2
late_action,engaged_2,0.3875,8.32849673796739,7.26531095403901,9.527689977486267,12,23,4910,2,Late / action,3,E2
late_action,engaged_2,0.41250000000000003,8.081914153754381,7.170476678261356,9.161533436202923,12,23,4910,2,Late / action,3,E2
late_action,engaged_2,0.43750000000000006,7.933964749526485,7.023778976292609,9.00899828580028,12,23,4910,2,Late / action,3,E2
late_action,engaged_2,0.4625000000000001,7.798842844060947,6.8378761958901215,8.892269358918684,12,23,4910,2,Late / action,3,E2
late_action,engaged_2,0.48750000000000004,7.425279328038054,6.424388273676193,8.582795469482168,12,23,4910,2,Late / action,3,E2
late_action,engaged_2,0.5125,7.159742561194826,6.142262094459816,8.3527556857407,12,23,4910,2,Late / action,3,E2
late_action,engaged_2,0.5375000000000001,6.970285996985243,6.042395122453522,8.032242685808344,12,23,4910,2,Late / action,3,E2
late_action,engaged_2,0.5625,6.785771312512804,5.864157508172596,7.81327175322982,12,23,4910,2,Late / action,3,E2
late_action,engaged_2,0.5875000000000001,6.640138721531424,5.7409862152801585,7.558816097984967,12,23,4910,2,Late / action,3,E2
late_action,engaged_2,0.6125,6.6213100370803595,5.70315484874508,7.591090364895371,12,23,4910,2,Late / action,3,E2
late_action,engaged_2,0.6375,6.436009595336891,5.596120552292513,7.342467703233622,12,23,4910,2,Late / action,3,E2
late_action,engaged_2,0.6625000000000001,6.054779004950288,5.2177528428245274,6.961791281142556,12,23,4910,2,Late / action,3,E2
late_action,engaged_2,0.6875,5.999164468272144,5.153333946118432,6.9128594310913,12,23,4910,2,Late / action,3,E2
late_action,engaged_2,0.7125000000000001,5.884080645528368,5.035875094479616,6.813917881387632,12,23,4910,2,Late / action,3,E2
late_action,engaged_2,0.7375,5.703557645092283,4.864242685248517,6.567318545490231,12,23,4910,2,Late / action,3,E2
