table_id,table_path,column_name,column_requirement,expected_logical_dtype,n_sources_audited,n_sources_present,n_sources_missing_or_unread,n_sources_compatible,n_sources_incompatible,n_sources_read_error,n_schema_variants,schema_variant_sha256s,observed_physical_dtypes,field_audit_status
electrodes,/general/extracellular_ephys/electrodes,filtering,unexpected,,99,99,0,0,99,0,1,6bd7bf8562e3bd984ccb2aec289d878f5162209f1fdf57f6cc0affdb581432c7,String,dtype_incompatible
electrodes,/general/extracellular_ephys/electrodes,group,unexpected,,99,99,0,0,99,0,1,6bd7bf8562e3bd984ccb2aec289d878f5162209f1fdf57f6cc0affdb581432c7,String,dtype_incompatible
electrodes,/general/extracellular_ephys/electrodes,group_name,unexpected,,99,99,0,0,99,0,1,6bd7bf8562e3bd984ccb2aec289d878f5162209f1fdf57f6cc0affdb581432c7,String,dtype_incompatible
electrodes,/general/extracellular_ephys/electrodes,id,required,integer,99,99,0,99,0,0,1,6bd7bf8562e3bd984ccb2aec289d878f5162209f1fdf57f6cc0affdb581432c7,Int32,pass
electrodes,/general/extracellular_ephys/electrodes,imp,unexpected,,99,99,0,0,99,0,1,6bd7bf8562e3bd984ccb2aec289d878f5162209f1fdf57f6cc0affdb581432c7,Float64,dtype_incompatible
electrodes,/general/extracellular_ephys/electrodes,location,required,string,99,99,0,99,0,0,1,6bd7bf8562e3bd984ccb2aec289d878f5162209f1fdf57f6cc0affdb581432c7,String,pass
electrodes,/general/extracellular_ephys/electrodes,probe_channel_number,optional,integer,99,99,0,99,0,0,1,6bd7bf8562e3bd984ccb2aec289d878f5162209f1fdf57f6cc0affdb581432c7,Int32,pass
electrodes,/general/extracellular_ephys/electrodes,probe_horizontal_position,optional,numeric,99,99,0,99,0,0,1,6bd7bf8562e3bd984ccb2aec289d878f5162209f1fdf57f6cc0affdb581432c7,Int32,pass
electrodes,/general/extracellular_ephys/electrodes,probe_id,required,integer,99,99,0,99,0,0,1,6bd7bf8562e3bd984ccb2aec289d878f5162209f1fdf57f6cc0affdb581432c7,Int32,pass
electrodes,/general/extracellular_ephys/electrodes,probe_vertical_position,optional,numeric,99,99,0,99,0,0,1,6bd7bf8562e3bd984ccb2aec289d878f5162209f1fdf57f6cc0affdb581432c7,Int32,pass
electrodes,/general/extracellular_ephys/electrodes,valid_data,optional,boolean,99,99,0,99,0,0,1,6bd7bf8562e3bd984ccb2aec289d878f5162209f1fdf57f6cc0affdb581432c7,Boolean,pass
electrodes,/general/extracellular_ephys/electrodes,x,required,numeric,99,99,0,99,0,0,1,6bd7bf8562e3bd984ccb2aec289d878f5162209f1fdf57f6cc0affdb581432c7,Float64,pass
electrodes,/general/extracellular_ephys/electrodes,y,required,numeric,99,99,0,99,0,0,1,6bd7bf8562e3bd984ccb2aec289d878f5162209f1fdf57f6cc0affdb581432c7,Float64,pass
electrodes,/general/extracellular_ephys/electrodes,z,required,numeric,99,99,0,99,0,0,1,6bd7bf8562e3bd984ccb2aec289d878f5162209f1fdf57f6cc0affdb581432c7,Float64,pass
task_image_presentations,/intervals/dynamic_routing_image_set_presentations,active,required,boolean,36,36,0,36,0,0,1,f8290be9ab6cae08352c11cc19069c675ae452808d0c7467f6b00add1e4d22b6,Boolean,pass
task_image_presentations,/intervals/dynamic_routing_image_set_presentations,duration,unexpected,,36,36,0,0,36,0,1,f8290be9ab6cae08352c11cc19069c675ae452808d0c7467f6b00add1e4d22b6,Float64,dtype_incompatible
task_image_presentations,/intervals/dynamic_routing_image_set_presentations,end_frame,unexpected,,36,36,0,0,36,0,1,f8290be9ab6cae08352c11cc19069c675ae452808d0c7467f6b00add1e4d22b6,Int32,dtype_incompatible
task_image_presentations,/intervals/dynamic_routing_image_set_presentations,flashes_since_change,required,numeric,36,36,0,36,0,0,1,f8290be9ab6cae08352c11cc19069c675ae452808d0c7467f6b00add1e4d22b6,Float64,pass
task_image_presentations,/intervals/dynamic_routing_image_set_presentations,id,required,integer,36,36,0,36,0,0,1,f8290be9ab6cae08352c11cc19069c675ae452808d0c7467f6b00add1e4d22b6,Int32,pass
task_image_presentations,/intervals/dynamic_routing_image_set_presentations,image_name,required,string,36,36,0,36,0,0,1,f8290be9ab6cae08352c11cc19069c675ae452808d0c7467f6b00add1e4d22b6,String,pass
task_image_presentations,/intervals/dynamic_routing_image_set_presentations,is_change,required,boolean,36,36,0,36,0,0,1,f8290be9ab6cae08352c11cc19069c675ae452808d0c7467f6b00add1e4d22b6,Boolean,pass
task_image_presentations,/intervals/dynamic_routing_image_set_presentations,is_image_novel,required,boolean,36,36,0,36,0,0,1,f8290be9ab6cae08352c11cc19069c675ae452808d0c7467f6b00add1e4d22b6,Boolean,pass
task_image_presentations,/intervals/dynamic_routing_image_set_presentations,omitted,required,boolean,36,36,0,36,0,0,1,f8290be9ab6cae08352c11cc19069c675ae452808d0c7467f6b00add1e4d22b6,Boolean,pass
task_image_presentations,/intervals/dynamic_routing_image_set_presentations,rewarded,required,boolean,36,36,0,36,0,0,1,f8290be9ab6cae08352c11cc19069c675ae452808d0c7467f6b00add1e4d22b6,Boolean,pass
task_image_presentations,/intervals/dynamic_routing_image_set_presentations,start_frame,required,integer,36,36,0,36,0,0,1,f8290be9ab6cae08352c11cc19069c675ae452808d0c7467f6b00add1e4d22b6,Int32,pass
task_image_presentations,/intervals/dynamic_routing_image_set_presentations,start_time,required,numeric,36,36,0,36,0,0,1,f8290be9ab6cae08352c11cc19069c675ae452808d0c7467f6b00add1e4d22b6,Float64,pass
task_image_presentations,/intervals/dynamic_routing_image_set_presentations,stimulus_block,required,integer,36,36,0,36,0,0,1,f8290be9ab6cae08352c11cc19069c675ae452808d0c7467f6b00add1e4d22b6,Int32,pass
task_image_presentations,/intervals/dynamic_routing_image_set_presentations,stimulus_name,optional,string,36,36,0,36,0,0,1,f8290be9ab6cae08352c11cc19069c675ae452808d0c7467f6b00add1e4d22b6,String,pass
task_image_presentations,/intervals/dynamic_routing_image_set_presentations,stop_time,required,numeric,36,36,0,36,0,0,1,f8290be9ab6cae08352c11cc19069c675ae452808d0c7467f6b00add1e4d22b6,Float64,pass
task_image_presentations,/intervals/dynamic_routing_image_set_presentations,tags,unexpected,,36,36,0,0,36,0,1,f8290be9ab6cae08352c11cc19069c675ae452808d0c7467f6b00add1e4d22b6,List(String),dtype_incompatible
task_image_presentations,/intervals/dynamic_routing_image_set_presentations,timeseries,unexpected,,36,36,0,0,36,0,1,f8290be9ab6cae08352c11cc19069c675ae452808d0c7467f6b00add1e4d22b6,List(Object),dtype_incompatible
task_image_presentations,/intervals/image-set-im005_r_presentations,active,required,boolean,17,17,0,17,0,0,1,f8290be9ab6cae08352c11cc19069c675ae452808d0c7467f6b00add1e4d22b6,Boolean,pass
task_image_presentations,/intervals/image-set-im005_r_presentations,duration,unexpected,,17,17,0,0,17,0,1,f8290be9ab6cae08352c11cc19069c675ae452808d0c7467f6b00add1e4d22b6,Float64,dtype_incompatible
task_image_presentations,/intervals/image-set-im005_r_presentations,end_frame,unexpected,,17,17,0,0,17,0,1,f8290be9ab6cae08352c11cc19069c675ae452808d0c7467f6b00add1e4d22b6,Int32,dtype_incompatible
task_image_presentations,/intervals/image-set-im005_r_presentations,flashes_since_change,required,numeric,17,17,0,17,0,0,1,f8290be9ab6cae08352c11cc19069c675ae452808d0c7467f6b00add1e4d22b6,Float64,pass
task_image_presentations,/intervals/image-set-im005_r_presentations,id,required,integer,17,17,0,17,0,0,1,f8290be9ab6cae08352c11cc19069c675ae452808d0c7467f6b00add1e4d22b6,Int32,pass
task_image_presentations,/intervals/image-set-im005_r_presentations,image_name,required,string,17,17,0,17,0,0,1,f8290be9ab6cae08352c11cc19069c675ae452808d0c7467f6b00add1e4d22b6,String,pass
task_image_presentations,/intervals/image-set-im005_r_presentations,is_change,required,boolean,17,17,0,17,0,0,1,f8290be9ab6cae08352c11cc19069c675ae452808d0c7467f6b00add1e4d22b6,Boolean,pass
task_image_presentations,/intervals/image-set-im005_r_presentations,is_image_novel,required,boolean,17,17,0,17,0,0,1,f8290be9ab6cae08352c11cc19069c675ae452808d0c7467f6b00add1e4d22b6,Boolean,pass
task_image_presentations,/intervals/image-set-im005_r_presentations,omitted,required,boolean,17,17,0,17,0,0,1,f8290be9ab6cae08352c11cc19069c675ae452808d0c7467f6b00add1e4d22b6,Boolean,pass
task_image_presentations,/intervals/image-set-im005_r_presentations,rewarded,required,boolean,17,17,0,17,0,0,1,f8290be9ab6cae08352c11cc19069c675ae452808d0c7467f6b00add1e4d22b6,Boolean,pass
task_image_presentations,/intervals/image-set-im005_r_presentations,start_frame,required,integer,17,17,0,17,0,0,1,f8290be9ab6cae08352c11cc19069c675ae452808d0c7467f6b00add1e4d22b6,Int32,pass
task_image_presentations,/intervals/image-set-im005_r_presentations,start_time,required,numeric,17,17,0,17,0,0,1,f8290be9ab6cae08352c11cc19069c675ae452808d0c7467f6b00add1e4d22b6,Float64,pass
task_image_presentations,/intervals/image-set-im005_r_presentations,stimulus_block,required,integer,17,17,0,17,0,0,1,f8290be9ab6cae08352c11cc19069c675ae452808d0c7467f6b00add1e4d22b6,Int32,pass
task_image_presentations,/intervals/image-set-im005_r_presentations,stimulus_name,optional,string,17,17,0,17,0,0,1,f8290be9ab6cae08352c11cc19069c675ae452808d0c7467f6b00add1e4d22b6,String,pass
task_image_presentations,/intervals/image-set-im005_r_presentations,stop_time,required,numeric,17,17,0,17,0,0,1,f8290be9ab6cae08352c11cc19069c675ae452808d0c7467f6b00add1e4d22b6,Float64,pass
task_image_presentations,/intervals/image-set-im005_r_presentations,tags,unexpected,,17,17,0,0,17,0,1,f8290be9ab6cae08352c11cc19069c675ae452808d0c7467f6b00add1e4d22b6,List(String),dtype_incompatible
task_image_presentations,/intervals/image-set-im005_r_presentations,timeseries,unexpected,,17,17,0,0,17,0,1,f8290be9ab6cae08352c11cc19069c675ae452808d0c7467f6b00add1e4d22b6,List(Object),dtype_incompatible
task_image_presentations,/intervals/image-set-im087_r_presentations,active,required,boolean,14,14,0,14,0,0,1,f8290be9ab6cae08352c11cc19069c675ae452808d0c7467f6b00add1e4d22b6,Boolean,pass
task_image_presentations,/intervals/image-set-im087_r_presentations,duration,unexpected,,14,14,0,0,14,0,1,f8290be9ab6cae08352c11cc19069c675ae452808d0c7467f6b00add1e4d22b6,Float64,dtype_incompatible
task_image_presentations,/intervals/image-set-im087_r_presentations,end_frame,unexpected,,14,14,0,0,14,0,1,f8290be9ab6cae08352c11cc19069c675ae452808d0c7467f6b00add1e4d22b6,Int32,dtype_incompatible
task_image_presentations,/intervals/image-set-im087_r_presentations,flashes_since_change,required,numeric,14,14,0,14,0,0,1,f8290be9ab6cae08352c11cc19069c675ae452808d0c7467f6b00add1e4d22b6,Float64,pass
task_image_presentations,/intervals/image-set-im087_r_presentations,id,required,integer,14,14,0,14,0,0,1,f8290be9ab6cae08352c11cc19069c675ae452808d0c7467f6b00add1e4d22b6,Int32,pass
task_image_presentations,/intervals/image-set-im087_r_presentations,image_name,required,string,14,14,0,14,0,0,1,f8290be9ab6cae08352c11cc19069c675ae452808d0c7467f6b00add1e4d22b6,String,pass
task_image_presentations,/intervals/image-set-im087_r_presentations,is_change,required,boolean,14,14,0,14,0,0,1,f8290be9ab6cae08352c11cc19069c675ae452808d0c7467f6b00add1e4d22b6,Boolean,pass
task_image_presentations,/intervals/image-set-im087_r_presentations,is_image_novel,required,boolean,14,14,0,14,0,0,1,f8290be9ab6cae08352c11cc19069c675ae452808d0c7467f6b00add1e4d22b6,Boolean,pass
task_image_presentations,/intervals/image-set-im087_r_presentations,omitted,required,boolean,14,14,0,14,0,0,1,f8290be9ab6cae08352c11cc19069c675ae452808d0c7467f6b00add1e4d22b6,Boolean,pass
task_image_presentations,/intervals/image-set-im087_r_presentations,rewarded,required,boolean,14,14,0,14,0,0,1,f8290be9ab6cae08352c11cc19069c675ae452808d0c7467f6b00add1e4d22b6,Boolean,pass
task_image_presentations,/intervals/image-set-im087_r_presentations,start_frame,required,integer,14,14,0,14,0,0,1,f8290be9ab6cae08352c11cc19069c675ae452808d0c7467f6b00add1e4d22b6,Int32,pass
task_image_presentations,/intervals/image-set-im087_r_presentations,start_time,required,numeric,14,14,0,14,0,0,1,f8290be9ab6cae08352c11cc19069c675ae452808d0c7467f6b00add1e4d22b6,Float64,pass
task_image_presentations,/intervals/image-set-im087_r_presentations,stimulus_block,required,integer,14,14,0,14,0,0,1,f8290be9ab6cae08352c11cc19069c675ae452808d0c7467f6b00add1e4d22b6,Int32,pass
task_image_presentations,/intervals/image-set-im087_r_presentations,stimulus_name,optional,string,14,14,0,14,0,0,1,f8290be9ab6cae08352c11cc19069c675ae452808d0c7467f6b00add1e4d22b6,String,pass
task_image_presentations,/intervals/image-set-im087_r_presentations,stop_time,required,numeric,14,14,0,14,0,0,1,f8290be9ab6cae08352c11cc19069c675ae452808d0c7467f6b00add1e4d22b6,Float64,pass
task_image_presentations,/intervals/image-set-im087_r_presentations,tags,unexpected,,14,14,0,0,14,0,1,f8290be9ab6cae08352c11cc19069c675ae452808d0c7467f6b00add1e4d22b6,List(String),dtype_incompatible
task_image_presentations,/intervals/image-set-im087_r_presentations,timeseries,unexpected,,14,14,0,0,14,0,1,f8290be9ab6cae08352c11cc19069c675ae452808d0c7467f6b00add1e4d22b6,List(Object),dtype_incompatible
task_image_presentations,/intervals/image-set-im104_r_presentations,active,required,boolean,16,16,0,16,0,0,1,f8290be9ab6cae08352c11cc19069c675ae452808d0c7467f6b00add1e4d22b6,Boolean,pass
task_image_presentations,/intervals/image-set-im104_r_presentations,duration,unexpected,,16,16,0,0,16,0,1,f8290be9ab6cae08352c11cc19069c675ae452808d0c7467f6b00add1e4d22b6,Float64,dtype_incompatible
task_image_presentations,/intervals/image-set-im104_r_presentations,end_frame,unexpected,,16,16,0,0,16,0,1,f8290be9ab6cae08352c11cc19069c675ae452808d0c7467f6b00add1e4d22b6,Int32,dtype_incompatible
task_image_presentations,/intervals/image-set-im104_r_presentations,flashes_since_change,required,numeric,16,16,0,16,0,0,1,f8290be9ab6cae08352c11cc19069c675ae452808d0c7467f6b00add1e4d22b6,Float64,pass
task_image_presentations,/intervals/image-set-im104_r_presentations,id,required,integer,16,16,0,16,0,0,1,f8290be9ab6cae08352c11cc19069c675ae452808d0c7467f6b00add1e4d22b6,Int32,pass
task_image_presentations,/intervals/image-set-im104_r_presentations,image_name,required,string,16,16,0,16,0,0,1,f8290be9ab6cae08352c11cc19069c675ae452808d0c7467f6b00add1e4d22b6,String,pass
task_image_presentations,/intervals/image-set-im104_r_presentations,is_change,required,boolean,16,16,0,16,0,0,1,f8290be9ab6cae08352c11cc19069c675ae452808d0c7467f6b00add1e4d22b6,Boolean,pass
task_image_presentations,/intervals/image-set-im104_r_presentations,is_image_novel,required,boolean,16,16,0,16,0,0,1,f8290be9ab6cae08352c11cc19069c675ae452808d0c7467f6b00add1e4d22b6,Boolean,pass
task_image_presentations,/intervals/image-set-im104_r_presentations,omitted,required,boolean,16,16,0,16,0,0,1,f8290be9ab6cae08352c11cc19069c675ae452808d0c7467f6b00add1e4d22b6,Boolean,pass
task_image_presentations,/intervals/image-set-im104_r_presentations,rewarded,required,boolean,16,16,0,16,0,0,1,f8290be9ab6cae08352c11cc19069c675ae452808d0c7467f6b00add1e4d22b6,Boolean,pass
task_image_presentations,/intervals/image-set-im104_r_presentations,start_frame,required,integer,16,16,0,16,0,0,1,f8290be9ab6cae08352c11cc19069c675ae452808d0c7467f6b00add1e4d22b6,Int32,pass
task_image_presentations,/intervals/image-set-im104_r_presentations,start_time,required,numeric,16,16,0,16,0,0,1,f8290be9ab6cae08352c11cc19069c675ae452808d0c7467f6b00add1e4d22b6,Float64,pass
task_image_presentations,/intervals/image-set-im104_r_presentations,stimulus_block,required,integer,16,16,0,16,0,0,1,f8290be9ab6cae08352c11cc19069c675ae452808d0c7467f6b00add1e4d22b6,Int32,pass
task_image_presentations,/intervals/image-set-im104_r_presentations,stimulus_name,optional,string,16,16,0,16,0,0,1,f8290be9ab6cae08352c11cc19069c675ae452808d0c7467f6b00add1e4d22b6,String,pass
task_image_presentations,/intervals/image-set-im104_r_presentations,stop_time,required,numeric,16,16,0,16,0,0,1,f8290be9ab6cae08352c11cc19069c675ae452808d0c7467f6b00add1e4d22b6,Float64,pass
task_image_presentations,/intervals/image-set-im104_r_presentations,tags,unexpected,,16,16,0,0,16,0,1,f8290be9ab6cae08352c11cc19069c675ae452808d0c7467f6b00add1e4d22b6,List(String),dtype_incompatible
task_image_presentations,/intervals/image-set-im104_r_presentations,timeseries,unexpected,,16,16,0,0,16,0,1,f8290be9ab6cae08352c11cc19069c675ae452808d0c7467f6b00add1e4d22b6,List(Object),dtype_incompatible
task_image_presentations,/intervals/image-set-im114_r_presentations,active,required,boolean,16,16,0,16,0,0,1,f8290be9ab6cae08352c11cc19069c675ae452808d0c7467f6b00add1e4d22b6,Boolean,pass
task_image_presentations,/intervals/image-set-im114_r_presentations,duration,unexpected,,16,16,0,0,16,0,1,f8290be9ab6cae08352c11cc19069c675ae452808d0c7467f6b00add1e4d22b6,Float64,dtype_incompatible
task_image_presentations,/intervals/image-set-im114_r_presentations,end_frame,unexpected,,16,16,0,0,16,0,1,f8290be9ab6cae08352c11cc19069c675ae452808d0c7467f6b00add1e4d22b6,Int32,dtype_incompatible
task_image_presentations,/intervals/image-set-im114_r_presentations,flashes_since_change,required,numeric,16,16,0,16,0,0,1,f8290be9ab6cae08352c11cc19069c675ae452808d0c7467f6b00add1e4d22b6,Float64,pass
task_image_presentations,/intervals/image-set-im114_r_presentations,id,required,integer,16,16,0,16,0,0,1,f8290be9ab6cae08352c11cc19069c675ae452808d0c7467f6b00add1e4d22b6,Int32,pass
task_image_presentations,/intervals/image-set-im114_r_presentations,image_name,required,string,16,16,0,16,0,0,1,f8290be9ab6cae08352c11cc19069c675ae452808d0c7467f6b00add1e4d22b6,String,pass
task_image_presentations,/intervals/image-set-im114_r_presentations,is_change,required,boolean,16,16,0,16,0,0,1,f8290be9ab6cae08352c11cc19069c675ae452808d0c7467f6b00add1e4d22b6,Boolean,pass
task_image_presentations,/intervals/image-set-im114_r_presentations,is_image_novel,required,boolean,16,16,0,16,0,0,1,f8290be9ab6cae08352c11cc19069c675ae452808d0c7467f6b00add1e4d22b6,Boolean,pass
task_image_presentations,/intervals/image-set-im114_r_presentations,omitted,required,boolean,16,16,0,16,0,0,1,f8290be9ab6cae08352c11cc19069c675ae452808d0c7467f6b00add1e4d22b6,Boolean,pass
task_image_presentations,/intervals/image-set-im114_r_presentations,rewarded,required,boolean,16,16,0,16,0,0,1,f8290be9ab6cae08352c11cc19069c675ae452808d0c7467f6b00add1e4d22b6,Boolean,pass
task_image_presentations,/intervals/image-set-im114_r_presentations,start_frame,required,integer,16,16,0,16,0,0,1,f8290be9ab6cae08352c11cc19069c675ae452808d0c7467f6b00add1e4d22b6,Int32,pass
task_image_presentations,/intervals/image-set-im114_r_presentations,start_time,required,numeric,16,16,0,16,0,0,1,f8290be9ab6cae08352c11cc19069c675ae452808d0c7467f6b00add1e4d22b6,Float64,pass
task_image_presentations,/intervals/image-set-im114_r_presentations,stimulus_block,required,integer,16,16,0,16,0,0,1,f8290be9ab6cae08352c11cc19069c675ae452808d0c7467f6b00add1e4d22b6,Int32,pass
task_image_presentations,/intervals/image-set-im114_r_presentations,stimulus_name,optional,string,16,16,0,16,0,0,1,f8290be9ab6cae08352c11cc19069c675ae452808d0c7467f6b00add1e4d22b6,String,pass
task_image_presentations,/intervals/image-set-im114_r_presentations,stop_time,required,numeric,16,16,0,16,0,0,1,f8290be9ab6cae08352c11cc19069c675ae452808d0c7467f6b00add1e4d22b6,Float64,pass
task_image_presentations,/intervals/image-set-im114_r_presentations,tags,unexpected,,16,16,0,0,16,0,1,f8290be9ab6cae08352c11cc19069c675ae452808d0c7467f6b00add1e4d22b6,List(String),dtype_incompatible
task_image_presentations,/intervals/image-set-im114_r_presentations,timeseries,unexpected,,16,16,0,0,16,0,1,f8290be9ab6cae08352c11cc19069c675ae452808d0c7467f6b00add1e4d22b6,List(Object),dtype_incompatible
trials,/intervals/trials,aborted,required,boolean,99,99,0,99,0,0,2,086442ded83a17f0ee29ce7f402546125b8048ae1601dcff905bebe9e10a0a52;ad72beef082b74f8fa8b830b7c977fa4a55f3ea4476410a49aaf3f4cd2a2f8d4,Boolean,pass
trials,/intervals/trials,auto_rewarded,required,boolean,99,99,0,99,0,0,2,086442ded83a17f0ee29ce7f402546125b8048ae1601dcff905bebe9e10a0a52;ad72beef082b74f8fa8b830b7c977fa4a55f3ea4476410a49aaf3f4cd2a2f8d4,Boolean,pass
trials,/intervals/trials,catch,required,boolean,99,99,0,99,0,0,2,086442ded83a17f0ee29ce7f402546125b8048ae1601dcff905bebe9e10a0a52;ad72beef082b74f8fa8b830b7c977fa4a55f3ea4476410a49aaf3f4cd2a2f8d4,Boolean,pass
trials,/intervals/trials,change_frame,required,numeric,99,99,0,99,0,0,2,086442ded83a17f0ee29ce7f402546125b8048ae1601dcff905bebe9e10a0a52;ad72beef082b74f8fa8b830b7c977fa4a55f3ea4476410a49aaf3f4cd2a2f8d4,Float64,pass
trials,/intervals/trials,change_image_name,required,string,99,99,0,99,0,0,2,086442ded83a17f0ee29ce7f402546125b8048ae1601dcff905bebe9e10a0a52;ad72beef082b74f8fa8b830b7c977fa4a55f3ea4476410a49aaf3f4cd2a2f8d4,String,pass
trials,/intervals/trials,change_time,required,numeric,99,99,0,99,0,0,2,086442ded83a17f0ee29ce7f402546125b8048ae1601dcff905bebe9e10a0a52;ad72beef082b74f8fa8b830b7c977fa4a55f3ea4476410a49aaf3f4cd2a2f8d4,Float64,pass
trials,/intervals/trials,correct_reject,required,boolean,99,99,0,99,0,0,2,086442ded83a17f0ee29ce7f402546125b8048ae1601dcff905bebe9e10a0a52;ad72beef082b74f8fa8b830b7c977fa4a55f3ea4476410a49aaf3f4cd2a2f8d4,Boolean,pass
trials,/intervals/trials,false_alarm,required,boolean,99,99,0,99,0,0,2,086442ded83a17f0ee29ce7f402546125b8048ae1601dcff905bebe9e10a0a52;ad72beef082b74f8fa8b830b7c977fa4a55f3ea4476410a49aaf3f4cd2a2f8d4,Boolean,pass
trials,/intervals/trials,go,required,boolean,99,99,0,99,0,0,2,086442ded83a17f0ee29ce7f402546125b8048ae1601dcff905bebe9e10a0a52;ad72beef082b74f8fa8b830b7c977fa4a55f3ea4476410a49aaf3f4cd2a2f8d4,Boolean,pass
trials,/intervals/trials,hit,required,boolean,99,99,0,99,0,0,2,086442ded83a17f0ee29ce7f402546125b8048ae1601dcff905bebe9e10a0a52;ad72beef082b74f8fa8b830b7c977fa4a55f3ea4476410a49aaf3f4cd2a2f8d4,Boolean,pass
trials,/intervals/trials,id,required,integer,99,99,0,99,0,0,2,086442ded83a17f0ee29ce7f402546125b8048ae1601dcff905bebe9e10a0a52;ad72beef082b74f8fa8b830b7c977fa4a55f3ea4476410a49aaf3f4cd2a2f8d4,Int32,pass
trials,/intervals/trials,initial_image_name,required,string,99,99,0,99,0,0,2,086442ded83a17f0ee29ce7f402546125b8048ae1601dcff905bebe9e10a0a52;ad72beef082b74f8fa8b830b7c977fa4a55f3ea4476410a49aaf3f4cd2a2f8d4,String,pass
trials,/intervals/trials,is_change,required,boolean,99,99,0,99,0,0,2,086442ded83a17f0ee29ce7f402546125b8048ae1601dcff905bebe9e10a0a52;ad72beef082b74f8fa8b830b7c977fa4a55f3ea4476410a49aaf3f4cd2a2f8d4,Boolean,pass
trials,/intervals/trials,is_sham_change,optional,boolean,99,77,22,77,0,0,2,086442ded83a17f0ee29ce7f402546125b8048ae1601dcff905bebe9e10a0a52;ad72beef082b74f8fa8b830b7c977fa4a55f3ea4476410a49aaf3f4cd2a2f8d4,Boolean,optional_missing
trials,/intervals/trials,lick_times,required,list_numeric,99,99,0,99,0,0,2,086442ded83a17f0ee29ce7f402546125b8048ae1601dcff905bebe9e10a0a52;ad72beef082b74f8fa8b830b7c977fa4a55f3ea4476410a49aaf3f4cd2a2f8d4,List(Float64),pass
trials,/intervals/trials,miss,required,boolean,99,99,0,99,0,0,2,086442ded83a17f0ee29ce7f402546125b8048ae1601dcff905bebe9e10a0a52;ad72beef082b74f8fa8b830b7c977fa4a55f3ea4476410a49aaf3f4cd2a2f8d4,Boolean,pass
trials,/intervals/trials,no_reward_epoch,optional,boolean,99,77,22,77,0,0,2,086442ded83a17f0ee29ce7f402546125b8048ae1601dcff905bebe9e10a0a52;ad72beef082b74f8fa8b830b7c977fa4a55f3ea4476410a49aaf3f4cd2a2f8d4,Boolean,optional_missing
trials,/intervals/trials,omitted_reward,optional,boolean,99,77,22,77,0,0,2,086442ded83a17f0ee29ce7f402546125b8048ae1601dcff905bebe9e10a0a52;ad72beef082b74f8fa8b830b7c977fa4a55f3ea4476410a49aaf3f4cd2a2f8d4,Boolean,optional_missing
trials,/intervals/trials,response_latency,optional,numeric,99,99,0,99,0,0,2,086442ded83a17f0ee29ce7f402546125b8048ae1601dcff905bebe9e10a0a52;ad72beef082b74f8fa8b830b7c977fa4a55f3ea4476410a49aaf3f4cd2a2f8d4,Float64,pass
trials,/intervals/trials,response_time,unexpected,,99,99,0,0,99,0,2,086442ded83a17f0ee29ce7f402546125b8048ae1601dcff905bebe9e10a0a52;ad72beef082b74f8fa8b830b7c977fa4a55f3ea4476410a49aaf3f4cd2a2f8d4,Float64,dtype_incompatible
trials,/intervals/trials,reward_time,unexpected,,99,99,0,0,99,0,2,086442ded83a17f0ee29ce7f402546125b8048ae1601dcff905bebe9e10a0a52;ad72beef082b74f8fa8b830b7c977fa4a55f3ea4476410a49aaf3f4cd2a2f8d4,Float64,dtype_incompatible
trials,/intervals/trials,reward_volume,unexpected,,99,99,0,0,99,0,2,086442ded83a17f0ee29ce7f402546125b8048ae1601dcff905bebe9e10a0a52;ad72beef082b74f8fa8b830b7c977fa4a55f3ea4476410a49aaf3f4cd2a2f8d4,Float64,dtype_incompatible
trials,/intervals/trials,start_time,required,numeric,99,99,0,99,0,0,2,086442ded83a17f0ee29ce7f402546125b8048ae1601dcff905bebe9e10a0a52;ad72beef082b74f8fa8b830b7c977fa4a55f3ea4476410a49aaf3f4cd2a2f8d4,Float64,pass
trials,/intervals/trials,stop_time,required,numeric,99,99,0,99,0,0,2,086442ded83a17f0ee29ce7f402546125b8048ae1601dcff905bebe9e10a0a52;ad72beef082b74f8fa8b830b7c977fa4a55f3ea4476410a49aaf3f4cd2a2f8d4,Float64,pass
trials,/intervals/trials,trial_length,unexpected,,99,99,0,0,99,0,2,086442ded83a17f0ee29ce7f402546125b8048ae1601dcff905bebe9e10a0a52;ad72beef082b74f8fa8b830b7c977fa4a55f3ea4476410a49aaf3f4cd2a2f8d4,Float64,dtype_incompatible
units,/units,PT_ratio,unexpected,,99,99,0,0,99,0,1,1749b8f078e3694e5174fc7e75db6194af5a58410368ecea3ad185dba5589c3b,Float64,dtype_incompatible
units,/units,amplitude,unexpected,,99,99,0,0,99,0,1,1749b8f078e3694e5174fc7e75db6194af5a58410368ecea3ad185dba5589c3b,Float64,dtype_incompatible
units,/units,amplitude_cutoff,required,numeric,99,99,0,99,0,0,1,1749b8f078e3694e5174fc7e75db6194af5a58410368ecea3ad185dba5589c3b,Float64,pass
units,/units,cluster_id,unexpected,,99,99,0,0,99,0,1,1749b8f078e3694e5174fc7e75db6194af5a58410368ecea3ad185dba5589c3b,Int64,dtype_incompatible
units,/units,cumulative_drift,unexpected,,99,99,0,0,99,0,1,1749b8f078e3694e5174fc7e75db6194af5a58410368ecea3ad185dba5589c3b,Float64,dtype_incompatible
units,/units,d_prime,unexpected,,99,99,0,0,99,0,1,1749b8f078e3694e5174fc7e75db6194af5a58410368ecea3ad185dba5589c3b,Float64,dtype_incompatible
units,/units,id,required,integer,99,99,0,99,0,0,1,1749b8f078e3694e5174fc7e75db6194af5a58410368ecea3ad185dba5589c3b,Int32,pass
units,/units,isi_label,unexpected,,99,99,0,0,99,0,1,1749b8f078e3694e5174fc7e75db6194af5a58410368ecea3ad185dba5589c3b,String,dtype_incompatible
units,/units,isi_violations,required,numeric,99,99,0,99,0,0,1,1749b8f078e3694e5174fc7e75db6194af5a58410368ecea3ad185dba5589c3b,Float64,pass
units,/units,isolation_distance,unexpected,,99,99,0,0,99,0,1,1749b8f078e3694e5174fc7e75db6194af5a58410368ecea3ad185dba5589c3b,Float64,dtype_incompatible
units,/units,l_ratio,unexpected,,99,99,0,0,99,0,1,1749b8f078e3694e5174fc7e75db6194af5a58410368ecea3ad185dba5589c3b,Float64,dtype_incompatible
units,/units,local_index,unexpected,,99,99,0,0,99,0,1,1749b8f078e3694e5174fc7e75db6194af5a58410368ecea3ad185dba5589c3b,Int64,dtype_incompatible
units,/units,max_drift,unexpected,,99,99,0,0,99,0,1,1749b8f078e3694e5174fc7e75db6194af5a58410368ecea3ad185dba5589c3b,Float64,dtype_incompatible
units,/units,nn_hit_rate,unexpected,,99,99,0,0,99,0,1,1749b8f078e3694e5174fc7e75db6194af5a58410368ecea3ad185dba5589c3b,Float64,dtype_incompatible
units,/units,nn_miss_rate,unexpected,,99,99,0,0,99,0,1,1749b8f078e3694e5174fc7e75db6194af5a58410368ecea3ad185dba5589c3b,Float64,dtype_incompatible
units,/units,peak_channel_id,required,integer,99,99,0,99,0,0,1,1749b8f078e3694e5174fc7e75db6194af5a58410368ecea3ad185dba5589c3b,Int64,pass
units,/units,presence_ratio,optional,numeric,99,99,0,99,0,0,1,1749b8f078e3694e5174fc7e75db6194af5a58410368ecea3ad185dba5589c3b,Float64,pass
units,/units,quality,required,string,99,99,0,99,0,0,1,1749b8f078e3694e5174fc7e75db6194af5a58410368ecea3ad185dba5589c3b,String,pass
units,/units,recovery_slope,unexpected,,99,99,0,0,99,0,1,1749b8f078e3694e5174fc7e75db6194af5a58410368ecea3ad185dba5589c3b,Float64,dtype_incompatible
units,/units,repolarization_slope,unexpected,,99,99,0,0,99,0,1,1749b8f078e3694e5174fc7e75db6194af5a58410368ecea3ad185dba5589c3b,Float64,dtype_incompatible
units,/units,silhouette_score,unexpected,,99,99,0,0,99,0,1,1749b8f078e3694e5174fc7e75db6194af5a58410368ecea3ad185dba5589c3b,Float64,dtype_incompatible
units,/units,snr,optional,numeric,99,99,0,99,0,0,1,1749b8f078e3694e5174fc7e75db6194af5a58410368ecea3ad185dba5589c3b,Float64,pass
units,/units,spike_amplitudes,unexpected,,99,99,0,0,99,0,1,1749b8f078e3694e5174fc7e75db6194af5a58410368ecea3ad185dba5589c3b,List(Float64),dtype_incompatible
units,/units,spike_times,required,list_numeric,99,99,0,99,0,0,1,1749b8f078e3694e5174fc7e75db6194af5a58410368ecea3ad185dba5589c3b,List(Float64),pass
units,/units,spread,unexpected,,99,99,0,0,99,0,1,1749b8f078e3694e5174fc7e75db6194af5a58410368ecea3ad185dba5589c3b,Float64,dtype_incompatible
units,/units,structure_layer,optional,string,99,99,0,99,0,0,1,1749b8f078e3694e5174fc7e75db6194af5a58410368ecea3ad185dba5589c3b,String,pass
units,/units,velocity_above,unexpected,,99,99,0,0,99,0,1,1749b8f078e3694e5174fc7e75db6194af5a58410368ecea3ad185dba5589c3b,Float64,dtype_incompatible
units,/units,velocity_below,unexpected,,99,99,0,0,99,0,1,1749b8f078e3694e5174fc7e75db6194af5a58410368ecea3ad185dba5589c3b,Float64,dtype_incompatible
units,/units,waveform_duration,unexpected,,99,99,0,0,99,0,1,1749b8f078e3694e5174fc7e75db6194af5a58410368ecea3ad185dba5589c3b,Float64,dtype_incompatible
units,/units,waveform_mean,unexpected,,99,99,0,0,99,0,1,1749b8f078e3694e5174fc7e75db6194af5a58410368ecea3ad185dba5589c3b,"List(Array(Float64, shape=(82,)))",dtype_incompatible
